[INFO ] 2024-10-28 00:55:59.355 [TestNG-PoolService-3] LoggerLoad - In Hooks Class : Broswername = chrome
[INFO ] 2024-10-28 00:55:59.355 [TestNG-PoolService-6] LoggerLoad - In Hooks Class : Broswername = chrome
[INFO ] 2024-10-28 00:55:59.360 [TestNG-PoolService-1] LoggerLoad - In Hooks Class : Broswername = chrome
[INFO ] 2024-10-28 00:55:59.355 [TestNG-PoolService-7] LoggerLoad - In Hooks Class : Broswername = chrome
[INFO ] 2024-10-28 00:55:59.360 [TestNG-PoolService-5] LoggerLoad - In Hooks Class : Broswername = chrome
[INFO ] 2024-10-28 00:55:59.360 [TestNG-PoolService-8] LoggerLoad - In Hooks Class : Broswername = chrome
[INFO ] 2024-10-28 00:55:59.355 [TestNG-PoolService-2] LoggerLoad - In Hooks Class : Broswername = chrome
[INFO ] 2024-10-28 00:55:59.358 [TestNG-PoolService-4] LoggerLoad - In Hooks Class : Broswername = chrome
[INFO ] 2024-10-28 00:55:59.355 [TestNG-PoolService-9] LoggerLoad - In Hooks Class : Broswername = chrome
[INFO ] 2024-10-28 00:55:59.355 [TestNG-PoolService-10] LoggerLoad - In Hooks Class : Broswername = chrome
[INFO ] 2024-10-28 00:56:08.345 [TestNG-PoolService-3] LoggerLoad - Signed In user is in array page
[INFO ] 2024-10-28 00:56:08.360 [TestNG-PoolService-9] LoggerLoad - Signed In user is in array page
[INFO ] 2024-10-28 00:56:08.827 [TestNG-PoolService-2] LoggerLoad - Signed In user is in array page
[INFO ] 2024-10-28 00:56:09.059 [TestNG-PoolService-6] LoggerLoad - Signed In user is in array page
[INFO ] 2024-10-28 00:56:09.604 [TestNG-PoolService-5] LoggerLoad - Signed In user is in array page
[INFO ] 2024-10-28 00:56:09.609 [TestNG-PoolService-1] LoggerLoad - Signed In user is in array page
[INFO ] 2024-10-28 00:56:10.230 [TestNG-PoolService-10] LoggerLoad - Signed In user is in array page
[INFO ] 2024-10-28 00:56:10.460 [TestNG-PoolService-7] LoggerLoad - Signed In user is in array page
[INFO ] 2024-10-28 00:56:11.957 [TestNG-PoolService-8] LoggerLoad - Signed In user is in array page
[INFO ] 2024-10-28 00:56:13.219 [TestNG-PoolService-4] LoggerLoad - Signed In user is in array page
[INFO ] 2024-10-28 00:58:50.225 [TestNG-PoolService-7] LoggerLoad - In Hooks Class : Broswername = chrome
[INFO ] 2024-10-28 00:58:50.224 [TestNG-PoolService-4] LoggerLoad - In Hooks Class : Broswername = chrome
[INFO ] 2024-10-28 00:58:50.225 [TestNG-PoolService-2] LoggerLoad - In Hooks Class : Broswername = chrome
[INFO ] 2024-10-28 00:58:50.224 [TestNG-PoolService-3] LoggerLoad - In Hooks Class : Broswername = chrome
[INFO ] 2024-10-28 00:58:50.225 [TestNG-PoolService-8] LoggerLoad - In Hooks Class : Broswername = chrome
[INFO ] 2024-10-28 00:58:50.224 [TestNG-PoolService-10] LoggerLoad - In Hooks Class : Broswername = chrome
[INFO ] 2024-10-28 00:58:50.225 [TestNG-PoolService-1] LoggerLoad - In Hooks Class : Broswername = chrome
[INFO ] 2024-10-28 00:58:50.224 [TestNG-PoolService-9] LoggerLoad - In Hooks Class : Broswername = chrome
[INFO ] 2024-10-28 00:58:50.225 [TestNG-PoolService-6] LoggerLoad - In Hooks Class : Broswername = chrome
[INFO ] 2024-10-28 00:58:50.225 [TestNG-PoolService-5] LoggerLoad - In Hooks Class : Broswername = chrome
[INFO ] 2024-10-28 00:58:58.147 [TestNG-PoolService-3] LoggerLoad - Signed In user is in array page
[INFO ] 2024-10-28 00:58:58.365 [TestNG-PoolService-8] LoggerLoad - Signed In user is in array page
[INFO ] 2024-10-28 00:58:58.685 [TestNG-PoolService-4] LoggerLoad - Signed In user is in array page
[INFO ] 2024-10-28 00:58:58.963 [TestNG-PoolService-8] LoggerLoad - Page Title is : Practice Questions
[INFO ] 2024-10-28 00:58:58.983 [TestNG-PoolService-7] LoggerLoad - Signed In user is in array page
[INFO ] 2024-10-28 00:58:59.273 [TestNG-PoolService-2] LoggerLoad - Signed In user is in array page
[INFO ] 2024-10-28 00:58:59.532 [TestNG-PoolService-5] LoggerLoad - Signed In user is in array page
[INFO ] 2024-10-28 00:58:59.857 [TestNG-PoolService-6] LoggerLoad - Signed In user is in array page
[INFO ] 2024-10-28 00:59:00.086 [TestNG-PoolService-7] LoggerLoad - Page Title is : Practice Questions
[INFO ] 2024-10-28 00:59:00.411 [TestNG-PoolService-6] LoggerLoad - Page Title is : Practice Questions
[INFO ] 2024-10-28 00:59:03.075 [TestNG-PoolService-9] LoggerLoad - Signed In user is in array page
[INFO ] 2024-10-28 00:59:04.302 [TestNG-PoolService-9] LoggerLoad - Page Title is : Practice Questions
[INFO ] 2024-10-28 00:59:15.588 [TestNG-PoolService-1] LoggerLoad - In Hooks Class : Broswername = chrome
[INFO ] 2024-10-28 00:59:15.890 [TestNG-PoolService-3] LoggerLoad - In Array Page Text Editor
[INFO ] 2024-10-28 00:59:18.005 [TestNG-PoolService-10] LoggerLoad - In Hooks Class : Broswername = chrome
[INFO ] 2024-10-28 00:59:20.020 [TestNG-PoolService-4] LoggerLoad - In Array Page Text Editor
[INFO ] 2024-10-28 00:59:23.121 [TestNG-PoolService-2] LoggerLoad - In Array Page Text Editor
[INFO ] 2024-10-28 00:59:25.272 [TestNG-PoolService-5] LoggerLoad - In Array Page Text Editor
[INFO ] 2024-10-28 00:59:30.349 [TestNG-PoolService-3] LoggerLoad - In Array Page Text Editor
[INFO ] 2024-10-28 00:59:36.935 [TestNG-PoolService-4] LoggerLoad - In Array Page Text Editor
[INFO ] 2024-10-28 00:59:37.028 [TestNG-PoolService-9] LoggerLoad - Python code
[INFO ] 2024-10-28 00:59:39.624 [TestNG-PoolService-1] LoggerLoad - In Hooks Class : Broswername = chrome
[INFO ] 2024-10-28 00:59:40.379 [TestNG-PoolService-10] LoggerLoad - In Hooks Class : Broswername = chrome
[INFO ] 2024-10-28 00:59:40.702 [TestNG-PoolService-9] LoggerLoad - Page Title is : Assessment
[INFO ] 2024-10-28 00:59:41.672 [TestNG-PoolService-2] LoggerLoad - In Array Page Text Editor
[INFO ] 2024-10-28 00:59:41.735 [TestNG-PoolService-5] LoggerLoad - In Array Page Text Editor
[INFO ] 2024-10-28 00:59:42.394 [TestNG-PoolService-8] LoggerLoad - Python code
[INFO ] 2024-10-28 00:59:42.522 [TestNG-PoolService-6] LoggerLoad - Python code
[INFO ] 2024-10-28 00:59:43.853 [TestNG-PoolService-8] LoggerLoad - Page Title is : Assessment
[INFO ] 2024-10-28 00:59:43.991 [TestNG-PoolService-6] LoggerLoad - Page Title is : Assessment
[INFO ] 2024-10-28 00:59:44.189 [TestNG-PoolService-7] LoggerLoad - Python code
[INFO ] 2024-10-28 00:59:44.349 [TestNG-PoolService-10] LoggerLoad - Signed In user is in array page
[INFO ] 2024-10-28 00:59:44.663 [TestNG-PoolService-7] LoggerLoad - Page Title is : Assessment
[INFO ] 2024-10-28 00:59:50.728 [TestNG-PoolService-2] LoggerLoad - In Hooks Class : Broswername = chrome
[INFO ] 2024-10-28 00:59:50.798 [TestNG-PoolService-4] LoggerLoad - In Hooks Class : Broswername = chrome
[INFO ] 2024-10-28 00:59:51.358 [TestNG-PoolService-9] LoggerLoad - In Hooks Class : Broswername = chrome
[INFO ] 2024-10-28 00:59:52.354 [TestNG-PoolService-5] LoggerLoad - In Hooks Class : Broswername = chrome
[INFO ] 2024-10-28 01:00:03.163 [TestNG-PoolService-8] LoggerLoad - In Hooks Class : Broswername = chrome
[INFO ] 2024-10-28 01:00:03.166 [TestNG-PoolService-6] LoggerLoad - In Hooks Class : Broswername = chrome
[INFO ] 2024-10-28 01:00:05.426 [TestNG-PoolService-10] LoggerLoad - In Hooks Class : Broswername = chrome
[INFO ] 2024-10-28 01:00:06.307 [TestNG-PoolService-7] LoggerLoad - In Hooks Class : Broswername = chrome
[INFO ] 2024-10-28 01:00:10.940 [TestNG-PoolService-3] LoggerLoad - In Hooks Class : Broswername = chrome
[INFO ] 2024-10-28 01:00:15.369 [TestNG-PoolService-1] LoggerLoad - In Hooks Class : Broswername = chrome
[INFO ] 2024-10-28 01:00:28.124 [TestNG-PoolService-8] LoggerLoad - Signed In user is in array page
[INFO ] 2024-10-28 01:00:28.892 [TestNG-PoolService-1] LoggerLoad - Signed In user is in array page
[INFO ] 2024-10-28 01:00:32.126 [TestNG-PoolService-4] LoggerLoad - Signed In user is in array page
[INFO ] 2024-10-28 01:00:35.152 [TestNG-PoolService-5] LoggerLoad - Signed In user is in array page
[INFO ] 2024-10-28 01:00:35.838 [TestNG-PoolService-9] LoggerLoad - Signed In user is in array page
[INFO ] 2024-10-28 01:00:36.883 [TestNG-PoolService-6] LoggerLoad - Signed In user is in array page
[INFO ] 2024-10-28 01:00:39.315 [TestNG-PoolService-10] LoggerLoad - Signed In user is in array page
[INFO ] 2024-10-28 01:00:40.881 [TestNG-PoolService-7] LoggerLoad - Signed In user is in array page
[INFO ] 2024-10-28 01:00:41.234 [TestNG-PoolService-3] LoggerLoad - In Hooks Class : Broswername = chrome
[INFO ] 2024-10-28 01:00:44.427 [TestNG-PoolService-2] LoggerLoad - Signed In user is in array page
[INFO ] 2024-10-28 01:00:45.238 [TestNG-PoolService-3] LoggerLoad - Signed In user is in array page
[INFO ] 2024-10-28 01:00:52.890 [TestNG-PoolService-3] LoggerLoad - In Hooks Class : Broswername = chrome
[INFO ] 2024-10-28 01:00:57.002 [TestNG-PoolService-3] LoggerLoad - Signed In user is in array page
[INFO ] 2024-10-28 01:00:58.817 [TestNG-PoolService-8] LoggerLoad - In Hooks Class : Broswername = chrome
[INFO ] 2024-10-28 01:00:59.449 [TestNG-PoolService-9] LoggerLoad - In Hooks Class : Broswername = chrome
[INFO ] 2024-10-28 01:01:00.065 [TestNG-PoolService-5] LoggerLoad - In Hooks Class : Broswername = chrome
[INFO ] 2024-10-28 01:01:00.531 [TestNG-PoolService-4] LoggerLoad - In Hooks Class : Broswername = chrome
[INFO ] 2024-10-28 01:01:00.557 [TestNG-PoolService-1] LoggerLoad - In Hooks Class : Broswername = chrome
[INFO ] 2024-10-28 01:01:03.144 [TestNG-PoolService-8] LoggerLoad - Signed In user is in array page
[INFO ] 2024-10-28 01:01:03.489 [TestNG-PoolService-9] LoggerLoad - Signed In user is in array page
[INFO ] 2024-10-28 01:01:03.964 [TestNG-PoolService-2] LoggerLoad - In Hooks Class : Broswername = chrome
[INFO ] 2024-10-28 01:01:04.441 [TestNG-PoolService-4] LoggerLoad - Signed In user is in array page
[INFO ] 2024-10-28 01:01:06.963 [TestNG-PoolService-2] LoggerLoad - Signed In user is in array page
[INFO ] 2024-10-28 01:01:07.023 [TestNG-PoolService-5] LoggerLoad - Signed In user is in array page
[INFO ] 2024-10-28 01:01:07.226 [TestNG-PoolService-1] LoggerLoad - Signed In user is in array page
[INFO ] 2024-10-28 01:01:20.781 [TestNG-PoolService-4] LoggerLoad - In Hooks Class : Broswername = chrome
[INFO ] 2024-10-28 01:01:21.527 [TestNG-PoolService-7] LoggerLoad - In Hooks Class : Broswername = chrome
[INFO ] 2024-10-28 01:01:21.644 [TestNG-PoolService-6] LoggerLoad - In Hooks Class : Broswername = chrome
[INFO ] 2024-10-28 01:01:21.895 [TestNG-PoolService-5] LoggerLoad - In Hooks Class : Broswername = chrome
[INFO ] 2024-10-28 01:01:22.307 [TestNG-PoolService-10] LoggerLoad - In Hooks Class : Broswername = chrome
[INFO ] 2024-10-28 01:01:22.645 [TestNG-PoolService-3] LoggerLoad - In Hooks Class : Broswername = chrome
[INFO ] 2024-10-28 01:01:24.831 [TestNG-PoolService-4] LoggerLoad - Signed In user is in array page
[INFO ] 2024-10-28 01:01:25.928 [TestNG-PoolService-6] LoggerLoad - Signed In user is in array page
[INFO ] 2024-10-28 01:01:26.030 [TestNG-PoolService-9] LoggerLoad - In Hooks Class : Broswername = chrome
[INFO ] 2024-10-28 01:01:26.973 [TestNG-PoolService-5] LoggerLoad - Signed In user is in array page
[INFO ] 2024-10-28 01:01:28.389 [TestNG-PoolService-10] LoggerLoad - Signed In user is in array page
[INFO ] 2024-10-28 01:01:28.576 [TestNG-PoolService-7] LoggerLoad - Signed In user is in array page
[INFO ] 2024-10-28 01:01:28.809 [TestNG-PoolService-3] LoggerLoad - Signed In user is in array page
[INFO ] 2024-10-28 01:01:29.305 [TestNG-PoolService-9] LoggerLoad - Signed In user is in array page
[INFO ] 2024-10-28 01:01:34.372 [TestNG-PoolService-8] LoggerLoad - In Hooks Class : Broswername = chrome
[INFO ] 2024-10-28 01:01:38.345 [TestNG-PoolService-8] LoggerLoad - Signed In user is in array page
[INFO ] 2024-10-28 01:01:40.623 [TestNG-PoolService-1] LoggerLoad - In Hooks Class : Broswername = chrome
[INFO ] 2024-10-28 01:01:43.829 [TestNG-PoolService-6] LoggerLoad - In Hooks Class : Broswername = chrome
[INFO ] 2024-10-28 01:01:44.514 [TestNG-PoolService-9] LoggerLoad - In Hooks Class : Broswername = chrome
[INFO ] 2024-10-28 01:01:48.239 [TestNG-PoolService-7] LoggerLoad - In Hooks Class : Broswername = chrome
[INFO ] 2024-10-28 01:01:49.042 [TestNG-PoolService-3] LoggerLoad - In Hooks Class : Broswername = chrome
[INFO ] 2024-10-28 01:01:49.099 [TestNG-PoolService-4] LoggerLoad - In Hooks Class : Broswername = chrome
[INFO ] 2024-10-28 01:01:50.491 [TestNG-PoolService-6] LoggerLoad - Signed In user is in array page
[INFO ] 2024-10-28 01:01:51.207 [TestNG-PoolService-1] LoggerLoad - Signed In user is in array page
[INFO ] 2024-10-28 01:01:51.517 [TestNG-PoolService-2] LoggerLoad - In Hooks Class : Broswername = chrome
[INFO ] 2024-10-28 01:01:52.627 [TestNG-PoolService-9] LoggerLoad - Signed In user is in array page
[INFO ] 2024-10-28 01:01:53.501 [TestNG-PoolService-7] LoggerLoad - Signed In user is in array page
[INFO ] 2024-10-28 01:01:54.031 [TestNG-PoolService-3] LoggerLoad - Signed In user is in array page
[INFO ] 2024-10-28 01:01:54.162 [TestNG-PoolService-4] LoggerLoad - Signed In user is in array page
[INFO ] 2024-10-28 01:01:55.523 [TestNG-PoolService-2] LoggerLoad - Signed In user is in array page
[INFO ] 2024-10-28 01:02:15.852 [TestNG-PoolService-8] LoggerLoad - In Hooks Class : Broswername = chrome
[INFO ] 2024-10-28 01:02:16.493 [TestNG-PoolService-6] LoggerLoad - In Hooks Class : Broswername = chrome
[INFO ] 2024-10-28 01:02:16.559 [TestNG-PoolService-2] LoggerLoad - In Hooks Class : Broswername = chrome
[INFO ] 2024-10-28 01:02:19.120 [TestNG-PoolService-10] LoggerLoad - In Hooks Class : Broswername = chrome
[INFO ] 2024-10-28 01:02:19.446 [TestNG-PoolService-9] LoggerLoad - In Hooks Class : Broswername = chrome
[INFO ] 2024-10-28 01:02:20.176 [TestNG-PoolService-4] LoggerLoad - In Hooks Class : Broswername = chrome
[INFO ] 2024-10-28 01:02:22.223 [TestNG-PoolService-2] LoggerLoad - Signed In user is in array page
[INFO ] 2024-10-28 01:02:23.563 [TestNG-PoolService-5] LoggerLoad - In Hooks Class : Broswername = chrome
[INFO ] 2024-10-28 01:02:23.835 [TestNG-PoolService-9] LoggerLoad - Signed In user is in array page
[INFO ] 2024-10-28 01:02:23.913 [TestNG-PoolService-8] LoggerLoad - Signed In user is in array page
[INFO ] 2024-10-28 01:02:24.106 [TestNG-PoolService-4] LoggerLoad - Signed In user is in array page
[INFO ] 2024-10-28 01:02:27.678 [TestNG-PoolService-10] LoggerLoad - Signed In user is in array page
[INFO ] 2024-10-28 01:02:31.767 [TestNG-PoolService-6] LoggerLoad - Signed In user is in array page
[INFO ] 2024-10-28 01:02:32.238 [TestNG-PoolService-5] LoggerLoad - Signed In user is in array page
[INFO ] 2024-10-28 01:02:38.066 [TestNG-PoolService-4] LoggerLoad - In Hooks Class : Broswername = chrome
[INFO ] 2024-10-28 01:02:40.583 [TestNG-PoolService-4] LoggerLoad - Signed In user is in array page
[INFO ] 2024-10-28 01:02:43.913 [TestNG-PoolService-10] LoggerLoad - In Hooks Class : Broswername = chrome
[INFO ] 2024-10-28 01:02:47.921 [TestNG-PoolService-10] LoggerLoad - Signed In user is in array page
[INFO ] 2024-10-28 01:02:48.912 [TestNG-PoolService-2] LoggerLoad - In Hooks Class : Broswername = chrome
[INFO ] 2024-10-28 01:02:49.878 [TestNG-PoolService-1] LoggerLoad - In Hooks Class : Broswername = chrome
[INFO ] 2024-10-28 01:02:49.920 [TestNG-PoolService-4] LoggerLoad - In Hooks Class : Broswername = chrome
[INFO ] 2024-10-28 01:02:50.118 [TestNG-PoolService-3] LoggerLoad - In Hooks Class : Broswername = chrome
[INFO ] 2024-10-28 01:03:02.123 [TestNG-PoolService-7] LoggerLoad - In Hooks Class : Broswername = chrome
[INFO ] 2024-10-28 01:03:03.829 [TestNG-PoolService-1] LoggerLoad - Signed In user is in array page
[INFO ] 2024-10-28 01:03:17.089 [TestNG-PoolService-8] LoggerLoad - In Hooks Class : Broswername = chrome
[INFO ] 2024-10-28 01:03:18.476 [TestNG-PoolService-9] LoggerLoad - In Hooks Class : Broswername = chrome
[INFO ] 2024-10-28 01:03:19.913 [TestNG-PoolService-8] LoggerLoad - Signed In user is in array page
[INFO ] 2024-10-28 01:03:27.468 [TestNG-PoolService-6] LoggerLoad - In Hooks Class : Broswername = chrome
[INFO ] 2024-10-28 01:03:31.697 [TestNG-PoolService-4] LoggerLoad - Signed In user is in array page
[INFO ] 2024-10-28 01:03:34.098 [TestNG-PoolService-9] LoggerLoad - Signed In user is in array page
[INFO ] 2024-10-28 01:03:35.367 [TestNG-PoolService-7] LoggerLoad - Signed In user is in array page
[INFO ] 2024-10-28 01:03:35.841 [TestNG-PoolService-2] LoggerLoad - Signed In user is in array page
[INFO ] 2024-10-28 01:03:36.126 [TestNG-PoolService-3] LoggerLoad - Signed In user is in array page
[INFO ] 2024-10-28 01:03:40.950 [TestNG-PoolService-6] LoggerLoad - Signed In user is in array page
[INFO ] 2024-10-28 01:03:41.280 [TestNG-PoolService-10] LoggerLoad - In Hooks Class : Broswername = chrome
[INFO ] 2024-10-28 01:03:44.269 [TestNG-PoolService-10] LoggerLoad - Signed In user is in array page
[INFO ] 2024-10-28 01:03:52.401 [TestNG-PoolService-5] LoggerLoad - In Hooks Class : Broswername = chrome
[INFO ] 2024-10-28 01:03:57.788 [TestNG-PoolService-2] LoggerLoad - In Hooks Class : Broswername = chrome
[INFO ] 2024-10-28 01:03:57.849 [TestNG-PoolService-4] LoggerLoad - In Hooks Class : Broswername = chrome
[INFO ] 2024-10-28 01:03:57.850 [TestNG-PoolService-8] LoggerLoad - In Hooks Class : Broswername = chrome
[INFO ] 2024-10-28 01:03:58.670 [TestNG-PoolService-1] LoggerLoad - In Hooks Class : Broswername = chrome
[INFO ] 2024-10-28 01:04:01.562 [TestNG-PoolService-3] LoggerLoad - In Hooks Class : Broswername = chrome
[INFO ] 2024-10-28 01:04:01.848 [TestNG-PoolService-9] LoggerLoad - In Hooks Class : Broswername = chrome
[INFO ] 2024-10-28 01:04:02.409 [TestNG-PoolService-8] LoggerLoad - Signed In user is in array page
[INFO ] 2024-10-28 01:04:04.041 [TestNG-PoolService-5] LoggerLoad - Signed In user is in array page
[INFO ] 2024-10-28 01:04:14.123 [TestNG-PoolService-6] LoggerLoad - In Hooks Class : Broswername = chrome
[INFO ] 2024-10-28 01:04:14.309 [TestNG-PoolService-10] LoggerLoad - In Hooks Class : Broswername = chrome
[INFO ] 2024-10-28 01:04:15.800 [TestNG-PoolService-2] LoggerLoad - In Hooks Class : Broswername = chrome
[INFO ] 2024-10-28 01:04:16.412 [TestNG-PoolService-3] LoggerLoad - In Hooks Class : Broswername = chrome
[INFO ] 2024-10-28 01:04:18.435 [TestNG-PoolService-7] LoggerLoad - In Hooks Class : Broswername = chrome
[INFO ] 2024-10-28 01:04:19.709 [TestNG-PoolService-4] LoggerLoad - In Hooks Class : Broswername = chrome
[INFO ] 2024-10-28 01:04:20.330 [TestNG-PoolService-1] LoggerLoad - In Hooks Class : Broswername = chrome
[INFO ] 2024-10-28 01:04:23.678 [TestNG-PoolService-1] LoggerLoad - Signed In user is in array page
[INFO ] 2024-10-28 01:04:31.356 [TestNG-PoolService-1] LoggerLoad - In Hooks Class : Broswername = chrome
[INFO ] 2024-10-28 01:04:37.450 [TestNG-PoolService-7] LoggerLoad - In Hooks Class : Broswername = chrome
[INFO ] 2024-10-28 01:04:37.684 [TestNG-PoolService-6] LoggerLoad - In Hooks Class : Broswername = chrome
[INFO ] 2024-10-28 01:04:37.692 [TestNG-PoolService-10] LoggerLoad - In Hooks Class : Broswername = chrome
[INFO ] 2024-10-28 01:04:38.322 [TestNG-PoolService-2] LoggerLoad - In Hooks Class : Broswername = chrome
[INFO ] 2024-10-28 01:04:38.744 [TestNG-PoolService-8] LoggerLoad - In Hooks Class : Broswername = chrome
[INFO ] 2024-10-28 01:04:39.301 [TestNG-PoolService-5] LoggerLoad - In Hooks Class : Broswername = chrome
[INFO ] 2024-10-28 01:04:51.081 [TestNG-PoolService-4] LoggerLoad - In Hooks Class : Broswername = chrome
[INFO ] 2024-10-28 01:05:02.805 [TestNG-PoolService-9] LoggerLoad - In Hooks Class : Broswername = chrome
[INFO ] 2024-10-28 01:05:08.478 [TestNG-PoolService-3] LoggerLoad - In Hooks Class : Broswername = chrome
[INFO ] 2024-10-28 01:05:16.250 [TestNG-PoolService-2] LoggerLoad - Signed In user is in array page
[INFO ] 2024-10-28 01:05:22.888 [TestNG-PoolService-9] LoggerLoad - Signed In user is in array page
[INFO ] 2024-10-28 01:05:28.901 [TestNG-PoolService-1] LoggerLoad - Signed In user is in array page
[INFO ] 2024-10-28 01:05:30.202 [TestNG-PoolService-6] LoggerLoad - Signed In user is in array page
[INFO ] 2024-10-28 01:05:31.331 [TestNG-PoolService-7] LoggerLoad - Signed In user is in array page
[INFO ] 2024-10-28 01:05:32.166 [TestNG-PoolService-10] LoggerLoad - Signed In user is in array page
[INFO ] 2024-10-28 01:05:32.803 [TestNG-PoolService-8] LoggerLoad - Signed In user is in array page
[INFO ] 2024-10-28 01:05:33.486 [TestNG-PoolService-3] LoggerLoad - Signed In user is in array page
[INFO ] 2024-10-28 01:05:34.430 [TestNG-PoolService-4] LoggerLoad - Signed In user is in array page
[INFO ] 2024-10-28 01:05:34.980 [TestNG-PoolService-5] LoggerLoad - Signed In user is in array page
[INFO ] 2024-10-28 01:05:44.996 [TestNG-PoolService-1] LoggerLoad - In Hooks Class : Broswername = chrome
[INFO ] 2024-10-28 01:05:45.196 [TestNG-PoolService-7] LoggerLoad - In Hooks Class : Broswername = chrome
[INFO ] 2024-10-28 01:05:49.673 [TestNG-PoolService-2] LoggerLoad - In Hooks Class : Broswername = chrome
[INFO ] 2024-10-28 01:05:49.725 [TestNG-PoolService-1] LoggerLoad - Signed In user is in array page
[INFO ] 2024-10-28 01:05:49.799 [TestNG-PoolService-6] LoggerLoad - In Hooks Class : Broswername = chrome
[INFO ] 2024-10-28 01:05:50.188 [TestNG-PoolService-4] LoggerLoad - In Hooks Class : Broswername = chrome
[INFO ] 2024-10-28 01:05:52.763 [TestNG-PoolService-10] LoggerLoad - In Hooks Class : Broswername = chrome
[INFO ] 2024-10-28 01:05:53.003 [TestNG-PoolService-9] LoggerLoad - In Hooks Class : Broswername = chrome
[INFO ] 2024-10-28 01:05:56.463 [TestNG-PoolService-7] LoggerLoad - Signed In user is in array page
[INFO ] 2024-10-28 01:05:57.250 [TestNG-PoolService-10] LoggerLoad - Signed In user is in array page
[INFO ] 2024-10-28 01:05:57.846 [TestNG-PoolService-2] LoggerLoad - Signed In user is in array page
[INFO ] 2024-10-28 01:05:57.946 [TestNG-PoolService-4] LoggerLoad - Signed In user is in array page
[INFO ] 2024-10-28 01:05:58.382 [TestNG-PoolService-9] LoggerLoad - Signed In user is in array page
[INFO ] 2024-10-28 01:05:58.906 [TestNG-PoolService-6] LoggerLoad - Signed In user is in array page
[INFO ] 2024-10-28 01:06:14.541 [TestNG-PoolService-5] LoggerLoad - In Hooks Class : Broswername = chrome
[INFO ] 2024-10-28 01:06:25.037 [TestNG-PoolService-8] LoggerLoad - In Hooks Class : Broswername = chrome
[INFO ] 2024-10-28 01:06:25.038 [TestNG-PoolService-3] LoggerLoad - In Hooks Class : Broswername = chrome
[INFO ] 2024-10-28 01:06:26.799 [TestNG-PoolService-1] LoggerLoad - In Hooks Class : Broswername = chrome
[INFO ] 2024-10-28 01:06:26.973 [TestNG-PoolService-4] LoggerLoad - In Hooks Class : Broswername = chrome
[INFO ] 2024-10-28 01:06:27.943 [TestNG-PoolService-9] LoggerLoad - In Hooks Class : Broswername = chrome
[INFO ] 2024-10-28 01:06:30.579 [TestNG-PoolService-10] LoggerLoad - In Hooks Class : Broswername = chrome
[INFO ] 2024-10-28 01:06:33.825 [TestNG-PoolService-9] LoggerLoad - Signed In user is in array page
[INFO ] 2024-10-28 01:06:34.929 [TestNG-PoolService-4] LoggerLoad - Signed In user is in array page
[INFO ] 2024-10-28 01:06:36.383 [TestNG-PoolService-8] LoggerLoad - Signed In user is in array page
[INFO ] 2024-10-28 01:06:36.800 [TestNG-PoolService-1] LoggerLoad - Signed In user is in array page
[INFO ] 2024-10-28 01:06:36.810 [TestNG-PoolService-3] LoggerLoad - Signed In user is in array page
[INFO ] 2024-10-28 01:06:37.392 [TestNG-PoolService-5] LoggerLoad - Signed In user is in array page
[INFO ] 2024-10-28 01:06:44.352 [TestNG-PoolService-10] LoggerLoad - Signed In user is in array page
[INFO ] 2024-10-28 01:07:01.245 [TestNG-PoolService-9] LoggerLoad - In Hooks Class : Broswername = chrome
[INFO ] 2024-10-28 01:07:01.615 [TestNG-PoolService-10] LoggerLoad - In Hooks Class : Broswername = chrome
[INFO ] 2024-10-28 01:07:04.263 [TestNG-PoolService-5] LoggerLoad - In Hooks Class : Broswername = chrome
[INFO ] 2024-10-28 01:07:05.587 [TestNG-PoolService-8] LoggerLoad - In Hooks Class : Broswername = chrome
[INFO ] 2024-10-28 01:07:07.826 [TestNG-PoolService-3] LoggerLoad - In Hooks Class : Broswername = chrome
[INFO ] 2024-10-28 01:07:07.973 [TestNG-PoolService-6] LoggerLoad - In Hooks Class : Broswername = chrome
[INFO ] 2024-10-28 01:07:08.062 [TestNG-PoolService-2] LoggerLoad - In Hooks Class : Broswername = chrome
[INFO ] 2024-10-28 01:07:09.201 [TestNG-PoolService-4] LoggerLoad - In Hooks Class : Broswername = chrome
[INFO ] 2024-10-28 01:07:09.222 [TestNG-PoolService-7] LoggerLoad - In Hooks Class : Broswername = chrome
[INFO ] 2024-10-28 01:07:10.088 [TestNG-PoolService-1] LoggerLoad - In Hooks Class : Broswername = chrome
[INFO ] 2024-10-28 01:07:12.969 [TestNG-PoolService-2] LoggerLoad - Signed In user is in array page
[INFO ] 2024-10-28 01:07:12.978 [TestNG-PoolService-10] LoggerLoad - Signed In user is in array page
[INFO ] 2024-10-28 01:07:13.295 [TestNG-PoolService-9] LoggerLoad - Signed In user is in array page
[INFO ] 2024-10-28 01:07:14.472 [TestNG-PoolService-3] LoggerLoad - Signed In user is in array page
[INFO ] 2024-10-28 01:07:14.518 [TestNG-PoolService-8] LoggerLoad - Signed In user is in array page
[INFO ] 2024-10-28 01:07:14.931 [TestNG-PoolService-6] LoggerLoad - Signed In user is in array page
[INFO ] 2024-10-28 01:07:15.208 [TestNG-PoolService-7] LoggerLoad - Signed In user is in array page
[INFO ] 2024-10-28 01:07:16.190 [TestNG-PoolService-5] LoggerLoad - Signed In user is in array page
[INFO ] 2024-10-28 01:07:16.215 [TestNG-PoolService-4] LoggerLoad - Signed In user is in array page
[INFO ] 2024-10-28 01:07:16.549 [TestNG-PoolService-1] LoggerLoad - Signed In user is in array page
[INFO ] 2024-10-28 01:07:40.999 [TestNG-PoolService-2] LoggerLoad - In Hooks Class : Broswername = chrome
[INFO ] 2024-10-28 01:07:43.594 [TestNG-PoolService-2] LoggerLoad - Signed In user is in array page
[INFO ] 2024-10-28 01:07:48.455 [TestNG-PoolService-10] LoggerLoad - In Hooks Class : Broswername = chrome
[INFO ] 2024-10-28 01:07:50.864 [TestNG-PoolService-7] LoggerLoad - In Hooks Class : Broswername = chrome
[INFO ] 2024-10-28 01:07:50.887 [TestNG-PoolService-5] LoggerLoad - In Hooks Class : Broswername = chrome
[INFO ] 2024-10-28 01:07:50.945 [TestNG-PoolService-8] LoggerLoad - In Hooks Class : Broswername = chrome
[INFO ] 2024-10-28 01:08:13.583 [TestNG-PoolService-10] LoggerLoad - Signed In user is in array page
[INFO ] 2024-10-28 01:08:13.695 [TestNG-PoolService-3] LoggerLoad - In Hooks Class : Broswername = chrome
[INFO ] 2024-10-28 01:08:16.024 [TestNG-PoolService-6] LoggerLoad - In Hooks Class : Broswername = chrome
[INFO ] 2024-10-28 01:08:17.302 [TestNG-PoolService-9] LoggerLoad - In Hooks Class : Broswername = chrome
[INFO ] 2024-10-28 01:08:17.675 [TestNG-PoolService-3] LoggerLoad - Signed In user is in array page
[INFO ] 2024-10-28 01:08:22.647 [TestNG-PoolService-7] LoggerLoad - Signed In user is in array page
[INFO ] 2024-10-28 01:08:31.363 [TestNG-PoolService-6] LoggerLoad - Signed In user is in array page
[INFO ] 2024-10-28 01:08:34.027 [TestNG-PoolService-5] LoggerLoad - Signed In user is in array page
[INFO ] 2024-10-28 01:08:36.214 [TestNG-PoolService-9] LoggerLoad - Signed In user is in array page
[INFO ] 2024-10-28 01:08:37.978 [TestNG-PoolService-8] LoggerLoad - Signed In user is in array page
[INFO ] 2024-10-28 01:08:49.197 [TestNG-PoolService-4] LoggerLoad - In Hooks Class : Broswername = chrome
[INFO ] 2024-10-28 01:08:52.261 [TestNG-PoolService-1] LoggerLoad - In Hooks Class : Broswername = chrome
[INFO ] 2024-10-28 01:08:53.467 [TestNG-PoolService-6] LoggerLoad - In Hooks Class : Broswername = chrome
[INFO ] 2024-10-28 01:08:54.363 [TestNG-PoolService-3] LoggerLoad - In Hooks Class : Broswername = chrome
[INFO ] 2024-10-28 01:08:54.443 [TestNG-PoolService-10] LoggerLoad - In Hooks Class : Broswername = chrome
[INFO ] 2024-10-28 01:08:56.384 [TestNG-PoolService-1] LoggerLoad - Signed In user is in array page
[INFO ] 2024-10-28 01:08:57.345 [TestNG-PoolService-6] LoggerLoad - Signed In user is in array page
[INFO ] 2024-10-28 01:08:57.745 [TestNG-PoolService-4] LoggerLoad - Signed In user is in array page
[INFO ] 2024-10-28 01:08:58.186 [TestNG-PoolService-3] LoggerLoad - Signed In user is in array page
[INFO ] 2024-10-28 01:08:58.200 [TestNG-PoolService-10] LoggerLoad - Signed In user is in array page
[INFO ] 2024-10-28 01:09:00.252 [TestNG-PoolService-2] LoggerLoad - In Hooks Class : Broswername = chrome
[INFO ] 2024-10-28 01:09:04.605 [TestNG-PoolService-2] LoggerLoad - Signed In user is in array page
[INFO ] 2024-10-28 01:09:06.437 [TestNG-PoolService-7] LoggerLoad - In Hooks Class : Broswername = chrome
[INFO ] 2024-10-28 01:09:07.063 [TestNG-PoolService-5] LoggerLoad - In Hooks Class : Broswername = chrome
[INFO ] 2024-10-28 01:09:10.535 [TestNG-PoolService-7] LoggerLoad - Signed In user is in array page
[INFO ] 2024-10-28 01:09:12.897 [TestNG-PoolService-5] LoggerLoad - Signed In user is in array page
[INFO ] 2024-10-28 01:09:15.946 [TestNG-PoolService-9] LoggerLoad - In Hooks Class : Broswername = chrome
[INFO ] 2024-10-28 01:09:20.768 [TestNG-PoolService-9] LoggerLoad - Signed In user is in array page
[INFO ] 2024-10-28 01:09:21.515 [TestNG-PoolService-8] LoggerLoad - In Hooks Class : Broswername = chrome
[INFO ] 2024-10-28 01:09:22.489 [TestNG-PoolService-6] LoggerLoad - In Hooks Class : Broswername = chrome
[INFO ] 2024-10-28 01:09:22.960 [TestNG-PoolService-3] LoggerLoad - In Hooks Class : Broswername = chrome
[INFO ] 2024-10-28 01:09:25.337 [TestNG-PoolService-8] LoggerLoad - Signed In user is in array page
[INFO ] 2024-10-28 01:09:26.213 [TestNG-PoolService-6] LoggerLoad - Signed In user is in array page
[INFO ] 2024-10-28 01:09:26.370 [TestNG-PoolService-3] LoggerLoad - Signed In user is in array page
[INFO ] 2024-10-28 01:09:28.809 [TestNG-PoolService-1] LoggerLoad - In Hooks Class : Broswername = chrome
[INFO ] 2024-10-28 01:09:31.169 [TestNG-PoolService-1] LoggerLoad - Signed In user is in array page
[INFO ] 2024-10-28 01:17:50.219 [TestNG-PoolService-8] LoggerLoad - In Hooks Class : Broswername = chrome
[INFO ] 2024-10-28 01:17:50.219 [TestNG-PoolService-5] LoggerLoad - In Hooks Class : Broswername = chrome
[INFO ] 2024-10-28 01:17:50.219 [TestNG-PoolService-2] LoggerLoad - In Hooks Class : Broswername = chrome
[INFO ] 2024-10-28 01:17:50.219 [TestNG-PoolService-3] LoggerLoad - In Hooks Class : Broswername = chrome
[INFO ] 2024-10-28 01:17:50.219 [TestNG-PoolService-4] LoggerLoad - In Hooks Class : Broswername = chrome
[INFO ] 2024-10-28 01:17:50.219 [TestNG-PoolService-7] LoggerLoad - In Hooks Class : Broswername = chrome
[INFO ] 2024-10-28 01:17:50.219 [TestNG-PoolService-6] LoggerLoad - In Hooks Class : Broswername = chrome
[INFO ] 2024-10-28 01:17:50.219 [TestNG-PoolService-1] LoggerLoad - In Hooks Class : Broswername = chrome
[INFO ] 2024-10-28 01:17:50.219 [TestNG-PoolService-9] LoggerLoad - In Hooks Class : Broswername = chrome
[INFO ] 2024-10-28 01:17:50.219 [TestNG-PoolService-10] LoggerLoad - In Hooks Class : Broswername = chrome
[INFO ] 2024-10-28 01:17:56.966 [TestNG-PoolService-5] LoggerLoad - Signed In user is in array page
[INFO ] 2024-10-28 01:17:58.054 [TestNG-PoolService-6] LoggerLoad - Signed In user is in array page
[INFO ] 2024-10-28 01:17:58.656 [TestNG-PoolService-1] LoggerLoad - Signed In user is in array page
[INFO ] 2024-10-28 01:17:58.823 [TestNG-PoolService-10] LoggerLoad - Signed In user is in array page
[INFO ] 2024-10-28 01:17:59.090 [TestNG-PoolService-3] LoggerLoad - Signed In user is in array page
[INFO ] 2024-10-28 01:17:59.317 [TestNG-PoolService-2] LoggerLoad - Signed In user is in array page
[INFO ] 2024-10-28 01:18:01.235 [TestNG-PoolService-4] LoggerLoad - Signed In user is in array page
[INFO ] 2024-10-28 01:18:06.705 [TestNG-PoolService-9] LoggerLoad - Signed In user is in array page
[INFO ] 2024-10-28 01:18:06.707 [TestNG-PoolService-7] LoggerLoad - Signed In user is in array page
[INFO ] 2024-10-28 01:18:10.071 [TestNG-PoolService-8] LoggerLoad - Signed In user is in array page
[INFO ] 2024-10-28 01:21:40.586 [TestNG-PoolService-9] LoggerLoad - In Hooks Class : Broswername = chrome
[INFO ] 2024-10-28 01:21:40.616 [TestNG-PoolService-4] LoggerLoad - In Hooks Class : Broswername = chrome
[INFO ] 2024-10-28 01:21:40.586 [TestNG-PoolService-3] LoggerLoad - In Hooks Class : Broswername = chrome
[INFO ] 2024-10-28 01:21:40.586 [TestNG-PoolService-10] LoggerLoad - In Hooks Class : Broswername = chrome
[INFO ] 2024-10-28 01:21:40.586 [TestNG-PoolService-2] LoggerLoad - In Hooks Class : Broswername = chrome
[INFO ] 2024-10-28 01:21:40.586 [TestNG-PoolService-6] LoggerLoad - In Hooks Class : Broswername = chrome
[INFO ] 2024-10-28 01:21:40.586 [TestNG-PoolService-8] LoggerLoad - In Hooks Class : Broswername = chrome
[INFO ] 2024-10-28 01:21:40.586 [TestNG-PoolService-1] LoggerLoad - In Hooks Class : Broswername = chrome
[INFO ] 2024-10-28 01:21:40.586 [TestNG-PoolService-7] LoggerLoad - In Hooks Class : Broswername = chrome
[INFO ] 2024-10-28 01:21:40.586 [TestNG-PoolService-5] LoggerLoad - In Hooks Class : Broswername = chrome
[INFO ] 2024-10-28 01:21:47.797 [TestNG-PoolService-3] LoggerLoad - Signed In user is in array page
[INFO ] 2024-10-28 01:21:47.798 [TestNG-PoolService-10] LoggerLoad - Signed In user is in array page
[INFO ] 2024-10-28 01:21:49.215 [TestNG-PoolService-7] LoggerLoad - Signed In user is in array page
[INFO ] 2024-10-28 01:21:50.341 [TestNG-PoolService-4] LoggerLoad - Signed In user is in array page
[INFO ] 2024-10-28 01:21:50.782 [TestNG-PoolService-2] LoggerLoad - Signed In user is in array page
[INFO ] 2024-10-28 01:21:50.793 [TestNG-PoolService-1] LoggerLoad - Signed In user is in array page
[INFO ] 2024-10-28 01:21:50.797 [TestNG-PoolService-8] LoggerLoad - Signed In user is in array page
[INFO ] 2024-10-28 01:21:50.825 [TestNG-PoolService-6] LoggerLoad - Signed In user is in array page
[INFO ] 2024-10-28 01:21:51.211 [TestNG-PoolService-9] LoggerLoad - Signed In user is in array page
[INFO ] 2024-10-28 01:21:51.845 [TestNG-PoolService-5] LoggerLoad - Signed In user is in array page
[INFO ] 2024-10-28 01:21:59.715 [TestNG-PoolService-10] LoggerLoad - Signed In user is in array page
[INFO ] 2024-10-28 01:22:02.604 [TestNG-PoolService-6] LoggerLoad - Signed In user is in array page
[INFO ] 2024-10-28 01:22:02.733 [TestNG-PoolService-9] LoggerLoad - Signed In user is in array page
[INFO ] 2024-10-28 01:22:05.246 [TestNG-PoolService-5] LoggerLoad - Signed In user is in array page
[INFO ] 2024-10-28 01:23:43.568 [TestNG-PoolService-6] LoggerLoad - In Hooks Class : Broswername = chrome
[INFO ] 2024-10-28 01:23:43.568 [TestNG-PoolService-7] LoggerLoad - In Hooks Class : Broswername = chrome
[INFO ] 2024-10-28 01:23:43.568 [TestNG-PoolService-1] LoggerLoad - In Hooks Class : Broswername = chrome
[INFO ] 2024-10-28 01:23:43.568 [TestNG-PoolService-4] LoggerLoad - In Hooks Class : Broswername = chrome
[INFO ] 2024-10-28 01:23:43.568 [TestNG-PoolService-3] LoggerLoad - In Hooks Class : Broswername = chrome
[INFO ] 2024-10-28 01:23:43.568 [TestNG-PoolService-8] LoggerLoad - In Hooks Class : Broswername = chrome
[INFO ] 2024-10-28 01:23:43.568 [TestNG-PoolService-5] LoggerLoad - In Hooks Class : Broswername = chrome
[INFO ] 2024-10-28 01:23:43.568 [TestNG-PoolService-2] LoggerLoad - In Hooks Class : Broswername = chrome
[INFO ] 2024-10-28 01:23:43.568 [TestNG-PoolService-10] LoggerLoad - In Hooks Class : Broswername = chrome
[INFO ] 2024-10-28 01:23:43.568 [TestNG-PoolService-9] LoggerLoad - In Hooks Class : Broswername = chrome
[INFO ] 2024-10-28 01:23:50.477 [TestNG-PoolService-4] LoggerLoad - Signed In user is in array page
[INFO ] 2024-10-28 01:23:51.460 [TestNG-PoolService-10] LoggerLoad - Signed In user is in array page
[INFO ] 2024-10-28 01:23:51.631 [TestNG-PoolService-3] LoggerLoad - Signed In user is in array page
[INFO ] 2024-10-28 01:23:51.651 [TestNG-PoolService-2] LoggerLoad - Signed In user is in array page
[INFO ] 2024-10-28 01:23:51.852 [TestNG-PoolService-5] LoggerLoad - Signed In user is in array page
[INFO ] 2024-10-28 01:23:51.868 [TestNG-PoolService-9] LoggerLoad - Signed In user is in array page
[INFO ] 2024-10-28 01:23:52.017 [TestNG-PoolService-6] LoggerLoad - Signed In user is in array page
[INFO ] 2024-10-28 01:23:52.036 [TestNG-PoolService-1] LoggerLoad - Signed In user is in array page
[INFO ] 2024-10-28 01:23:55.425 [TestNG-PoolService-7] LoggerLoad - Signed In user is in array page
[INFO ] 2024-10-28 01:23:55.987 [TestNG-PoolService-8] LoggerLoad - Signed In user is in array page
[INFO ] 2024-10-28 01:24:07.635 [TestNG-PoolService-5] LoggerLoad - Valid and Invalid code validated
[INFO ] 2024-10-28 01:24:07.710 [TestNG-PoolService-10] LoggerLoad - Valid and Invalid code validated
[INFO ] 2024-10-28 01:24:07.737 [TestNG-PoolService-9] LoggerLoad - Valid and Invalid code validated
[INFO ] 2024-10-28 01:24:08.340 [TestNG-PoolService-6] LoggerLoad - Valid and Invalid code validated
[INFO ] 2024-10-28 23:57:02.486 [TestNG-PoolService-5] LoggerLoad - In Hooks Class : Broswername = chrome
[INFO ] 2024-10-28 23:57:02.486 [TestNG-PoolService-9] LoggerLoad - In Hooks Class : Broswername = chrome
[INFO ] 2024-10-28 23:57:02.486 [TestNG-PoolService-3] LoggerLoad - In Hooks Class : Broswername = chrome
[INFO ] 2024-10-28 23:57:02.486 [TestNG-PoolService-8] LoggerLoad - In Hooks Class : Broswername = chrome
[INFO ] 2024-10-28 23:57:02.486 [TestNG-PoolService-6] LoggerLoad - In Hooks Class : Broswername = chrome
[INFO ] 2024-10-28 23:57:02.486 [TestNG-PoolService-7] LoggerLoad - In Hooks Class : Broswername = chrome
[INFO ] 2024-10-28 23:57:02.486 [TestNG-PoolService-1] LoggerLoad - In Hooks Class : Broswername = chrome
[INFO ] 2024-10-28 23:57:02.486 [TestNG-PoolService-4] LoggerLoad - In Hooks Class : Broswername = chrome
[INFO ] 2024-10-28 23:57:02.486 [TestNG-PoolService-2] LoggerLoad - In Hooks Class : Broswername = chrome
[INFO ] 2024-10-28 23:57:02.486 [TestNG-PoolService-10] LoggerLoad - In Hooks Class : Broswername = chrome
[INFO ] 2024-10-28 23:57:10.730 [TestNG-PoolService-7] LoggerLoad - Signed In user is in array page
[INFO ] 2024-10-28 23:57:10.839 [TestNG-PoolService-8] LoggerLoad - Signed In user is in array page
[INFO ] 2024-10-28 23:57:10.867 [TestNG-PoolService-4] LoggerLoad - Signed In user is in array page
[INFO ] 2024-10-28 23:57:10.875 [TestNG-PoolService-6] LoggerLoad - Signed In user is in array page
[INFO ] 2024-10-28 23:57:10.920 [TestNG-PoolService-3] LoggerLoad - Signed In user is in array page
[INFO ] 2024-10-28 23:57:11.371 [TestNG-PoolService-9] LoggerLoad - Signed In user is in array page
[INFO ] 2024-10-28 23:57:11.397 [TestNG-PoolService-5] LoggerLoad - Signed In user is in array page
[INFO ] 2024-10-28 23:57:11.413 [TestNG-PoolService-2] LoggerLoad - Signed In user is in array page
[INFO ] 2024-10-28 23:57:11.486 [TestNG-PoolService-7] LoggerLoad - Page Title is : Practice Questions
[INFO ] 2024-10-28 23:57:11.845 [TestNG-PoolService-6] LoggerLoad - Page Title is : Practice Questions
[INFO ] 2024-10-28 23:57:11.910 [TestNG-PoolService-8] LoggerLoad - Page Title is : Practice Questions
[INFO ] 2024-10-28 23:57:12.023 [TestNG-PoolService-9] LoggerLoad - Page Title is : Practice Questions
[INFO ] 2024-10-28 23:57:13.562 [TestNG-PoolService-1] LoggerLoad - In Hooks Class : Broswername = chrome
[INFO ] 2024-10-28 23:57:17.170 [TestNG-PoolService-10] LoggerLoad - In Hooks Class : Broswername = chrome
[INFO ] 2024-10-28 23:57:22.061 [TestNG-PoolService-4] LoggerLoad - In Array Page Text Editor
[INFO ] 2024-10-28 23:57:22.277 [TestNG-PoolService-5] LoggerLoad - In Array Page Text Editor
[INFO ] 2024-10-28 23:57:27.016 [TestNG-PoolService-2] LoggerLoad - In Array Page Text Editor
[INFO ] 2024-10-28 23:57:27.035 [TestNG-PoolService-3] LoggerLoad - In Array Page Text Editor
[INFO ] 2024-10-28 23:57:27.171 [TestNG-PoolService-5] LoggerLoad - In Array Page Text Editor
[INFO ] 2024-10-28 23:57:28.632 [TestNG-PoolService-7] LoggerLoad - Python code
[INFO ] 2024-10-28 23:57:28.867 [TestNG-PoolService-8] LoggerLoad - Python code
[INFO ] 2024-10-28 23:57:29.473 [TestNG-PoolService-7] LoggerLoad - Page Title is : Assessment
[INFO ] 2024-10-28 23:57:31.405 [TestNG-PoolService-4] LoggerLoad - In Array Page Text Editor
[INFO ] 2024-10-28 23:57:32.229 [TestNG-PoolService-8] LoggerLoad - Page Title is : Assessment
[INFO ] 2024-10-28 23:57:34.897 [TestNG-PoolService-6] LoggerLoad - Python code
[INFO ] 2024-10-28 23:57:35.870 [TestNG-PoolService-10] LoggerLoad - In Hooks Class : Broswername = chrome
[INFO ] 2024-10-28 23:57:37.344 [TestNG-PoolService-5] LoggerLoad - In Hooks Class : Broswername = chrome
[INFO ] 2024-10-28 23:57:39.264 [TestNG-PoolService-2] LoggerLoad - In Array Page Text Editor
[INFO ] 2024-10-28 23:57:39.313 [TestNG-PoolService-6] LoggerLoad - Page Title is : Assessment
[INFO ] 2024-10-28 23:57:39.374 [TestNG-PoolService-9] LoggerLoad - Python code
[INFO ] 2024-10-28 23:57:39.672 [TestNG-PoolService-3] LoggerLoad - In Array Page Text Editor
[INFO ] 2024-10-28 23:57:39.696 [TestNG-PoolService-7] LoggerLoad - In Hooks Class : Broswername = chrome
[INFO ] 2024-10-28 23:57:41.132 [TestNG-PoolService-9] LoggerLoad - Page Title is : Assessment
[INFO ] 2024-10-28 23:57:42.496 [TestNG-PoolService-7] LoggerLoad - Signed In user is in array page
[INFO ] 2024-10-28 23:57:42.939 [TestNG-PoolService-5] LoggerLoad - Signed In user is in array page
[INFO ] 2024-10-28 23:57:47.524 [TestNG-PoolService-10] LoggerLoad - In Hooks Class : Broswername = chrome
[INFO ] 2024-10-28 23:57:58.546 [TestNG-PoolService-9] LoggerLoad - In Hooks Class : Broswername = chrome
[INFO ] 2024-10-28 23:57:59.512 [TestNG-PoolService-4] LoggerLoad - In Hooks Class : Broswername = chrome
[INFO ] 2024-10-28 23:57:59.609 [TestNG-PoolService-8] LoggerLoad - In Hooks Class : Broswername = chrome
[INFO ] 2024-10-28 23:57:59.746 [TestNG-PoolService-6] LoggerLoad - In Hooks Class : Broswername = chrome
[INFO ] 2024-10-28 23:57:59.988 [TestNG-PoolService-7] LoggerLoad - In Hooks Class : Broswername = chrome
[INFO ] 2024-10-28 23:58:00.559 [TestNG-PoolService-2] LoggerLoad - In Hooks Class : Broswername = chrome
[INFO ] 2024-10-28 23:58:01.168 [TestNG-PoolService-3] LoggerLoad - In Hooks Class : Broswername = chrome
[INFO ] 2024-10-28 23:58:02.776 [TestNG-PoolService-5] LoggerLoad - In Hooks Class : Broswername = chrome
[INFO ] 2024-10-28 23:58:03.553 [TestNG-PoolService-4] LoggerLoad - Signed In user is in array page
[INFO ] 2024-10-28 23:58:04.089 [TestNG-PoolService-8] LoggerLoad - Signed In user is in array page
[INFO ] 2024-10-28 23:58:04.175 [TestNG-PoolService-1] LoggerLoad - In Hooks Class : Broswername = chrome
[INFO ] 2024-10-28 23:58:05.976 [TestNG-PoolService-3] LoggerLoad - Signed In user is in array page
[INFO ] 2024-10-28 23:58:13.451 [TestNG-PoolService-10] LoggerLoad - Signed In user is in array page
[INFO ] 2024-10-28 23:58:14.750 [TestNG-PoolService-8] LoggerLoad - Valid and Invalid code are validated
[INFO ] 2024-10-28 23:58:17.413 [TestNG-PoolService-1] LoggerLoad - Signed In user is in array page
[INFO ] 2024-10-28 23:58:17.933 [TestNG-PoolService-7] LoggerLoad - Signed In user is in array page
[INFO ] 2024-10-28 23:58:20.723 [TestNG-PoolService-9] LoggerLoad - Signed In user is in array page
[INFO ] 2024-10-28 23:58:22.233 [TestNG-PoolService-6] LoggerLoad - Signed In user is in array page
[INFO ] 2024-10-28 23:58:23.310 [TestNG-PoolService-5] LoggerLoad - Signed In user is in array page
[INFO ] 2024-10-28 23:58:28.206 [TestNG-PoolService-3] LoggerLoad - In Hooks Class : Broswername = chrome
[INFO ] 2024-10-28 23:58:28.850 [TestNG-PoolService-1] LoggerLoad - Valid and Invalid code are validated
[INFO ] 2024-10-28 23:58:29.552 [TestNG-PoolService-3] LoggerLoad - Signed In user is in array page
[INFO ] 2024-10-28 23:58:30.796 [TestNG-PoolService-7] LoggerLoad - Valid and Invalid code are validated
[INFO ] 2024-10-28 23:58:31.047 [TestNG-PoolService-2] LoggerLoad - In Hooks Class : Broswername = chrome
[INFO ] 2024-10-28 23:58:31.236 [TestNG-PoolService-8] LoggerLoad - In Hooks Class : Broswername = chrome
[INFO ] 2024-10-28 23:58:32.053 [TestNG-PoolService-9] LoggerLoad - Valid and Invalid code are validated
[INFO ] 2024-10-28 23:58:33.200 [TestNG-PoolService-1] LoggerLoad - In Hooks Class : Broswername = chrome
[INFO ] 2024-10-28 23:58:34.795 [TestNG-PoolService-6] LoggerLoad - In Hooks Class : Broswername = chrome
[INFO ] 2024-10-28 23:58:34.851 [TestNG-PoolService-10] LoggerLoad - In Hooks Class : Broswername = chrome
[INFO ] 2024-10-28 23:58:45.086 [TestNG-PoolService-8] LoggerLoad - Signed In user is in array page
[INFO ] 2024-10-28 23:58:46.259 [TestNG-PoolService-5] LoggerLoad - In Hooks Class : Broswername = chrome
[INFO ] 2024-10-28 23:58:46.454 [TestNG-PoolService-4] LoggerLoad - In Hooks Class : Broswername = chrome
[INFO ] 2024-10-28 23:58:48.307 [TestNG-PoolService-6] LoggerLoad - Signed In user is in array page
[INFO ] 2024-10-28 23:58:48.903 [TestNG-PoolService-2] LoggerLoad - Signed In user is in array page
[INFO ] 2024-10-28 23:58:50.536 [TestNG-PoolService-3] LoggerLoad - In Hooks Class : Broswername = chrome
[INFO ] 2024-10-29 00:25:56.357 [TestNG-PoolService-1] LoggerLoad - In Hooks Class : Broswername = chrome
[INFO ] 2024-10-29 00:25:56.357 [TestNG-PoolService-2] LoggerLoad - In Hooks Class : Broswername = chrome
[INFO ] 2024-10-29 00:25:56.358 [TestNG-PoolService-4] LoggerLoad - In Hooks Class : Broswername = chrome
[INFO ] 2024-10-29 00:25:56.357 [TestNG-PoolService-3] LoggerLoad - In Hooks Class : Broswername = chrome
[INFO ] 2024-10-29 00:25:59.236 [TestNG-PoolService-2] LoggerLoad - Signed In user is in array page
[INFO ] 2024-10-29 00:25:59.250 [TestNG-PoolService-3] LoggerLoad - Signed In user is in array page
[INFO ] 2024-10-29 00:25:59.275 [TestNG-PoolService-4] LoggerLoad - Signed In user is in array page
[INFO ] 2024-10-29 00:25:59.291 [TestNG-PoolService-1] LoggerLoad - Signed In user is in array page
[INFO ] 2024-10-29 00:26:03.776 [TestNG-PoolService-2] LoggerLoad - In Array Page Text Editor
[INFO ] 2024-10-29 00:26:03.788 [TestNG-PoolService-3] LoggerLoad - In Array Page Text Editor
[INFO ] 2024-10-29 00:26:03.906 [TestNG-PoolService-1] LoggerLoad - In Array Page Text Editor
[INFO ] 2024-10-29 00:26:03.914 [TestNG-PoolService-4] LoggerLoad - In Array Page Text Editor
[INFO ] 2024-10-29 00:26:06.631 [TestNG-PoolService-2] LoggerLoad - In Array Page Text Editor
[INFO ] 2024-10-29 00:26:06.662 [TestNG-PoolService-3] LoggerLoad - In Array Page Text Editor
[INFO ] 2024-10-29 00:26:06.804 [TestNG-PoolService-1] LoggerLoad - In Array Page Text Editor
[INFO ] 2024-10-29 00:26:06.843 [TestNG-PoolService-4] LoggerLoad - In Array Page Text Editor
[INFO ] 2024-10-29 00:26:09.336 [TestNG-PoolService-1] LoggerLoad - In Hooks Class : Broswername = chrome
[INFO ] 2024-10-29 00:26:09.336 [TestNG-PoolService-2] LoggerLoad - In Hooks Class : Broswername = chrome
[INFO ] 2024-10-29 00:26:09.501 [TestNG-PoolService-3] LoggerLoad - In Hooks Class : Broswername = chrome
[INFO ] 2024-10-29 00:26:09.941 [TestNG-PoolService-4] LoggerLoad - In Hooks Class : Broswername = chrome
[INFO ] 2024-10-29 00:26:10.853 [TestNG-PoolService-1] LoggerLoad - Signed In user is in array page
[INFO ] 2024-10-29 00:26:10.876 [TestNG-PoolService-2] LoggerLoad - Signed In user is in array page
[INFO ] 2024-10-29 00:26:11.000 [TestNG-PoolService-1] LoggerLoad - Page Title is : Practice Questions
[INFO ] 2024-10-29 00:26:11.031 [TestNG-PoolService-2] LoggerLoad - Page Title is : Practice Questions
[INFO ] 2024-10-29 00:26:11.063 [TestNG-PoolService-3] LoggerLoad - Signed In user is in array page
[INFO ] 2024-10-29 00:26:11.180 [TestNG-PoolService-4] LoggerLoad - Signed In user is in array page
[INFO ] 2024-10-29 00:26:11.230 [TestNG-PoolService-3] LoggerLoad - Page Title is : Practice Questions
[INFO ] 2024-10-29 00:26:11.348 [TestNG-PoolService-4] LoggerLoad - Page Title is : Practice Questions
[INFO ] 2024-10-29 00:26:13.369 [TestNG-PoolService-1] LoggerLoad - Python code
[INFO ] 2024-10-29 00:26:13.439 [TestNG-PoolService-2] LoggerLoad - Python code
[INFO ] 2024-10-29 00:26:13.505 [TestNG-PoolService-1] LoggerLoad - Page Title is : Assessment
[INFO ] 2024-10-29 00:26:13.582 [TestNG-PoolService-2] LoggerLoad - Page Title is : Assessment
[INFO ] 2024-10-29 00:26:14.014 [TestNG-PoolService-4] LoggerLoad - Python code
[INFO ] 2024-10-29 00:26:14.049 [TestNG-PoolService-3] LoggerLoad - Python code
[INFO ] 2024-10-29 00:26:14.122 [TestNG-PoolService-4] LoggerLoad - Page Title is : Assessment
[INFO ] 2024-10-29 00:26:14.153 [TestNG-PoolService-3] LoggerLoad - Page Title is : Assessment
[INFO ] 2024-10-29 00:26:15.616 [TestNG-PoolService-2] LoggerLoad - In Hooks Class : Broswername = chrome
[INFO ] 2024-10-29 00:26:15.707 [TestNG-PoolService-1] LoggerLoad - In Hooks Class : Broswername = chrome
[INFO ] 2024-10-29 00:26:16.515 [TestNG-PoolService-3] LoggerLoad - In Hooks Class : Broswername = chrome
[INFO ] 2024-10-29 00:26:16.518 [TestNG-PoolService-4] LoggerLoad - In Hooks Class : Broswername = chrome
[INFO ] 2024-10-29 00:26:18.302 [TestNG-PoolService-2] LoggerLoad - In Hooks Class : Broswername = chrome
[INFO ] 2024-10-29 00:26:18.455 [TestNG-PoolService-1] LoggerLoad - In Hooks Class : Broswername = chrome
[INFO ] 2024-10-29 00:26:19.740 [TestNG-PoolService-4] LoggerLoad - In Hooks Class : Broswername = chrome
[INFO ] 2024-10-29 00:26:19.873 [TestNG-PoolService-3] LoggerLoad - In Hooks Class : Broswername = chrome
[INFO ] 2024-10-29 00:26:20.035 [TestNG-PoolService-1] LoggerLoad - Signed In user is in array page
[INFO ] 2024-10-29 00:26:21.050 [TestNG-PoolService-2] LoggerLoad - In Hooks Class : Broswername = chrome
[INFO ] 2024-10-29 00:26:21.157 [TestNG-PoolService-4] LoggerLoad - Signed In user is in array page
[INFO ] 2024-10-29 00:26:21.384 [TestNG-PoolService-3] LoggerLoad - Signed In user is in array page
[INFO ] 2024-10-29 00:26:22.163 [TestNG-PoolService-1] LoggerLoad - In Hooks Class : Broswername = chrome
[INFO ] 2024-10-29 00:26:22.628 [TestNG-PoolService-2] LoggerLoad - Signed In user is in array page
[INFO ] 2024-10-29 00:26:23.330 [TestNG-PoolService-3] LoggerLoad - In Hooks Class : Broswername = chrome
[INFO ] 2024-10-29 00:26:23.581 [TestNG-PoolService-1] LoggerLoad - Signed In user is in array page
[INFO ] 2024-10-29 00:26:24.521 [TestNG-PoolService-4] LoggerLoad - In Hooks Class : Broswername = chrome
[INFO ] 2024-10-29 00:26:24.767 [TestNG-PoolService-3] LoggerLoad - Signed In user is in array page
[INFO ] 2024-10-29 00:26:26.063 [TestNG-PoolService-4] LoggerLoad - Signed In user is in array page
[INFO ] 2024-10-29 00:26:26.608 [TestNG-PoolService-2] LoggerLoad - In Hooks Class : Broswername = chrome
[INFO ] 2024-10-29 00:26:27.774 [TestNG-PoolService-2] LoggerLoad - Signed In user is in array page
[INFO ] 2024-10-29 00:26:28.571 [TestNG-PoolService-4] LoggerLoad - In Hooks Class : Broswername = chrome
[INFO ] 2024-10-29 00:26:29.683 [TestNG-PoolService-4] LoggerLoad - Signed In user is in array page
[INFO ] 2024-10-29 00:26:30.527 [TestNG-PoolService-1] LoggerLoad - Valid and Invalid code are validated
[INFO ] 2024-10-29 00:26:31.109 [TestNG-PoolService-2] LoggerLoad - In Hooks Class : Broswername = chrome
[INFO ] 2024-10-29 00:26:31.960 [TestNG-PoolService-3] LoggerLoad - Valid and Invalid code are validated
[INFO ] 2024-10-29 00:26:32.340 [TestNG-PoolService-1] LoggerLoad - In Hooks Class : Broswername = chrome
[INFO ] 2024-10-29 00:26:32.520 [TestNG-PoolService-2] LoggerLoad - Signed In user is in array page
[INFO ] 2024-10-29 00:26:33.530 [TestNG-PoolService-3] LoggerLoad - In Hooks Class : Broswername = chrome
[INFO ] 2024-10-29 00:26:34.845 [TestNG-PoolService-1] LoggerLoad - In Hooks Class : Broswername = chrome
[INFO ] 2024-10-29 00:26:34.987 [TestNG-PoolService-3] LoggerLoad - Signed In user is in array page
[INFO ] 2024-10-29 00:26:35.978 [TestNG-PoolService-1] LoggerLoad - Signed In user is in array page
[INFO ] 2024-10-29 00:26:36.413 [TestNG-PoolService-4] LoggerLoad - Valid and Invalid code are validated
[INFO ] 2024-10-29 00:26:36.648 [TestNG-PoolService-3] LoggerLoad - In Hooks Class : Broswername = chrome
[INFO ] 2024-10-29 00:26:37.928 [TestNG-PoolService-1] LoggerLoad - In Hooks Class : Broswername = chrome
[INFO ] 2024-10-29 00:26:38.177 [TestNG-PoolService-3] LoggerLoad - Signed In user is in array page
[INFO ] 2024-10-29 00:26:38.213 [TestNG-PoolService-4] LoggerLoad - In Hooks Class : Broswername = chrome
[INFO ] 2024-10-29 00:26:39.126 [TestNG-PoolService-1] LoggerLoad - Signed In user is in array page
[INFO ] 2024-10-29 00:26:39.324 [TestNG-PoolService-2] LoggerLoad - Valid and Invalid code are validated
[INFO ] 2024-10-29 00:26:39.552 [TestNG-PoolService-4] LoggerLoad - Signed In user is in array page
[INFO ] 2024-10-29 00:26:41.328 [TestNG-PoolService-2] LoggerLoad - In Hooks Class : Broswername = chrome
[INFO ] 2024-10-29 00:26:41.601 [TestNG-PoolService-3] LoggerLoad - In Hooks Class : Broswername = chrome
[INFO ] 2024-10-29 00:26:42.842 [TestNG-PoolService-2] LoggerLoad - Signed In user is in array page
[INFO ] 2024-10-29 00:26:42.851 [TestNG-PoolService-3] LoggerLoad - Signed In user is in array page
[INFO ] 2024-10-29 00:26:43.197 [TestNG-PoolService-1] LoggerLoad - In Hooks Class : Broswername = chrome
[INFO ] 2024-10-29 00:26:44.549 [TestNG-PoolService-1] LoggerLoad - Signed In user is in array page
[INFO ] 2024-10-29 00:26:45.499 [TestNG-PoolService-3] LoggerLoad - In Hooks Class : Broswername = chrome
[INFO ] 2024-10-29 00:26:46.544 [TestNG-PoolService-3] LoggerLoad - Signed In user is in array page
[INFO ] 2024-10-29 00:26:46.679 [TestNG-PoolService-4] LoggerLoad - Valid and Invalid code are validated
[INFO ] 2024-10-29 00:26:48.263 [TestNG-PoolService-4] LoggerLoad - In Hooks Class : Broswername = chrome
[INFO ] 2024-10-29 00:26:48.270 [TestNG-PoolService-1] LoggerLoad - In Hooks Class : Broswername = chrome
[INFO ] 2024-10-29 00:26:49.463 [TestNG-PoolService-2] LoggerLoad - Valid and Invalid code are validated
[INFO ] 2024-10-29 00:26:49.553 [TestNG-PoolService-4] LoggerLoad - Signed In user is in array page
[INFO ] 2024-10-29 00:26:49.556 [TestNG-PoolService-1] LoggerLoad - Signed In user is in array page
[INFO ] 2024-10-29 00:26:50.705 [TestNG-PoolService-2] LoggerLoad - In Hooks Class : Broswername = chrome
[INFO ] 2024-10-29 00:26:51.926 [TestNG-PoolService-2] LoggerLoad - Signed In user is in array page
[INFO ] 2024-10-29 00:26:52.282 [TestNG-PoolService-4] LoggerLoad - In Hooks Class : Broswername = chrome
[INFO ] 2024-10-29 00:26:53.434 [TestNG-PoolService-3] LoggerLoad - Valid and Invalid code are validated
[INFO ] 2024-10-29 00:26:53.474 [TestNG-PoolService-4] LoggerLoad - Signed In user is in array page
[INFO ] 2024-10-29 00:26:54.715 [TestNG-PoolService-3] LoggerLoad - In Hooks Class : Broswername = chrome
[INFO ] 2024-10-29 00:26:55.699 [TestNG-PoolService-2] LoggerLoad - In Hooks Class : Broswername = chrome
[INFO ] 2024-10-29 00:26:55.962 [TestNG-PoolService-3] LoggerLoad - Signed In user is in array page
[INFO ] 2024-10-29 00:26:56.129 [TestNG-PoolService-1] LoggerLoad - Valid and Invalid code are validated
[INFO ] 2024-10-29 00:26:56.910 [TestNG-PoolService-2] LoggerLoad - Signed In user is in array page
[INFO ] 2024-10-29 00:26:57.506 [TestNG-PoolService-1] LoggerLoad - In Hooks Class : Broswername = chrome
[INFO ] 2024-10-29 00:26:58.696 [TestNG-PoolService-1] LoggerLoad - Signed In user is in array page
[INFO ] 2024-10-29 00:26:59.266 [TestNG-PoolService-2] LoggerLoad - In Hooks Class : Broswername = chrome
[INFO ] 2024-10-29 00:27:00.224 [TestNG-PoolService-4] LoggerLoad - Valid and Invalid code are validated
[INFO ] 2024-10-29 00:27:00.414 [TestNG-PoolService-2] LoggerLoad - Signed In user is in array page
[INFO ] 2024-10-29 00:27:01.924 [TestNG-PoolService-1] LoggerLoad - In Hooks Class : Broswername = chrome
[INFO ] 2024-10-29 00:27:02.005 [TestNG-PoolService-4] LoggerLoad - In Hooks Class : Broswername = chrome
[INFO ] 2024-10-29 00:27:02.509 [TestNG-PoolService-3] LoggerLoad - Valid and Invalid code are validated
[INFO ] 2024-10-29 00:27:03.118 [TestNG-PoolService-1] LoggerLoad - Signed In user is in array page
[INFO ] 2024-10-29 00:27:03.305 [TestNG-PoolService-4] LoggerLoad - Signed In user is in array page
[INFO ] 2024-10-29 00:27:03.941 [TestNG-PoolService-3] LoggerLoad - In Hooks Class : Broswername = chrome
[INFO ] 2024-10-29 00:27:05.106 [TestNG-PoolService-3] LoggerLoad - Signed In user is in array page
[INFO ] 2024-10-29 00:27:05.840 [TestNG-PoolService-1] LoggerLoad - In Hooks Class : Broswername = chrome
[INFO ] 2024-10-29 00:27:06.890 [TestNG-PoolService-1] LoggerLoad - Signed In user is in array page
[INFO ] 2024-10-29 00:27:07.101 [TestNG-PoolService-2] LoggerLoad - Valid and Invalid code are validated
[INFO ] 2024-10-29 00:27:08.704 [TestNG-PoolService-3] LoggerLoad - In Hooks Class : Broswername = chrome
[INFO ] 2024-10-29 00:27:08.729 [TestNG-PoolService-2] LoggerLoad - In Hooks Class : Broswername = chrome
[INFO ] 2024-10-29 00:27:09.818 [TestNG-PoolService-4] LoggerLoad - Valid and Invalid code are validated
[INFO ] 2024-10-29 00:27:09.932 [TestNG-PoolService-3] LoggerLoad - Signed In user is in array page
[INFO ] 2024-10-29 00:27:09.945 [TestNG-PoolService-2] LoggerLoad - Signed In user is in array page
[INFO ] 2024-10-29 00:27:11.155 [TestNG-PoolService-4] LoggerLoad - In Hooks Class : Broswername = chrome
[INFO ] 2024-10-29 00:27:12.423 [TestNG-PoolService-4] LoggerLoad - Signed In user is in array page
[INFO ] 2024-10-29 00:27:12.606 [TestNG-PoolService-2] LoggerLoad - In Hooks Class : Broswername = chrome
[INFO ] 2024-10-29 00:27:13.605 [TestNG-PoolService-2] LoggerLoad - Signed In user is in array page
[INFO ] 2024-10-29 00:27:13.725 [TestNG-PoolService-1] LoggerLoad - Valid and Invalid code are validated
[INFO ] 2024-10-29 00:27:15.204 [TestNG-PoolService-1] LoggerLoad - In Hooks Class : Broswername = chrome
[INFO ] 2024-10-29 00:27:15.895 [TestNG-PoolService-4] LoggerLoad - In Hooks Class : Broswername = chrome
[INFO ] 2024-10-29 00:27:16.345 [TestNG-PoolService-1] LoggerLoad - Signed In user is in array page
[INFO ] 2024-10-29 00:27:16.435 [TestNG-PoolService-3] LoggerLoad - Valid and Invalid code are validated
[INFO ] 2024-10-29 00:27:17.227 [TestNG-PoolService-4] LoggerLoad - Signed In user is in array page
[INFO ] 2024-10-29 00:27:17.880 [TestNG-PoolService-3] LoggerLoad - In Hooks Class : Broswername = chrome
[INFO ] 2024-10-29 00:27:19.116 [TestNG-PoolService-3] LoggerLoad - Signed In user is in array page
[INFO ] 2024-10-29 00:27:19.592 [TestNG-PoolService-4] LoggerLoad - In Hooks Class : Broswername = chrome
[INFO ] 2024-10-29 00:27:20.382 [TestNG-PoolService-2] LoggerLoad - Valid and Invalid code are validated
[INFO ] 2024-10-29 00:27:20.680 [TestNG-PoolService-4] LoggerLoad - Signed In user is in array page
[INFO ] 2024-10-29 00:27:21.946 [TestNG-PoolService-2] LoggerLoad - In Hooks Class : Broswername = chrome
[INFO ] 2024-10-29 00:27:22.601 [TestNG-PoolService-3] LoggerLoad - In Hooks Class : Broswername = chrome
[INFO ] 2024-10-29 00:27:22.932 [TestNG-PoolService-1] LoggerLoad - Valid and Invalid code are validated
[INFO ] 2024-10-29 00:27:23.090 [TestNG-PoolService-2] LoggerLoad - Signed In user is in array page
[INFO ] 2024-10-29 00:27:23.792 [TestNG-PoolService-3] LoggerLoad - Signed In user is in array page
[INFO ] 2024-10-29 00:27:24.306 [TestNG-PoolService-1] LoggerLoad - In Hooks Class : Broswername = chrome
[INFO ] 2024-10-29 00:27:25.406 [TestNG-PoolService-3] LoggerLoad - In Hooks Class : Broswername = chrome
[INFO ] 2024-10-29 00:27:25.678 [TestNG-PoolService-1] LoggerLoad - Signed In user is in array page
[INFO ] 2024-10-29 00:27:26.507 [TestNG-PoolService-3] LoggerLoad - Signed In user is in array page
[INFO ] 2024-10-29 00:27:27.144 [TestNG-PoolService-4] LoggerLoad - Valid and Invalid code are validated
[INFO ] 2024-10-29 00:27:27.192 [TestNG-PoolService-1] LoggerLoad - In Hooks Class : Broswername = chrome
[INFO ] 2024-10-29 00:27:28.502 [TestNG-PoolService-1] LoggerLoad - Signed In user is in array page
[INFO ] 2024-10-29 00:27:28.510 [TestNG-PoolService-4] LoggerLoad - In Hooks Class : Broswername = chrome
[INFO ] 2024-10-29 00:27:29.656 [TestNG-PoolService-4] LoggerLoad - Signed In user is in array page
[INFO ] 2024-10-29 00:27:29.744 [TestNG-PoolService-2] LoggerLoad - Valid and Invalid code are validated
[INFO ] 2024-10-29 00:27:30.008 [TestNG-PoolService-3] LoggerLoad - In Hooks Class : Broswername = chrome
[INFO ] 2024-10-29 00:27:31.249 [TestNG-PoolService-2] LoggerLoad - In Hooks Class : Broswername = chrome
[INFO ] 2024-10-29 00:27:31.493 [TestNG-PoolService-3] LoggerLoad - Signed In user is in array page
[INFO ] 2024-10-29 00:27:32.449 [TestNG-PoolService-1] LoggerLoad - In Hooks Class : Broswername = chrome
[INFO ] 2024-10-29 00:27:32.686 [TestNG-PoolService-2] LoggerLoad - Signed In user is in array page
[INFO ] 2024-10-29 00:27:33.447 [TestNG-PoolService-4] LoggerLoad - In Hooks Class : Broswername = chrome
[INFO ] 2024-10-29 00:27:33.820 [TestNG-PoolService-1] LoggerLoad - Signed In user is in array page
[INFO ] 2024-10-29 00:27:34.664 [TestNG-PoolService-4] LoggerLoad - Signed In user is in array page
[INFO ] 2024-10-29 00:27:35.657 [TestNG-PoolService-3] LoggerLoad - In Hooks Class : Broswername = chrome
[INFO ] 2024-10-29 00:27:36.843 [TestNG-PoolService-3] LoggerLoad - Signed In user is in array page
[INFO ] 2024-10-29 00:27:39.635 [TestNG-PoolService-2] LoggerLoad - Valid and Invalid code are validated
[INFO ] 2024-10-29 00:27:40.528 [TestNG-PoolService-1] LoggerLoad - Valid and Invalid code are validated
[INFO ] 2024-10-29 00:27:40.974 [TestNG-PoolService-2] LoggerLoad - In Hooks Class : Broswername = chrome
[INFO ] 2024-10-29 00:27:41.519 [TestNG-PoolService-4] LoggerLoad - Valid and Invalid code are validated
[INFO ] 2024-10-29 00:27:42.131 [TestNG-PoolService-1] LoggerLoad - In Hooks Class : Broswername = chrome
[INFO ] 2024-10-29 00:27:42.413 [TestNG-PoolService-2] LoggerLoad - Signed In user is in array page
[INFO ] 2024-10-29 00:27:43.063 [TestNG-PoolService-4] LoggerLoad - In Hooks Class : Broswername = chrome
[INFO ] 2024-10-29 00:27:43.273 [TestNG-PoolService-3] LoggerLoad - Valid and Invalid code are validated
[INFO ] 2024-10-29 00:27:43.443 [TestNG-PoolService-1] LoggerLoad - Signed In user is in array page
[INFO ] 2024-10-29 00:27:44.343 [TestNG-PoolService-4] LoggerLoad - Signed In user is in array page
[INFO ] 2024-10-29 00:27:44.980 [TestNG-PoolService-3] LoggerLoad - In Hooks Class : Broswername = chrome
[INFO ] 2024-10-29 00:27:46.078 [TestNG-PoolService-3] LoggerLoad - Signed In user is in array page
[INFO ] 2024-10-29 00:27:49.212 [TestNG-PoolService-2] LoggerLoad - Valid and Invalid code are validated
[INFO ] 2024-10-29 00:27:50.257 [TestNG-PoolService-1] LoggerLoad - Valid and Invalid code are validated
[INFO ] 2024-10-29 00:27:50.274 [TestNG-PoolService-2] LoggerLoad - In Hooks Class : Broswername = chrome
[INFO ] 2024-10-29 00:27:50.881 [TestNG-PoolService-4] LoggerLoad - Valid and Invalid code are validated
[INFO ] 2024-10-29 00:27:52.156 [TestNG-PoolService-1] LoggerLoad - In Hooks Class : Broswername = chrome
[INFO ] 2024-10-29 00:27:52.341 [TestNG-PoolService-3] LoggerLoad - Valid and Invalid code are validated
[INFO ] 2024-10-29 00:27:52.473 [TestNG-PoolService-4] LoggerLoad - In Hooks Class : Broswername = chrome
[INFO ] 2024-10-29 00:27:52.569 [TestNG-PoolService-2] LoggerLoad - In Hooks Class : Broswername = chrome
[INFO ] 2024-10-29 00:27:53.757 [TestNG-PoolService-3] LoggerLoad - In Hooks Class : Broswername = chrome
[INFO ] 2024-10-29 00:27:57.615 [TestNG-PoolService-1] LoggerLoad - In Hooks Class : Broswername = chrome
[INFO ] 2024-10-29 00:27:58.334 [TestNG-PoolService-2] LoggerLoad - In Hooks Class : Broswername = chrome
[INFO ] 2024-10-29 00:27:58.419 [TestNG-PoolService-4] LoggerLoad - In Hooks Class : Broswername = chrome
[INFO ] 2024-10-29 00:28:02.725 [TestNG-PoolService-3] LoggerLoad - In Hooks Class : Broswername = chrome
[INFO ] 2024-10-29 00:28:04.039 [TestNG-PoolService-4] LoggerLoad - In Hooks Class : Broswername = chrome
[INFO ] 2024-10-29 00:28:04.415 [TestNG-PoolService-3] LoggerLoad - In Hooks Class : Broswername = chrome
[INFO ] 2024-10-29 00:28:06.273 [TestNG-PoolService-4] LoggerLoad - In Hooks Class : Broswername = chrome
[INFO ] 2024-10-29 00:28:06.369 [TestNG-PoolService-1] LoggerLoad - In Hooks Class : Broswername = chrome
[INFO ] 2024-10-29 00:28:07.728 [TestNG-PoolService-2] LoggerLoad - In Hooks Class : Broswername = chrome
[INFO ] 2024-10-29 00:28:07.887 [TestNG-PoolService-3] LoggerLoad - In Hooks Class : Broswername = chrome
[INFO ] 2024-10-29 00:28:08.027 [TestNG-PoolService-4] LoggerLoad - Signed In user is in array page
[INFO ] 2024-10-29 00:28:08.974 [TestNG-PoolService-1] LoggerLoad - In Hooks Class : Broswername = chrome
[INFO ] 2024-10-29 00:28:09.073 [TestNG-PoolService-2] LoggerLoad - Signed In user is in array page
[INFO ] 2024-10-29 00:28:09.278 [TestNG-PoolService-3] LoggerLoad - Signed In user is in array page
[INFO ] 2024-10-29 00:28:10.325 [TestNG-PoolService-4] LoggerLoad - In Hooks Class : Broswername = chrome
[INFO ] 2024-10-29 00:28:10.453 [TestNG-PoolService-1] LoggerLoad - Signed In user is in array page
[INFO ] 2024-10-29 00:28:11.621 [TestNG-PoolService-3] LoggerLoad - In Hooks Class : Broswername = chrome
[INFO ] 2024-10-29 00:28:11.717 [TestNG-PoolService-4] LoggerLoad - Signed In user is in array page
[INFO ] 2024-10-29 00:28:13.070 [TestNG-PoolService-3] LoggerLoad - Signed In user is in array page
[INFO ] 2024-10-29 00:28:13.176 [TestNG-PoolService-2] LoggerLoad - In Hooks Class : Broswername = chrome
[INFO ] 2024-10-29 00:28:14.267 [TestNG-PoolService-1] LoggerLoad - In Hooks Class : Broswername = chrome
[INFO ] 2024-10-29 00:28:14.732 [TestNG-PoolService-2] LoggerLoad - Signed In user is in array page
[INFO ] 2024-10-29 00:28:15.780 [TestNG-PoolService-1] LoggerLoad - Signed In user is in array page
[INFO ] 2024-10-29 00:28:15.838 [TestNG-PoolService-4] LoggerLoad - In Hooks Class : Broswername = chrome
[INFO ] 2024-10-29 00:28:17.421 [TestNG-PoolService-4] LoggerLoad - Signed In user is in array page
[INFO ] 2024-10-29 00:28:17.429 [TestNG-PoolService-3] LoggerLoad - In Hooks Class : Broswername = chrome
[INFO ] 2024-10-29 00:28:18.593 [TestNG-PoolService-3] LoggerLoad - Signed In user is in array page
[INFO ] 2024-10-29 00:28:21.561 [TestNG-PoolService-2] LoggerLoad - Valid and Invalid code are validated
[INFO ] 2024-10-29 00:28:22.546 [TestNG-PoolService-2] LoggerLoad - In Hooks Class : Broswername = chrome
[INFO ] 2024-10-29 00:28:22.606 [TestNG-PoolService-1] LoggerLoad - Valid and Invalid code are validated
[INFO ] 2024-10-29 00:28:23.582 [TestNG-PoolService-2] LoggerLoad - Signed In user is in array page
[INFO ] 2024-10-29 00:28:23.858 [TestNG-PoolService-4] LoggerLoad - Valid and Invalid code are validated
[INFO ] 2024-10-29 00:28:23.898 [TestNG-PoolService-1] LoggerLoad - In Hooks Class : Broswername = chrome
[INFO ] 2024-10-29 00:28:25.094 [TestNG-PoolService-3] LoggerLoad - Valid and Invalid code are validated
[INFO ] 2024-10-29 00:28:25.209 [TestNG-PoolService-1] LoggerLoad - Signed In user is in array page
[INFO ] 2024-10-29 00:28:25.374 [TestNG-PoolService-4] LoggerLoad - In Hooks Class : Broswername = chrome
[INFO ] 2024-10-29 00:28:26.463 [TestNG-PoolService-3] LoggerLoad - In Hooks Class : Broswername = chrome
[INFO ] 2024-10-29 00:28:26.825 [TestNG-PoolService-4] LoggerLoad - Signed In user is in array page
[INFO ] 2024-10-29 00:28:27.635 [TestNG-PoolService-3] LoggerLoad - Signed In user is in array page
[INFO ] 2024-10-29 00:28:30.125 [TestNG-PoolService-2] LoggerLoad - Valid and Invalid code are validated
[INFO ] 2024-10-29 00:28:31.225 [TestNG-PoolService-2] LoggerLoad - In Hooks Class : Broswername = chrome
[INFO ] 2024-10-29 00:28:31.720 [TestNG-PoolService-1] LoggerLoad - Valid and Invalid code are validated
[INFO ] 2024-10-29 00:28:32.486 [TestNG-PoolService-2] LoggerLoad - Signed In user is in array page
[INFO ] 2024-10-29 00:28:32.856 [TestNG-PoolService-1] LoggerLoad - In Hooks Class : Broswername = chrome
[INFO ] 2024-10-29 00:28:33.047 [TestNG-PoolService-4] LoggerLoad - Valid and Invalid code are validated
[INFO ] 2024-10-29 00:28:34.259 [TestNG-PoolService-3] LoggerLoad - Valid and Invalid code are validated
[INFO ] 2024-10-29 00:28:34.507 [TestNG-PoolService-2] LoggerLoad - In Hooks Class : Broswername = chrome
[INFO ] 2024-10-29 00:28:34.539 [TestNG-PoolService-1] LoggerLoad - Signed In user is in array page
[INFO ] 2024-10-29 00:28:34.684 [TestNG-PoolService-4] LoggerLoad - In Hooks Class : Broswername = chrome
[INFO ] 2024-10-29 00:28:35.989 [TestNG-PoolService-2] LoggerLoad - Signed In user is in array page
[INFO ] 2024-10-29 00:28:36.106 [TestNG-PoolService-4] LoggerLoad - Signed In user is in array page
[INFO ] 2024-10-29 00:28:36.254 [TestNG-PoolService-3] LoggerLoad - In Hooks Class : Broswername = chrome
[INFO ] 2024-10-29 00:28:36.836 [TestNG-PoolService-1] LoggerLoad - In Hooks Class : Broswername = chrome
[INFO ] 2024-10-29 00:28:37.410 [TestNG-PoolService-3] LoggerLoad - Signed In user is in array page
[INFO ] 2024-10-29 00:28:37.877 [TestNG-PoolService-1] LoggerLoad - Signed In user is in array page
[INFO ] 2024-10-29 00:28:40.931 [TestNG-PoolService-2] LoggerLoad - In Hooks Class : Broswername = chrome
[INFO ] 2024-10-29 00:28:41.146 [TestNG-PoolService-4] LoggerLoad - In Hooks Class : Broswername = chrome
[INFO ] 2024-10-29 00:28:42.472 [TestNG-PoolService-2] LoggerLoad - Signed In user is in array page
[INFO ] 2024-10-29 00:28:42.642 [TestNG-PoolService-4] LoggerLoad - Signed In user is in array page
[INFO ] 2024-10-29 00:28:42.730 [TestNG-PoolService-3] LoggerLoad - In Hooks Class : Broswername = chrome
[INFO ] 2024-10-29 00:28:43.276 [TestNG-PoolService-1] LoggerLoad - In Hooks Class : Broswername = chrome
[INFO ] 2024-10-29 00:28:43.858 [TestNG-PoolService-3] LoggerLoad - Signed In user is in array page
[INFO ] 2024-10-29 00:28:44.280 [TestNG-PoolService-1] LoggerLoad - Signed In user is in array page
[INFO ] 2024-10-29 00:28:47.424 [TestNG-PoolService-2] LoggerLoad - In Hooks Class : Broswername = chrome
[INFO ] 2024-10-29 00:28:47.712 [TestNG-PoolService-4] LoggerLoad - In Hooks Class : Broswername = chrome
[INFO ] 2024-10-29 00:28:48.726 [TestNG-PoolService-3] LoggerLoad - In Hooks Class : Broswername = chrome
[INFO ] 2024-10-29 00:28:48.945 [TestNG-PoolService-2] LoggerLoad - Signed In user is in array page
[INFO ] 2024-10-29 00:28:49.059 [TestNG-PoolService-4] LoggerLoad - Signed In user is in array page
[INFO ] 2024-10-29 00:28:49.701 [TestNG-PoolService-1] LoggerLoad - In Hooks Class : Broswername = chrome
[INFO ] 2024-10-29 00:28:50.053 [TestNG-PoolService-3] LoggerLoad - Signed In user is in array page
[INFO ] 2024-10-29 00:28:50.760 [TestNG-PoolService-1] LoggerLoad - Signed In user is in array page
[INFO ] 2024-10-29 00:28:53.988 [TestNG-PoolService-4] LoggerLoad - In Hooks Class : Broswername = chrome
[INFO ] 2024-10-29 00:28:54.380 [TestNG-PoolService-2] LoggerLoad - In Hooks Class : Broswername = chrome
[INFO ] 2024-10-29 00:28:55.059 [TestNG-PoolService-3] LoggerLoad - In Hooks Class : Broswername = chrome
[INFO ] 2024-10-29 00:28:55.490 [TestNG-PoolService-4] LoggerLoad - Signed In user is in array page
[INFO ] 2024-10-29 00:28:55.813 [TestNG-PoolService-2] LoggerLoad - Signed In user is in array page
[INFO ] 2024-10-29 00:28:56.380 [TestNG-PoolService-1] LoggerLoad - In Hooks Class : Broswername = chrome
[INFO ] 2024-10-29 00:28:56.446 [TestNG-PoolService-3] LoggerLoad - Signed In user is in array page
[INFO ] 2024-10-29 00:28:57.730 [TestNG-PoolService-1] LoggerLoad - Signed In user is in array page
[INFO ] 2024-10-29 00:29:00.167 [TestNG-PoolService-2] LoggerLoad - In Hooks Class : Broswername = chrome
[INFO ] 2024-10-29 00:29:01.480 [TestNG-PoolService-2] LoggerLoad - Signed In user is in array page
[INFO ] 2024-10-29 00:29:03.176 [TestNG-PoolService-4] LoggerLoad - Valid and Invalid code are validated
[INFO ] 2024-10-29 00:29:03.689 [TestNG-PoolService-3] LoggerLoad - Valid and Invalid code are validated
[INFO ] 2024-10-29 00:29:04.699 [TestNG-PoolService-4] LoggerLoad - In Hooks Class : Broswername = chrome
[INFO ] 2024-10-29 00:29:05.355 [TestNG-PoolService-3] LoggerLoad - In Hooks Class : Broswername = chrome
[INFO ] 2024-10-29 00:29:05.370 [TestNG-PoolService-1] LoggerLoad - Valid and Invalid code are validated
[INFO ] 2024-10-29 00:29:05.826 [TestNG-PoolService-4] LoggerLoad - Signed In user is in array page
[INFO ] 2024-10-29 00:29:06.520 [TestNG-PoolService-1] LoggerLoad - In Hooks Class : Broswername = chrome
[INFO ] 2024-10-29 00:29:06.674 [TestNG-PoolService-3] LoggerLoad - Signed In user is in array page
[INFO ] 2024-10-29 00:29:07.627 [TestNG-PoolService-1] LoggerLoad - Signed In user is in array page
[INFO ] 2024-10-29 00:29:09.117 [TestNG-PoolService-2] LoggerLoad - Valid and Invalid code are validated
[INFO ] 2024-10-29 00:29:10.234 [TestNG-PoolService-2] LoggerLoad - In Hooks Class : Broswername = chrome
[INFO ] 2024-10-29 00:29:11.311 [TestNG-PoolService-2] LoggerLoad - Signed In user is in array page
[INFO ] 2024-10-29 00:29:13.408 [TestNG-PoolService-4] LoggerLoad - Valid and Invalid code are validated
[INFO ] 2024-10-29 00:29:14.032 [TestNG-PoolService-3] LoggerLoad - Valid and Invalid code are validated
[INFO ] 2024-10-29 00:29:14.800 [TestNG-PoolService-4] LoggerLoad - In Hooks Class : Broswername = chrome
[INFO ] 2024-10-29 00:29:15.386 [TestNG-PoolService-1] LoggerLoad - Valid and Invalid code are validated
[INFO ] 2024-10-29 00:29:15.399 [TestNG-PoolService-3] LoggerLoad - In Hooks Class : Broswername = chrome
[INFO ] 2024-10-29 00:29:16.016 [TestNG-PoolService-4] LoggerLoad - Signed In user is in array page
[INFO ] 2024-10-29 00:29:16.629 [TestNG-PoolService-3] LoggerLoad - Signed In user is in array page
[INFO ] 2024-10-29 00:29:16.684 [TestNG-PoolService-1] LoggerLoad - In Hooks Class : Broswername = chrome
[INFO ] 2024-10-29 00:29:17.753 [TestNG-PoolService-1] LoggerLoad - Signed In user is in array page
[INFO ] 2024-10-29 00:29:18.756 [TestNG-PoolService-2] LoggerLoad - Valid and Invalid code are validated
[INFO ] 2024-10-29 00:29:19.906 [TestNG-PoolService-2] LoggerLoad - In Hooks Class : Broswername = chrome
[INFO ] 2024-10-29 00:29:20.949 [TestNG-PoolService-2] LoggerLoad - Signed In user is in array page
[INFO ] 2024-10-29 00:29:23.541 [TestNG-PoolService-4] LoggerLoad - Valid and Invalid code are validated
[INFO ] 2024-10-29 00:29:24.123 [TestNG-PoolService-3] LoggerLoad - Valid and Invalid code are validated
[INFO ] 2024-10-29 00:29:24.646 [TestNG-PoolService-4] LoggerLoad - In Hooks Class : Broswername = chrome
[INFO ] 2024-10-29 00:29:25.432 [TestNG-PoolService-1] LoggerLoad - Valid and Invalid code are validated
[INFO ] 2024-10-29 00:29:25.515 [TestNG-PoolService-3] LoggerLoad - In Hooks Class : Broswername = chrome
[INFO ] 2024-10-29 00:29:25.877 [TestNG-PoolService-4] LoggerLoad - Signed In user is in array page
[INFO ] 2024-10-29 00:29:26.844 [TestNG-PoolService-3] LoggerLoad - Signed In user is in array page
[INFO ] 2024-10-29 00:29:26.978 [TestNG-PoolService-1] LoggerLoad - In Hooks Class : Broswername = chrome
[INFO ] 2024-10-29 00:29:28.012 [TestNG-PoolService-1] LoggerLoad - Signed In user is in array page
[INFO ] 2024-10-29 00:29:28.374 [TestNG-PoolService-2] LoggerLoad - Valid and Invalid code are validated
[INFO ] 2024-10-29 00:29:29.761 [TestNG-PoolService-2] LoggerLoad - In Hooks Class : Broswername = chrome
[INFO ] 2024-10-29 00:29:30.830 [TestNG-PoolService-2] LoggerLoad - Signed In user is in array page
[INFO ] 2024-10-29 00:29:33.197 [TestNG-PoolService-4] LoggerLoad - Valid and Invalid code are validated
[INFO ] 2024-10-29 00:29:34.257 [TestNG-PoolService-3] LoggerLoad - Valid and Invalid code are validated
[INFO ] 2024-10-29 00:29:34.287 [TestNG-PoolService-4] LoggerLoad - In Hooks Class : Broswername = chrome
[INFO ] 2024-10-29 00:29:35.330 [TestNG-PoolService-1] LoggerLoad - Valid and Invalid code are validated
[INFO ] 2024-10-29 00:29:35.563 [TestNG-PoolService-3] LoggerLoad - In Hooks Class : Broswername = chrome
[INFO ] 2024-10-29 00:29:35.854 [TestNG-PoolService-4] LoggerLoad - Signed In user is in array page
[INFO ] 2024-10-29 00:29:36.595 [TestNG-PoolService-1] LoggerLoad - In Hooks Class : Broswername = chrome
[INFO ] 2024-10-29 00:29:37.079 [TestNG-PoolService-3] LoggerLoad - Signed In user is in array page
[INFO ] 2024-10-29 00:29:37.768 [TestNG-PoolService-1] LoggerLoad - Signed In user is in array page
[INFO ] 2024-10-29 00:29:38.038 [TestNG-PoolService-2] LoggerLoad - Valid and Invalid code are validated
[INFO ] 2024-10-29 00:29:39.190 [TestNG-PoolService-2] LoggerLoad - In Hooks Class : Broswername = chrome
[INFO ] 2024-10-29 00:29:40.310 [TestNG-PoolService-2] LoggerLoad - Signed In user is in array page
[INFO ] 2024-10-29 00:29:43.446 [TestNG-PoolService-4] LoggerLoad - Valid and Invalid code are validated
[INFO ] 2024-10-29 00:29:44.432 [TestNG-PoolService-4] LoggerLoad - In Hooks Class : Broswername = chrome
[INFO ] 2024-10-29 00:29:44.475 [TestNG-PoolService-3] LoggerLoad - Valid and Invalid code are validated
[INFO ] 2024-10-29 00:29:44.996 [TestNG-PoolService-1] LoggerLoad - Valid and Invalid code are validated
[INFO ] 2024-10-29 00:29:45.756 [TestNG-PoolService-4] LoggerLoad - Signed In user is in array page
[INFO ] 2024-10-29 00:29:45.920 [TestNG-PoolService-3] LoggerLoad - In Hooks Class : Broswername = chrome
[INFO ] 2024-10-29 00:29:46.499 [TestNG-PoolService-1] LoggerLoad - In Hooks Class : Broswername = chrome
[INFO ] 2024-10-29 00:29:47.052 [TestNG-PoolService-3] LoggerLoad - Signed In user is in array page
[INFO ] 2024-10-29 00:29:47.461 [TestNG-PoolService-2] LoggerLoad - Valid and Invalid code are validated
[INFO ] 2024-10-29 00:29:47.560 [TestNG-PoolService-1] LoggerLoad - Signed In user is in array page
[INFO ] 2024-10-29 00:29:48.745 [TestNG-PoolService-2] LoggerLoad - In Hooks Class : Broswername = chrome
[INFO ] 2024-10-29 00:29:49.812 [TestNG-PoolService-2] LoggerLoad - Signed In user is in array page
[INFO ] 2024-10-29 00:29:53.383 [TestNG-PoolService-4] LoggerLoad - Valid and Invalid code are validated
[INFO ] 2024-10-29 00:29:54.338 [TestNG-PoolService-3] LoggerLoad - Valid and Invalid code are validated
[INFO ] 2024-10-29 00:29:54.397 [TestNG-PoolService-4] LoggerLoad - In Hooks Class : Broswername = chrome
[INFO ] 2024-10-29 00:29:54.866 [TestNG-PoolService-1] LoggerLoad - Valid and Invalid code are validated
[INFO ] 2024-10-29 00:29:55.619 [TestNG-PoolService-3] LoggerLoad - In Hooks Class : Broswername = chrome
[INFO ] 2024-10-29 00:29:55.642 [TestNG-PoolService-4] LoggerLoad - Signed In user is in array page
[INFO ] 2024-10-29 00:29:56.780 [TestNG-PoolService-3] LoggerLoad - Signed In user is in array page
[INFO ] 2024-10-29 00:29:57.115 [TestNG-PoolService-2] LoggerLoad - Valid and Invalid code are validated
[INFO ] 2024-10-29 00:30:02.841 [TestNG-PoolService-4] LoggerLoad - Valid and Invalid code are validated
[INFO ] 2024-10-29 00:30:04.031 [TestNG-PoolService-3] LoggerLoad - Valid and Invalid code are validated
[INFO ] 2024-10-29 01:12:21.942 [TestNG-PoolService-4] LoggerLoad - In Hooks Class : Broswername = chrome
[INFO ] 2024-10-29 01:12:21.942 [TestNG-PoolService-2] LoggerLoad - In Hooks Class : Broswername = chrome
[INFO ] 2024-10-29 01:12:21.942 [TestNG-PoolService-1] LoggerLoad - In Hooks Class : Broswername = chrome
[INFO ] 2024-10-29 01:12:21.942 [TestNG-PoolService-3] LoggerLoad - In Hooks Class : Broswername = chrome
[INFO ] 2024-10-29 01:12:26.703 [TestNG-PoolService-1] LoggerLoad - Signed In user is in array page
[INFO ] 2024-10-29 01:12:26.708 [TestNG-PoolService-2] LoggerLoad - Signed In user is in array page
[INFO ] 2024-10-29 01:12:27.085 [TestNG-PoolService-3] LoggerLoad - Signed In user is in array page
[INFO ] 2024-10-29 01:12:27.086 [TestNG-PoolService-4] LoggerLoad - Signed In user is in array page
[INFO ] 2024-10-29 01:12:31.352 [TestNG-PoolService-1] LoggerLoad - In Array Page Text Editor
[INFO ] 2024-10-29 01:12:31.353 [TestNG-PoolService-2] LoggerLoad - In Array Page Text Editor
[INFO ] 2024-10-29 01:12:31.418 [TestNG-PoolService-4] LoggerLoad - In Array Page Text Editor
[INFO ] 2024-10-29 01:12:31.433 [TestNG-PoolService-3] LoggerLoad - In Array Page Text Editor
[INFO ] 2024-10-29 01:12:34.223 [TestNG-PoolService-2] LoggerLoad - In Array Page Text Editor
[INFO ] 2024-10-29 01:12:34.239 [TestNG-PoolService-1] LoggerLoad - In Array Page Text Editor
[INFO ] 2024-10-29 01:12:34.260 [TestNG-PoolService-4] LoggerLoad - In Array Page Text Editor
[INFO ] 2024-10-29 01:12:34.301 [TestNG-PoolService-3] LoggerLoad - In Array Page Text Editor
[INFO ] 2024-10-29 01:12:36.324 [TestNG-PoolService-3] LoggerLoad - In Hooks Class : Broswername = chrome
[INFO ] 2024-10-29 01:12:36.365 [TestNG-PoolService-2] LoggerLoad - In Hooks Class : Broswername = chrome
[INFO ] 2024-10-29 01:12:36.560 [TestNG-PoolService-4] LoggerLoad - In Hooks Class : Broswername = chrome
[INFO ] 2024-10-29 01:12:37.739 [TestNG-PoolService-1] LoggerLoad - In Hooks Class : Broswername = chrome
[INFO ] 2024-10-29 01:12:37.774 [TestNG-PoolService-2] LoggerLoad - Signed In user is in array page
[INFO ] 2024-10-29 01:12:37.826 [TestNG-PoolService-3] LoggerLoad - Signed In user is in array page
[INFO ] 2024-10-29 01:12:37.945 [TestNG-PoolService-4] LoggerLoad - Signed In user is in array page
[INFO ] 2024-10-29 01:12:37.972 [TestNG-PoolService-2] LoggerLoad - Page Title is : Practice Questions
[INFO ] 2024-10-29 01:12:37.983 [TestNG-PoolService-3] LoggerLoad - Page Title is : Practice Questions
[INFO ] 2024-10-29 01:12:38.089 [TestNG-PoolService-4] LoggerLoad - Page Title is : Practice Questions
[INFO ] 2024-10-29 01:12:38.906 [TestNG-PoolService-1] LoggerLoad - Signed In user is in array page
[INFO ] 2024-10-29 01:12:39.086 [TestNG-PoolService-1] LoggerLoad - Page Title is : Practice Questions
[INFO ] 2024-10-29 01:12:40.116 [TestNG-PoolService-4] LoggerLoad - Python code
[INFO ] 2024-10-29 01:12:40.116 [TestNG-PoolService-2] LoggerLoad - Python code
[INFO ] 2024-10-29 01:12:40.230 [TestNG-PoolService-2] LoggerLoad - Page Title is : Assessment
[INFO ] 2024-10-29 01:12:40.236 [TestNG-PoolService-4] LoggerLoad - Page Title is : Assessment
[INFO ] 2024-10-29 01:12:40.375 [TestNG-PoolService-3] LoggerLoad - Python code
[INFO ] 2024-10-29 01:12:40.502 [TestNG-PoolService-3] LoggerLoad - Page Title is : Assessment
[INFO ] 2024-10-29 01:12:41.880 [TestNG-PoolService-1] LoggerLoad - Python code
[INFO ] 2024-10-29 01:12:41.978 [TestNG-PoolService-1] LoggerLoad - Page Title is : Assessment
[INFO ] 2024-10-29 01:12:42.097 [TestNG-PoolService-2] LoggerLoad - In Hooks Class : Broswername = chrome
[INFO ] 2024-10-29 01:12:42.128 [TestNG-PoolService-3] LoggerLoad - In Hooks Class : Broswername = chrome
[INFO ] 2024-10-29 01:12:42.203 [TestNG-PoolService-4] LoggerLoad - In Hooks Class : Broswername = chrome
[INFO ] 2024-10-29 01:12:43.682 [TestNG-PoolService-1] LoggerLoad - In Hooks Class : Broswername = chrome
[INFO ] 2024-10-29 01:12:44.795 [TestNG-PoolService-4] LoggerLoad - In Hooks Class : Broswername = chrome
[INFO ] 2024-10-29 01:12:44.841 [TestNG-PoolService-2] LoggerLoad - In Hooks Class : Broswername = chrome
[INFO ] 2024-10-29 01:12:44.996 [TestNG-PoolService-3] LoggerLoad - In Hooks Class : Broswername = chrome
[INFO ] 2024-10-29 01:12:46.178 [TestNG-PoolService-1] LoggerLoad - In Hooks Class : Broswername = chrome
[INFO ] 2024-10-29 01:12:46.285 [TestNG-PoolService-2] LoggerLoad - Signed In user is in array page
[INFO ] 2024-10-29 01:12:46.455 [TestNG-PoolService-3] LoggerLoad - Signed In user is in array page
[INFO ] 2024-10-29 01:12:47.304 [TestNG-PoolService-4] LoggerLoad - In Hooks Class : Broswername = chrome
[INFO ] 2024-10-29 01:12:47.549 [TestNG-PoolService-1] LoggerLoad - Signed In user is in array page
[INFO ] 2024-10-29 01:12:48.468 [TestNG-PoolService-3] LoggerLoad - In Hooks Class : Broswername = chrome
[INFO ] 2024-10-29 01:12:48.500 [TestNG-PoolService-2] LoggerLoad - In Hooks Class : Broswername = chrome
[INFO ] 2024-10-29 01:12:48.743 [TestNG-PoolService-4] LoggerLoad - Signed In user is in array page
[INFO ] 2024-10-29 01:12:49.652 [TestNG-PoolService-3] LoggerLoad - Signed In user is in array page
[INFO ] 2024-10-29 01:12:49.712 [TestNG-PoolService-2] LoggerLoad - Signed In user is in array page
[INFO ] 2024-10-29 01:12:50.718 [TestNG-PoolService-1] LoggerLoad - In Hooks Class : Broswername = chrome
[INFO ] 2024-10-29 01:12:52.034 [TestNG-PoolService-1] LoggerLoad - Signed In user is in array page
[INFO ] 2024-10-29 01:12:52.342 [TestNG-PoolService-4] LoggerLoad - In Hooks Class : Broswername = chrome
[INFO ] 2024-10-29 01:12:53.473 [TestNG-PoolService-4] LoggerLoad - Signed In user is in array page
[INFO ] 2024-10-29 01:12:54.508 [TestNG-PoolService-1] LoggerLoad - In Hooks Class : Broswername = chrome
[INFO ] 2024-10-29 01:12:55.766 [TestNG-PoolService-1] LoggerLoad - Signed In user is in array page
[INFO ] 2024-10-29 01:12:56.330 [TestNG-PoolService-3] LoggerLoad - Valid and Invalid code are validated
[INFO ] 2024-10-29 01:12:56.386 [TestNG-PoolService-2] LoggerLoad - Valid and Invalid code are validated
[INFO ] 2024-10-29 01:12:56.553 [TestNG-PoolService-4] LoggerLoad - In Hooks Class : Broswername = chrome
[INFO ] 2024-10-29 01:12:58.066 [TestNG-PoolService-4] LoggerLoad - Signed In user is in array page
[INFO ] 2024-10-29 01:12:58.088 [TestNG-PoolService-2] LoggerLoad - In Hooks Class : Broswername = chrome
[INFO ] 2024-10-29 01:12:58.197 [TestNG-PoolService-3] LoggerLoad - In Hooks Class : Broswername = chrome
[INFO ] 2024-10-29 01:12:59.151 [TestNG-PoolService-2] LoggerLoad - Signed In user is in array page
[INFO ] 2024-10-29 01:12:59.943 [TestNG-PoolService-3] LoggerLoad - In Hooks Class : Broswername = chrome
[INFO ] 2024-10-29 01:13:01.140 [TestNG-PoolService-2] LoggerLoad - In Hooks Class : Broswername = chrome
[INFO ] 2024-10-29 01:13:01.318 [TestNG-PoolService-3] LoggerLoad - Signed In user is in array page
[INFO ] 2024-10-29 01:13:02.207 [TestNG-PoolService-2] LoggerLoad - Signed In user is in array page
[INFO ] 2024-10-29 01:13:02.498 [TestNG-PoolService-1] LoggerLoad - Valid and Invalid code are validated
[INFO ] 2024-10-29 01:13:03.050 [TestNG-PoolService-3] LoggerLoad - In Hooks Class : Broswername = chrome
[INFO ] 2024-10-29 01:13:03.970 [TestNG-PoolService-1] LoggerLoad - In Hooks Class : Broswername = chrome
[INFO ] 2024-10-29 01:13:04.266 [TestNG-PoolService-3] LoggerLoad - Signed In user is in array page
[INFO ] 2024-10-29 01:13:04.778 [TestNG-PoolService-4] LoggerLoad - Valid and Invalid code are validated
[INFO ] 2024-10-29 01:13:04.969 [TestNG-PoolService-2] LoggerLoad - In Hooks Class : Broswername = chrome
[INFO ] 2024-10-29 01:13:05.269 [TestNG-PoolService-1] LoggerLoad - Signed In user is in array page
[INFO ] 2024-10-29 01:13:06.131 [TestNG-PoolService-4] LoggerLoad - In Hooks Class : Broswername = chrome
[INFO ] 2024-10-29 01:13:06.366 [TestNG-PoolService-2] LoggerLoad - Signed In user is in array page
[INFO ] 2024-10-29 01:13:07.353 [TestNG-PoolService-4] LoggerLoad - Signed In user is in array page
[INFO ] 2024-10-29 01:13:08.346 [TestNG-PoolService-3] LoggerLoad - In Hooks Class : Broswername = chrome
[INFO ] 2024-10-29 01:13:09.498 [TestNG-PoolService-3] LoggerLoad - Signed In user is in array page
[INFO ] 2024-10-29 01:13:10.178 [TestNG-PoolService-4] LoggerLoad - In Hooks Class : Broswername = chrome
[INFO ] 2024-10-29 01:13:11.242 [TestNG-PoolService-4] LoggerLoad - Signed In user is in array page
[INFO ] 2024-10-29 01:13:12.268 [TestNG-PoolService-1] LoggerLoad - Valid and Invalid code are validated
[INFO ] 2024-10-29 01:13:12.697 [TestNG-PoolService-3] LoggerLoad - In Hooks Class : Broswername = chrome
[INFO ] 2024-10-29 01:13:13.068 [TestNG-PoolService-2] LoggerLoad - Valid and Invalid code are validated
[INFO ] 2024-10-29 01:13:13.890 [TestNG-PoolService-1] LoggerLoad - In Hooks Class : Broswername = chrome
[INFO ] 2024-10-29 01:13:14.098 [TestNG-PoolService-3] LoggerLoad - Signed In user is in array page
[INFO ] 2024-10-29 01:13:14.951 [TestNG-PoolService-2] LoggerLoad - In Hooks Class : Broswername = chrome
[INFO ] 2024-10-29 01:13:15.128 [TestNG-PoolService-1] LoggerLoad - Signed In user is in array page
[INFO ] 2024-10-29 01:13:16.184 [TestNG-PoolService-2] LoggerLoad - Signed In user is in array page
[INFO ] 2024-10-29 01:13:17.524 [TestNG-PoolService-1] LoggerLoad - In Hooks Class : Broswername = chrome
[INFO ] 2024-10-29 01:13:17.890 [TestNG-PoolService-4] LoggerLoad - Valid and Invalid code are validated
[INFO ] 2024-10-29 01:13:18.785 [TestNG-PoolService-1] LoggerLoad - Signed In user is in array page
[INFO ] 2024-10-29 01:13:19.471 [TestNG-PoolService-2] LoggerLoad - In Hooks Class : Broswername = chrome
[INFO ] 2024-10-29 01:13:19.595 [TestNG-PoolService-4] LoggerLoad - In Hooks Class : Broswername = chrome
[INFO ] 2024-10-29 01:13:20.604 [TestNG-PoolService-2] LoggerLoad - Signed In user is in array page
[INFO ] 2024-10-29 01:13:20.694 [TestNG-PoolService-3] LoggerLoad - Valid and Invalid code are validated
[INFO ] 2024-10-29 01:13:20.717 [TestNG-PoolService-4] LoggerLoad - Signed In user is in array page
[INFO ] 2024-10-29 01:13:22.165 [TestNG-PoolService-3] LoggerLoad - In Hooks Class : Broswername = chrome
[INFO ] 2024-10-29 01:13:23.412 [TestNG-PoolService-3] LoggerLoad - Signed In user is in array page
[INFO ] 2024-10-29 01:13:23.444 [TestNG-PoolService-2] LoggerLoad - In Hooks Class : Broswername = chrome
[INFO ] 2024-10-29 01:13:24.465 [TestNG-PoolService-2] LoggerLoad - Signed In user is in array page
[INFO ] 2024-10-29 01:13:25.577 [TestNG-PoolService-1] LoggerLoad - Valid and Invalid code are validated
[INFO ] 2024-10-29 01:13:26.595 [TestNG-PoolService-3] LoggerLoad - In Hooks Class : Broswername = chrome
[INFO ] 2024-10-29 01:13:26.972 [TestNG-PoolService-1] LoggerLoad - In Hooks Class : Broswername = chrome
[INFO ] 2024-10-29 01:13:27.424 [TestNG-PoolService-4] LoggerLoad - Valid and Invalid code are validated
[INFO ] 2024-10-29 01:13:27.733 [TestNG-PoolService-3] LoggerLoad - Signed In user is in array page
[INFO ] 2024-10-29 01:13:28.059 [TestNG-PoolService-1] LoggerLoad - Signed In user is in array page
[INFO ] 2024-10-29 01:13:28.806 [TestNG-PoolService-4] LoggerLoad - In Hooks Class : Broswername = chrome
[INFO ] 2024-10-29 01:13:29.903 [TestNG-PoolService-4] LoggerLoad - Signed In user is in array page
[INFO ] 2024-10-29 01:13:30.612 [TestNG-PoolService-1] LoggerLoad - In Hooks Class : Broswername = chrome
[INFO ] 2024-10-29 01:13:31.155 [TestNG-PoolService-2] LoggerLoad - Valid and Invalid code are validated
[INFO ] 2024-10-29 01:13:31.766 [TestNG-PoolService-1] LoggerLoad - Signed In user is in array page
[INFO ] 2024-10-29 01:13:32.618 [TestNG-PoolService-2] LoggerLoad - In Hooks Class : Broswername = chrome
[INFO ] 2024-10-29 01:13:33.274 [TestNG-PoolService-4] LoggerLoad - In Hooks Class : Broswername = chrome
[INFO ] 2024-10-29 01:13:33.741 [TestNG-PoolService-2] LoggerLoad - Signed In user is in array page
[INFO ] 2024-10-29 01:13:34.107 [TestNG-PoolService-3] LoggerLoad - Valid and Invalid code are validated
[INFO ] 2024-10-29 01:13:34.439 [TestNG-PoolService-4] LoggerLoad - Signed In user is in array page
[INFO ] 2024-10-29 01:13:35.438 [TestNG-PoolService-3] LoggerLoad - In Hooks Class : Broswername = chrome
[INFO ] 2024-10-29 01:13:36.658 [TestNG-PoolService-3] LoggerLoad - Signed In user is in array page
[INFO ] 2024-10-29 01:13:37.102 [TestNG-PoolService-4] LoggerLoad - In Hooks Class : Broswername = chrome
[INFO ] 2024-10-29 01:13:38.247 [TestNG-PoolService-4] LoggerLoad - Signed In user is in array page
[INFO ] 2024-10-29 01:13:38.374 [TestNG-PoolService-1] LoggerLoad - Valid and Invalid code are validated
[INFO ] 2024-10-29 01:13:39.743 [TestNG-PoolService-3] LoggerLoad - In Hooks Class : Broswername = chrome
[INFO ] 2024-10-29 01:13:39.974 [TestNG-PoolService-1] LoggerLoad - In Hooks Class : Broswername = chrome
[INFO ] 2024-10-29 01:13:40.309 [TestNG-PoolService-2] LoggerLoad - Valid and Invalid code are validated
[INFO ] 2024-10-29 01:13:41.053 [TestNG-PoolService-3] LoggerLoad - Signed In user is in array page
[INFO ] 2024-10-29 01:13:41.192 [TestNG-PoolService-1] LoggerLoad - Signed In user is in array page
[INFO ] 2024-10-29 01:13:41.707 [TestNG-PoolService-2] LoggerLoad - In Hooks Class : Broswername = chrome
[INFO ] 2024-10-29 01:13:42.866 [TestNG-PoolService-2] LoggerLoad - Signed In user is in array page
[INFO ] 2024-10-29 01:13:43.729 [TestNG-PoolService-3] LoggerLoad - In Hooks Class : Broswername = chrome
[INFO ] 2024-10-29 01:13:44.764 [TestNG-PoolService-3] LoggerLoad - Signed In user is in array page
[INFO ] 2024-10-29 01:13:45.173 [TestNG-PoolService-4] LoggerLoad - Valid and Invalid code are validated
[INFO ] 2024-10-29 01:13:46.556 [TestNG-PoolService-2] LoggerLoad - In Hooks Class : Broswername = chrome
[INFO ] 2024-10-29 01:13:46.609 [TestNG-PoolService-4] LoggerLoad - In Hooks Class : Broswername = chrome
[INFO ] 2024-10-29 01:13:47.670 [TestNG-PoolService-2] LoggerLoad - Signed In user is in array page
[INFO ] 2024-10-29 01:13:47.698 [TestNG-PoolService-1] LoggerLoad - Valid and Invalid code are validated
[INFO ] 2024-10-29 01:13:47.705 [TestNG-PoolService-4] LoggerLoad - Signed In user is in array page
[INFO ] 2024-10-29 01:13:49.022 [TestNG-PoolService-1] LoggerLoad - In Hooks Class : Broswername = chrome
[INFO ] 2024-10-29 01:13:49.356 [TestNG-PoolService-4] LoggerLoad - In Hooks Class : Broswername = chrome
[INFO ] 2024-10-29 01:13:50.150 [TestNG-PoolService-1] LoggerLoad - Signed In user is in array page
[INFO ] 2024-10-29 01:13:50.431 [TestNG-PoolService-4] LoggerLoad - Signed In user is in array page
[INFO ] 2024-10-29 01:13:51.465 [TestNG-PoolService-3] LoggerLoad - Valid and Invalid code are validated
[INFO ] 2024-10-29 01:13:51.560 [TestNG-PoolService-1] LoggerLoad - In Hooks Class : Broswername = chrome
[INFO ] 2024-10-29 01:13:52.889 [TestNG-PoolService-3] LoggerLoad - In Hooks Class : Broswername = chrome
[INFO ] 2024-10-29 01:13:52.924 [TestNG-PoolService-1] LoggerLoad - Signed In user is in array page
[INFO ] 2024-10-29 01:13:53.751 [TestNG-PoolService-4] LoggerLoad - In Hooks Class : Broswername = chrome
[INFO ] 2024-10-29 01:13:54.104 [TestNG-PoolService-3] LoggerLoad - Signed In user is in array page
[INFO ] 2024-10-29 01:13:54.411 [TestNG-PoolService-2] LoggerLoad - Valid and Invalid code are validated
[INFO ] 2024-10-29 01:13:55.007 [TestNG-PoolService-4] LoggerLoad - Signed In user is in array page
[INFO ] 2024-10-29 01:13:55.793 [TestNG-PoolService-2] LoggerLoad - In Hooks Class : Broswername = chrome
[INFO ] 2024-10-29 01:13:57.146 [TestNG-PoolService-2] LoggerLoad - Signed In user is in array page
[INFO ] 2024-10-29 01:13:57.390 [TestNG-PoolService-1] LoggerLoad - In Hooks Class : Broswername = chrome
[INFO ] 2024-10-29 01:13:57.942 [TestNG-PoolService-3] LoggerLoad - In Hooks Class : Broswername = chrome
[INFO ] 2024-10-29 01:13:58.675 [TestNG-PoolService-1] LoggerLoad - Signed In user is in array page
[INFO ] 2024-10-29 01:13:59.124 [TestNG-PoolService-4] LoggerLoad - In Hooks Class : Broswername = chrome
[INFO ] 2024-10-29 01:13:59.256 [TestNG-PoolService-3] LoggerLoad - Signed In user is in array page
[INFO ] 2024-10-29 01:14:00.331 [TestNG-PoolService-4] LoggerLoad - Signed In user is in array page
[INFO ] 2024-10-29 01:14:03.901 [TestNG-PoolService-2] LoggerLoad - Valid and Invalid code are validated
[INFO ] 2024-10-29 01:14:05.053 [TestNG-PoolService-2] LoggerLoad - In Hooks Class : Broswername = chrome
[INFO ] 2024-10-29 01:14:05.097 [TestNG-PoolService-1] LoggerLoad - Valid and Invalid code are validated
[INFO ] 2024-10-29 01:14:05.577 [TestNG-PoolService-3] LoggerLoad - Valid and Invalid code are validated
[INFO ] 2024-10-29 01:14:06.210 [TestNG-PoolService-2] LoggerLoad - Signed In user is in array page
[INFO ] 2024-10-29 01:14:06.376 [TestNG-PoolService-1] LoggerLoad - In Hooks Class : Broswername = chrome
[INFO ] 2024-10-29 01:14:06.821 [TestNG-PoolService-4] LoggerLoad - Valid and Invalid code are validated
[INFO ] 2024-10-29 01:14:07.090 [TestNG-PoolService-3] LoggerLoad - In Hooks Class : Broswername = chrome
[INFO ] 2024-10-29 01:14:07.689 [TestNG-PoolService-1] LoggerLoad - Signed In user is in array page
[INFO ] 2024-10-29 01:14:08.122 [TestNG-PoolService-4] LoggerLoad - In Hooks Class : Broswername = chrome
[INFO ] 2024-10-29 01:14:08.532 [TestNG-PoolService-3] LoggerLoad - Signed In user is in array page
[INFO ] 2024-10-29 01:14:09.411 [TestNG-PoolService-4] LoggerLoad - Signed In user is in array page
[INFO ] 2024-10-29 01:14:13.237 [TestNG-PoolService-2] LoggerLoad - Valid and Invalid code are validated
[INFO ] 2024-10-29 01:14:14.137 [TestNG-PoolService-1] LoggerLoad - Valid and Invalid code are validated
[INFO ] 2024-10-29 01:14:14.503 [TestNG-PoolService-2] LoggerLoad - In Hooks Class : Broswername = chrome
[INFO ] 2024-10-29 01:14:15.157 [TestNG-PoolService-3] LoggerLoad - Valid and Invalid code are validated
[INFO ] 2024-10-29 01:14:15.561 [TestNG-PoolService-1] LoggerLoad - In Hooks Class : Broswername = chrome
[INFO ] 2024-10-29 01:14:15.638 [TestNG-PoolService-4] LoggerLoad - Valid and Invalid code are validated
[INFO ] 2024-10-29 01:14:16.637 [TestNG-PoolService-2] LoggerLoad - In Hooks Class : Broswername = chrome
[INFO ] 2024-10-29 01:14:16.859 [TestNG-PoolService-3] LoggerLoad - In Hooks Class : Broswername = chrome
[INFO ] 2024-10-29 01:14:17.711 [TestNG-PoolService-4] LoggerLoad - In Hooks Class : Broswername = chrome
[INFO ] 2024-10-29 01:14:20.888 [TestNG-PoolService-1] LoggerLoad - In Hooks Class : Broswername = chrome
[INFO ] 2024-10-29 01:14:22.084 [TestNG-PoolService-3] LoggerLoad - In Hooks Class : Broswername = chrome
[INFO ] 2024-10-29 01:14:22.207 [TestNG-PoolService-2] LoggerLoad - In Hooks Class : Broswername = chrome
[INFO ] 2024-10-29 01:14:26.053 [TestNG-PoolService-4] LoggerLoad - In Hooks Class : Broswername = chrome
[INFO ] 2024-10-29 01:14:27.409 [TestNG-PoolService-3] LoggerLoad - In Hooks Class : Broswername = chrome
[INFO ] 2024-10-29 01:14:27.717 [TestNG-PoolService-4] LoggerLoad - In Hooks Class : Broswername = chrome
[INFO ] 2024-10-29 01:14:29.778 [TestNG-PoolService-3] LoggerLoad - In Hooks Class : Broswername = chrome
[INFO ] 2024-10-29 01:14:29.793 [TestNG-PoolService-1] LoggerLoad - In Hooks Class : Broswername = chrome
[INFO ] 2024-10-29 01:14:31.066 [TestNG-PoolService-2] LoggerLoad - In Hooks Class : Broswername = chrome
[INFO ] 2024-10-29 01:14:31.308 [TestNG-PoolService-3] LoggerLoad - Signed In user is in array page
[INFO ] 2024-10-29 01:14:31.391 [TestNG-PoolService-4] LoggerLoad - In Hooks Class : Broswername = chrome
[INFO ] 2024-10-29 01:14:31.477 [TestNG-PoolService-1] LoggerLoad - Signed In user is in array page
[INFO ] 2024-10-29 01:14:32.401 [TestNG-PoolService-2] LoggerLoad - Signed In user is in array page
[INFO ] 2024-10-29 01:14:32.770 [TestNG-PoolService-4] LoggerLoad - Signed In user is in array page
[INFO ] 2024-10-29 01:14:33.390 [TestNG-PoolService-3] LoggerLoad - In Hooks Class : Broswername = chrome
[INFO ] 2024-10-29 01:14:33.663 [TestNG-PoolService-1] LoggerLoad - In Hooks Class : Broswername = chrome
[INFO ] 2024-10-29 01:14:34.671 [TestNG-PoolService-2] LoggerLoad - In Hooks Class : Broswername = chrome
[INFO ] 2024-10-29 01:14:34.774 [TestNG-PoolService-3] LoggerLoad - Signed In user is in array page
[INFO ] 2024-10-29 01:14:34.964 [TestNG-PoolService-1] LoggerLoad - Signed In user is in array page
[INFO ] 2024-10-29 01:14:35.961 [TestNG-PoolService-2] LoggerLoad - Signed In user is in array page
[INFO ] 2024-10-29 01:14:36.821 [TestNG-PoolService-4] LoggerLoad - In Hooks Class : Broswername = chrome
[INFO ] 2024-10-29 01:14:38.322 [TestNG-PoolService-4] LoggerLoad - Signed In user is in array page
[INFO ] 2024-10-29 01:14:38.937 [TestNG-PoolService-1] LoggerLoad - In Hooks Class : Broswername = chrome
[INFO ] 2024-10-29 01:14:38.937 [TestNG-PoolService-3] LoggerLoad - In Hooks Class : Broswername = chrome
[INFO ] 2024-10-29 01:14:40.106 [TestNG-PoolService-2] LoggerLoad - In Hooks Class : Broswername = chrome
[INFO ] 2024-10-29 01:14:40.335 [TestNG-PoolService-3] LoggerLoad - Signed In user is in array page
[INFO ] 2024-10-29 01:14:40.362 [TestNG-PoolService-1] LoggerLoad - Signed In user is in array page
[INFO ] 2024-10-29 01:14:41.359 [TestNG-PoolService-2] LoggerLoad - Signed In user is in array page
[INFO ] 2024-10-29 01:14:45.282 [TestNG-PoolService-4] LoggerLoad - Valid and Invalid code are validated
[INFO ] 2024-10-29 01:14:46.413 [TestNG-PoolService-4] LoggerLoad - In Hooks Class : Broswername = chrome
[INFO ] 2024-10-29 01:14:47.281 [TestNG-PoolService-3] LoggerLoad - Valid and Invalid code are validated
[INFO ] 2024-10-29 01:14:47.433 [TestNG-PoolService-1] LoggerLoad - Valid and Invalid code are validated
[INFO ] 2024-10-29 01:14:47.478 [TestNG-PoolService-4] LoggerLoad - Signed In user is in array page
[INFO ] 2024-10-29 01:14:48.686 [TestNG-PoolService-2] LoggerLoad - Valid and Invalid code are validated
[INFO ] 2024-10-29 01:14:48.742 [TestNG-PoolService-3] LoggerLoad - In Hooks Class : Broswername = chrome
[INFO ] 2024-10-29 01:14:48.863 [TestNG-PoolService-1] LoggerLoad - In Hooks Class : Broswername = chrome
[INFO ] 2024-10-29 01:14:50.165 [TestNG-PoolService-3] LoggerLoad - Signed In user is in array page
[INFO ] 2024-10-29 01:14:50.243 [TestNG-PoolService-2] LoggerLoad - In Hooks Class : Broswername = chrome
[INFO ] 2024-10-29 01:14:50.248 [TestNG-PoolService-1] LoggerLoad - Signed In user is in array page
[INFO ] 2024-10-29 01:14:51.377 [TestNG-PoolService-2] LoggerLoad - Signed In user is in array page
[INFO ] 2024-10-29 01:14:54.187 [TestNG-PoolService-4] LoggerLoad - Valid and Invalid code are validated
[INFO ] 2024-10-29 01:14:55.295 [TestNG-PoolService-4] LoggerLoad - In Hooks Class : Broswername = chrome
[INFO ] 2024-10-29 01:14:56.431 [TestNG-PoolService-4] LoggerLoad - Signed In user is in array page
[INFO ] 2024-10-29 01:14:56.558 [TestNG-PoolService-3] LoggerLoad - Valid and Invalid code are validated
[INFO ] 2024-10-29 01:14:56.642 [TestNG-PoolService-1] LoggerLoad - Valid and Invalid code are validated
[INFO ] 2024-10-29 01:14:58.362 [TestNG-PoolService-2] LoggerLoad - Valid and Invalid code are validated
[INFO ] 2024-10-29 01:14:58.664 [TestNG-PoolService-1] LoggerLoad - In Hooks Class : Broswername = chrome
[INFO ] 2024-10-29 01:14:58.676 [TestNG-PoolService-3] LoggerLoad - In Hooks Class : Broswername = chrome
[INFO ] 2024-10-29 01:14:58.726 [TestNG-PoolService-4] LoggerLoad - In Hooks Class : Broswername = chrome
[INFO ] 2024-10-29 01:14:59.952 [TestNG-PoolService-2] LoggerLoad - In Hooks Class : Broswername = chrome
[INFO ] 2024-10-29 01:15:00.257 [TestNG-PoolService-3] LoggerLoad - Signed In user is in array page
[INFO ] 2024-10-29 01:15:00.320 [TestNG-PoolService-4] LoggerLoad - Signed In user is in array page
[INFO ] 2024-10-29 01:15:00.494 [TestNG-PoolService-1] LoggerLoad - Signed In user is in array page
[INFO ] 2024-10-29 01:15:01.302 [TestNG-PoolService-2] LoggerLoad - Signed In user is in array page
[INFO ] 2024-10-29 01:15:01.685 [TestNG-PoolService-3] LoggerLoad - In Hooks Class : Broswername = chrome
[INFO ] 2024-10-29 01:15:02.747 [TestNG-PoolService-3] LoggerLoad - Signed In user is in array page
[INFO ] 2024-10-29 01:15:04.900 [TestNG-PoolService-4] LoggerLoad - In Hooks Class : Broswername = chrome
[INFO ] 2024-10-29 01:15:05.944 [TestNG-PoolService-1] LoggerLoad - In Hooks Class : Broswername = chrome
[INFO ] 2024-10-29 01:15:06.227 [TestNG-PoolService-2] LoggerLoad - In Hooks Class : Broswername = chrome
[INFO ] 2024-10-29 01:15:06.286 [TestNG-PoolService-4] LoggerLoad - Signed In user is in array page
[INFO ] 2024-10-29 01:15:07.417 [TestNG-PoolService-3] LoggerLoad - In Hooks Class : Broswername = chrome
[INFO ] 2024-10-29 01:15:07.445 [TestNG-PoolService-1] LoggerLoad - Signed In user is in array page
[INFO ] 2024-10-29 01:15:07.644 [TestNG-PoolService-2] LoggerLoad - Signed In user is in array page
[INFO ] 2024-10-29 01:15:08.451 [TestNG-PoolService-3] LoggerLoad - Signed In user is in array page
[INFO ] 2024-10-29 01:15:11.074 [TestNG-PoolService-4] LoggerLoad - In Hooks Class : Broswername = chrome
[INFO ] 2024-10-29 01:15:12.403 [TestNG-PoolService-1] LoggerLoad - In Hooks Class : Broswername = chrome
[INFO ] 2024-10-29 01:15:12.590 [TestNG-PoolService-2] LoggerLoad - In Hooks Class : Broswername = chrome
[INFO ] 2024-10-29 01:15:12.760 [TestNG-PoolService-4] LoggerLoad - Signed In user is in array page
[INFO ] 2024-10-29 01:15:13.679 [TestNG-PoolService-3] LoggerLoad - In Hooks Class : Broswername = chrome
[INFO ] 2024-10-29 01:15:13.835 [TestNG-PoolService-1] LoggerLoad - Signed In user is in array page
[INFO ] 2024-10-29 01:15:13.949 [TestNG-PoolService-2] LoggerLoad - Signed In user is in array page
[INFO ] 2024-10-29 01:15:14.772 [TestNG-PoolService-3] LoggerLoad - Signed In user is in array page
[INFO ] 2024-10-29 01:15:17.409 [TestNG-PoolService-4] LoggerLoad - In Hooks Class : Broswername = chrome
[INFO ] 2024-10-29 01:15:18.944 [TestNG-PoolService-2] LoggerLoad - In Hooks Class : Broswername = chrome
[INFO ] 2024-10-29 01:15:19.358 [TestNG-PoolService-4] LoggerLoad - Signed In user is in array page
[INFO ] 2024-10-29 01:15:19.406 [TestNG-PoolService-1] LoggerLoad - In Hooks Class : Broswername = chrome
[INFO ] 2024-10-29 01:15:20.019 [TestNG-PoolService-3] LoggerLoad - In Hooks Class : Broswername = chrome
[INFO ] 2024-10-29 01:15:20.270 [TestNG-PoolService-2] LoggerLoad - Signed In user is in array page
[INFO ] 2024-10-29 01:15:20.574 [TestNG-PoolService-1] LoggerLoad - Signed In user is in array page
[INFO ] 2024-10-29 01:15:21.081 [TestNG-PoolService-3] LoggerLoad - Signed In user is in array page
[INFO ] 2024-10-29 01:15:23.601 [TestNG-PoolService-4] LoggerLoad - In Hooks Class : Broswername = chrome
[INFO ] 2024-10-29 01:15:24.680 [TestNG-PoolService-4] LoggerLoad - Signed In user is in array page
[INFO ] 2024-10-29 01:15:27.817 [TestNG-PoolService-2] LoggerLoad - Valid and Invalid code are validated
[INFO ] 2024-10-29 01:15:28.323 [TestNG-PoolService-1] LoggerLoad - Valid and Invalid code are validated
[INFO ] 2024-10-29 01:15:28.842 [TestNG-PoolService-3] LoggerLoad - Valid and Invalid code are validated
[INFO ] 2024-10-29 01:15:29.284 [TestNG-PoolService-2] LoggerLoad - In Hooks Class : Broswername = chrome
[INFO ] 2024-10-29 01:15:30.375 [TestNG-PoolService-3] LoggerLoad - In Hooks Class : Broswername = chrome
[INFO ] 2024-10-29 01:15:30.470 [TestNG-PoolService-1] LoggerLoad - In Hooks Class : Broswername = chrome
[INFO ] 2024-10-29 01:15:30.680 [TestNG-PoolService-2] LoggerLoad - Signed In user is in array page
[INFO ] 2024-10-29 01:15:31.507 [TestNG-PoolService-3] LoggerLoad - Signed In user is in array page
[INFO ] 2024-10-29 01:15:31.600 [TestNG-PoolService-1] LoggerLoad - Signed In user is in array page
[INFO ] 2024-10-29 01:15:31.933 [TestNG-PoolService-4] LoggerLoad - Valid and Invalid code are validated
[INFO ] 2024-10-29 01:15:33.148 [TestNG-PoolService-4] LoggerLoad - In Hooks Class : Broswername = chrome
[INFO ] 2024-10-29 01:15:34.309 [TestNG-PoolService-4] LoggerLoad - Signed In user is in array page
[INFO ] 2024-10-29 01:15:38.265 [TestNG-PoolService-2] LoggerLoad - Valid and Invalid code are validated
[INFO ] 2024-10-29 01:15:38.926 [TestNG-PoolService-3] LoggerLoad - Valid and Invalid code are validated
[INFO ] 2024-10-29 01:15:39.133 [TestNG-PoolService-1] LoggerLoad - Valid and Invalid code are validated
[INFO ] 2024-10-29 01:15:39.723 [TestNG-PoolService-2] LoggerLoad - In Hooks Class : Broswername = chrome
[INFO ] 2024-10-29 01:15:41.172 [TestNG-PoolService-3] LoggerLoad - In Hooks Class : Broswername = chrome
[INFO ] 2024-10-29 01:15:41.172 [TestNG-PoolService-1] LoggerLoad - In Hooks Class : Broswername = chrome
[INFO ] 2024-10-29 01:15:41.400 [TestNG-PoolService-2] LoggerLoad - Signed In user is in array page
[INFO ] 2024-10-29 01:15:41.668 [TestNG-PoolService-4] LoggerLoad - Valid and Invalid code are validated
[INFO ] 2024-10-29 01:15:42.527 [TestNG-PoolService-1] LoggerLoad - Signed In user is in array page
[INFO ] 2024-10-29 01:15:42.534 [TestNG-PoolService-3] LoggerLoad - Signed In user is in array page
[INFO ] 2024-10-29 01:15:42.936 [TestNG-PoolService-4] LoggerLoad - In Hooks Class : Broswername = chrome
[INFO ] 2024-10-29 01:15:44.362 [TestNG-PoolService-4] LoggerLoad - Signed In user is in array page
[INFO ] 2024-10-29 01:15:49.061 [TestNG-PoolService-2] LoggerLoad - Valid and Invalid code are validated
[INFO ] 2024-10-29 01:15:50.063 [TestNG-PoolService-1] LoggerLoad - Valid and Invalid code are validated
[INFO ] 2024-10-29 01:15:50.112 [TestNG-PoolService-3] LoggerLoad - Valid and Invalid code are validated
[INFO ] 2024-10-29 01:15:50.253 [TestNG-PoolService-2] LoggerLoad - In Hooks Class : Broswername = chrome
[INFO ] 2024-10-29 01:15:51.247 [TestNG-PoolService-1] LoggerLoad - In Hooks Class : Broswername = chrome
[INFO ] 2024-10-29 01:15:51.471 [TestNG-PoolService-2] LoggerLoad - Signed In user is in array page
[INFO ] 2024-10-29 01:15:51.618 [TestNG-PoolService-4] LoggerLoad - Valid and Invalid code are validated
[INFO ] 2024-10-29 01:15:52.580 [TestNG-PoolService-1] LoggerLoad - Signed In user is in array page
[INFO ] 2024-10-29 01:15:53.073 [TestNG-PoolService-4] LoggerLoad - In Hooks Class : Broswername = chrome
[INFO ] 2024-10-29 01:15:53.098 [TestNG-PoolService-3] LoggerLoad - In Hooks Class : Broswername = chrome
[INFO ] 2024-10-29 01:15:54.193 [TestNG-PoolService-4] LoggerLoad - Signed In user is in array page
[INFO ] 2024-10-29 01:15:54.270 [TestNG-PoolService-3] LoggerLoad - Signed In user is in array page
[INFO ] 2024-10-29 01:15:58.877 [TestNG-PoolService-2] LoggerLoad - Valid and Invalid code are validated
[INFO ] 2024-10-29 01:15:59.910 [TestNG-PoolService-2] LoggerLoad - In Hooks Class : Broswername = chrome
[INFO ] 2024-10-29 01:15:59.952 [TestNG-PoolService-1] LoggerLoad - Valid and Invalid code are validated
[INFO ] 2024-10-29 01:16:01.104 [TestNG-PoolService-2] LoggerLoad - Signed In user is in array page
[INFO ] 2024-10-29 01:16:01.156 [TestNG-PoolService-1] LoggerLoad - In Hooks Class : Broswername = chrome
[INFO ] 2024-10-29 01:16:01.502 [TestNG-PoolService-4] LoggerLoad - Valid and Invalid code are validated
[INFO ] 2024-10-29 01:16:01.549 [TestNG-PoolService-3] LoggerLoad - Valid and Invalid code are validated
[INFO ] 2024-10-29 01:16:02.476 [TestNG-PoolService-1] LoggerLoad - Signed In user is in array page
[INFO ] 2024-10-29 01:16:03.178 [TestNG-PoolService-4] LoggerLoad - In Hooks Class : Broswername = chrome
[INFO ] 2024-10-29 01:16:03.211 [TestNG-PoolService-3] LoggerLoad - In Hooks Class : Broswername = chrome
[INFO ] 2024-10-29 01:16:04.330 [TestNG-PoolService-4] LoggerLoad - Signed In user is in array page
[INFO ] 2024-10-29 01:16:04.377 [TestNG-PoolService-3] LoggerLoad - Signed In user is in array page
[INFO ] 2024-10-29 01:16:08.550 [TestNG-PoolService-2] LoggerLoad - Valid and Invalid code are validated
[INFO ] 2024-10-29 01:16:09.768 [TestNG-PoolService-2] LoggerLoad - In Hooks Class : Broswername = chrome
[INFO ] 2024-10-29 01:16:09.888 [TestNG-PoolService-1] LoggerLoad - Valid and Invalid code are validated
[INFO ] 2024-10-29 01:16:10.868 [TestNG-PoolService-1] LoggerLoad - In Hooks Class : Broswername = chrome
[INFO ] 2024-10-29 01:16:10.930 [TestNG-PoolService-2] LoggerLoad - Signed In user is in array page
[INFO ] 2024-10-29 01:16:11.673 [TestNG-PoolService-3] LoggerLoad - Valid and Invalid code are validated
[INFO ] 2024-10-29 01:16:11.673 [TestNG-PoolService-4] LoggerLoad - Valid and Invalid code are validated
[INFO ] 2024-10-29 01:16:11.904 [TestNG-PoolService-1] LoggerLoad - Signed In user is in array page
[INFO ] 2024-10-29 01:16:13.056 [TestNG-PoolService-4] LoggerLoad - In Hooks Class : Broswername = chrome
[INFO ] 2024-10-29 01:16:13.103 [TestNG-PoolService-3] LoggerLoad - In Hooks Class : Broswername = chrome
[INFO ] 2024-10-29 01:16:14.209 [TestNG-PoolService-4] LoggerLoad - Signed In user is in array page
[INFO ] 2024-10-29 01:16:14.229 [TestNG-PoolService-3] LoggerLoad - Signed In user is in array page
[INFO ] 2024-10-29 01:16:18.318 [TestNG-PoolService-2] LoggerLoad - Valid and Invalid code are validated
[INFO ] 2024-10-29 01:16:19.526 [TestNG-PoolService-2] LoggerLoad - In Hooks Class : Broswername = chrome
[INFO ] 2024-10-29 01:16:19.717 [TestNG-PoolService-1] LoggerLoad - Valid and Invalid code are validated
[INFO ] 2024-10-29 01:16:20.625 [TestNG-PoolService-2] LoggerLoad - Signed In user is in array page
[INFO ] 2024-10-29 01:16:20.909 [TestNG-PoolService-1] LoggerLoad - In Hooks Class : Broswername = chrome
[INFO ] 2024-10-29 01:16:21.568 [TestNG-PoolService-3] LoggerLoad - Valid and Invalid code are validated
[INFO ] 2024-10-29 01:16:21.574 [TestNG-PoolService-4] LoggerLoad - Valid and Invalid code are validated
[INFO ] 2024-10-29 01:16:22.004 [TestNG-PoolService-1] LoggerLoad - Signed In user is in array page
[INFO ] 2024-10-29 01:16:27.991 [TestNG-PoolService-2] LoggerLoad - Valid and Invalid code are validated
[INFO ] 2024-10-29 01:16:29.259 [TestNG-PoolService-1] LoggerLoad - Valid and Invalid code are validated
[INFO ] 2024-10-29 11:31:54.460 [TestNG-PoolService-1] LoggerLoad - In Hooks Class : Broswername = chrome
[INFO ] 2024-10-29 11:31:54.460 [TestNG-PoolService-2] LoggerLoad - In Hooks Class : Broswername = chrome
[INFO ] 2024-10-29 11:31:54.460 [TestNG-PoolService-4] LoggerLoad - In Hooks Class : Broswername = chrome
[INFO ] 2024-10-29 11:31:54.460 [TestNG-PoolService-3] LoggerLoad - In Hooks Class : Broswername = chrome
[INFO ] 2024-10-29 11:31:56.411 [TestNG-PoolService-2] LoggerLoad - Signed In user is in array page
[INFO ] 2024-10-29 11:31:56.411 [TestNG-PoolService-3] LoggerLoad - Signed In user is in array page
[INFO ] 2024-10-29 11:31:56.457 [TestNG-PoolService-4] LoggerLoad - Signed In user is in array page
[INFO ] 2024-10-29 11:31:56.466 [TestNG-PoolService-1] LoggerLoad - Signed In user is in array page
[INFO ] 2024-10-29 11:32:00.378 [TestNG-PoolService-3] LoggerLoad - In Array Page Text Editor
[INFO ] 2024-10-29 11:32:00.378 [TestNG-PoolService-4] LoggerLoad - In Array Page Text Editor
[INFO ] 2024-10-29 11:32:00.379 [TestNG-PoolService-1] LoggerLoad - In Array Page Text Editor
[INFO ] 2024-10-29 11:32:00.383 [TestNG-PoolService-2] LoggerLoad - In Array Page Text Editor
[INFO ] 2024-10-29 11:32:02.951 [TestNG-PoolService-4] LoggerLoad - In Array Page Text Editor
[INFO ] 2024-10-29 11:32:02.968 [TestNG-PoolService-2] LoggerLoad - In Array Page Text Editor
[INFO ] 2024-10-29 11:32:02.969 [TestNG-PoolService-3] LoggerLoad - In Array Page Text Editor
[INFO ] 2024-10-29 11:32:03.156 [TestNG-PoolService-1] LoggerLoad - In Array Page Text Editor
[INFO ] 2024-10-29 11:32:04.862 [TestNG-PoolService-1] LoggerLoad - In Hooks Class : Broswername = chrome
[INFO ] 2024-10-29 11:32:04.949 [TestNG-PoolService-3] LoggerLoad - In Hooks Class : Broswername = chrome
[INFO ] 2024-10-29 11:32:05.019 [TestNG-PoolService-2] LoggerLoad - In Hooks Class : Broswername = chrome
[INFO ] 2024-10-29 11:32:05.074 [TestNG-PoolService-4] LoggerLoad - In Hooks Class : Broswername = chrome
[INFO ] 2024-10-29 11:32:06.233 [TestNG-PoolService-1] LoggerLoad - Signed In user is in array page
[INFO ] 2024-10-29 11:32:06.250 [TestNG-PoolService-3] LoggerLoad - Signed In user is in array page
[INFO ] 2024-10-29 11:32:06.263 [TestNG-PoolService-2] LoggerLoad - Signed In user is in array page
[INFO ] 2024-10-29 11:32:06.275 [TestNG-PoolService-4] LoggerLoad - Signed In user is in array page
[INFO ] 2024-10-29 11:32:06.335 [TestNG-PoolService-1] LoggerLoad - Page Title is : Practice Questions
[INFO ] 2024-10-29 11:32:06.382 [TestNG-PoolService-3] LoggerLoad - Page Title is : Practice Questions
[INFO ] 2024-10-29 11:32:06.416 [TestNG-PoolService-2] LoggerLoad - Page Title is : Practice Questions
[INFO ] 2024-10-29 11:32:06.439 [TestNG-PoolService-4] LoggerLoad - Page Title is : Practice Questions
[INFO ] 2024-10-29 11:32:08.090 [TestNG-PoolService-4] LoggerLoad - Python code
[INFO ] 2024-10-29 11:32:08.114 [TestNG-PoolService-2] LoggerLoad - Python code
[INFO ] 2024-10-29 11:32:08.170 [TestNG-PoolService-4] LoggerLoad - Page Title is : Assessment
[INFO ] 2024-10-29 11:32:08.195 [TestNG-PoolService-2] LoggerLoad - Page Title is : Assessment
[INFO ] 2024-10-29 11:32:08.267 [TestNG-PoolService-1] LoggerLoad - Python code
[INFO ] 2024-10-29 11:32:08.335 [TestNG-PoolService-3] LoggerLoad - Python code
[INFO ] 2024-10-29 11:32:08.355 [TestNG-PoolService-1] LoggerLoad - Page Title is : Assessment
[INFO ] 2024-10-29 11:32:08.425 [TestNG-PoolService-3] LoggerLoad - Page Title is : Assessment
[INFO ] 2024-10-29 11:32:09.605 [TestNG-PoolService-1] LoggerLoad - In Hooks Class : Broswername = chrome
[INFO ] 2024-10-29 11:32:09.741 [TestNG-PoolService-2] LoggerLoad - In Hooks Class : Broswername = chrome
[INFO ] 2024-10-29 11:32:09.865 [TestNG-PoolService-4] LoggerLoad - In Hooks Class : Broswername = chrome
[INFO ] 2024-10-29 11:32:09.990 [TestNG-PoolService-3] LoggerLoad - In Hooks Class : Broswername = chrome
[INFO ] 2024-10-29 11:32:11.459 [TestNG-PoolService-2] LoggerLoad - In Hooks Class : Broswername = chrome
[INFO ] 2024-10-29 11:32:11.925 [TestNG-PoolService-1] LoggerLoad - In Hooks Class : Broswername = chrome
[INFO ] 2024-10-29 11:32:12.167 [TestNG-PoolService-4] LoggerLoad - In Hooks Class : Broswername = chrome
[INFO ] 2024-10-29 11:32:12.435 [TestNG-PoolService-3] LoggerLoad - In Hooks Class : Broswername = chrome
[INFO ] 2024-10-29 11:32:12.996 [TestNG-PoolService-1] LoggerLoad - Signed In user is in array page
[INFO ] 2024-10-29 11:32:13.321 [TestNG-PoolService-2] LoggerLoad - In Hooks Class : Broswername = chrome
[INFO ] 2024-10-29 11:32:13.347 [TestNG-PoolService-4] LoggerLoad - Signed In user is in array page
[INFO ] 2024-10-29 11:32:13.611 [TestNG-PoolService-3] LoggerLoad - Signed In user is in array page
[INFO ] 2024-10-29 11:32:14.544 [TestNG-PoolService-2] LoggerLoad - Signed In user is in array page
[INFO ] 2024-10-29 11:32:14.646 [TestNG-PoolService-1] LoggerLoad - In Hooks Class : Broswername = chrome
[INFO ] 2024-10-29 11:32:14.748 [TestNG-PoolService-4] LoggerLoad - In Hooks Class : Broswername = chrome
[INFO ] 2024-10-29 11:32:15.762 [TestNG-PoolService-1] LoggerLoad - Signed In user is in array page
[INFO ] 2024-10-29 11:32:15.801 [TestNG-PoolService-4] LoggerLoad - Signed In user is in array page
[INFO ] 2024-10-29 11:32:15.867 [TestNG-PoolService-3] LoggerLoad - In Hooks Class : Broswername = chrome
[INFO ] 2024-10-29 11:32:16.734 [TestNG-PoolService-3] LoggerLoad - Signed In user is in array page
[INFO ] 2024-10-29 11:32:17.496 [TestNG-PoolService-2] LoggerLoad - In Hooks Class : Broswername = chrome
[INFO ] 2024-10-29 11:32:18.365 [TestNG-PoolService-2] LoggerLoad - Signed In user is in array page
[INFO ] 2024-10-29 11:32:18.904 [TestNG-PoolService-3] LoggerLoad - In Hooks Class : Broswername = chrome
[INFO ] 2024-10-29 11:32:19.781 [TestNG-PoolService-3] LoggerLoad - Signed In user is in array page
[INFO ] 2024-10-29 11:32:20.594 [TestNG-PoolService-2] LoggerLoad - In Hooks Class : Broswername = chrome
[INFO ] 2024-10-29 11:32:21.531 [TestNG-PoolService-2] LoggerLoad - Signed In user is in array page
[INFO ] 2024-10-29 11:32:21.999 [TestNG-PoolService-4] LoggerLoad - Valid and Invalid code are validated
[INFO ] 2024-10-29 11:32:22.017 [TestNG-PoolService-1] LoggerLoad - Valid and Invalid code are validated
[INFO ] 2024-10-29 11:32:23.178 [TestNG-PoolService-4] LoggerLoad - In Hooks Class : Broswername = chrome
[INFO ] 2024-10-29 11:32:23.217 [TestNG-PoolService-1] LoggerLoad - In Hooks Class : Broswername = chrome
[INFO ] 2024-10-29 11:32:24.107 [TestNG-PoolService-1] LoggerLoad - Signed In user is in array page
[INFO ] 2024-10-29 11:32:24.477 [TestNG-PoolService-4] LoggerLoad - In Hooks Class : Broswername = chrome
[INFO ] 2024-10-29 11:32:25.268 [TestNG-PoolService-1] LoggerLoad - In Hooks Class : Broswername = chrome
[INFO ] 2024-10-29 11:32:25.455 [TestNG-PoolService-4] LoggerLoad - Signed In user is in array page
[INFO ] 2024-10-29 11:32:25.622 [TestNG-PoolService-3] LoggerLoad - Valid and Invalid code are validated
[INFO ] 2024-10-29 11:32:26.352 [TestNG-PoolService-1] LoggerLoad - Signed In user is in array page
[INFO ] 2024-10-29 11:32:26.682 [TestNG-PoolService-3] LoggerLoad - In Hooks Class : Broswername = chrome
[INFO ] 2024-10-29 11:32:26.775 [TestNG-PoolService-4] LoggerLoad - In Hooks Class : Broswername = chrome
[INFO ] 2024-10-29 11:32:27.556 [TestNG-PoolService-2] LoggerLoad - Valid and Invalid code are validated
[INFO ] 2024-10-29 11:32:27.849 [TestNG-PoolService-4] LoggerLoad - Signed In user is in array page
[INFO ] 2024-10-29 11:32:27.850 [TestNG-PoolService-3] LoggerLoad - Signed In user is in array page
[INFO ] 2024-10-29 11:32:28.505 [TestNG-PoolService-1] LoggerLoad - In Hooks Class : Broswername = chrome
[INFO ] 2024-10-29 11:32:28.718 [TestNG-PoolService-2] LoggerLoad - In Hooks Class : Broswername = chrome
[INFO ] 2024-10-29 11:32:29.575 [TestNG-PoolService-1] LoggerLoad - Signed In user is in array page
[INFO ] 2024-10-29 11:32:29.830 [TestNG-PoolService-2] LoggerLoad - Signed In user is in array page
[INFO ] 2024-10-29 11:32:30.564 [TestNG-PoolService-3] LoggerLoad - In Hooks Class : Broswername = chrome
[INFO ] 2024-10-29 11:32:31.496 [TestNG-PoolService-3] LoggerLoad - Signed In user is in array page
[INFO ] 2024-10-29 11:32:31.729 [TestNG-PoolService-2] LoggerLoad - In Hooks Class : Broswername = chrome
[INFO ] 2024-10-29 11:32:32.607 [TestNG-PoolService-2] LoggerLoad - Signed In user is in array page
[INFO ] 2024-10-29 11:32:33.915 [TestNG-PoolService-3] LoggerLoad - In Hooks Class : Broswername = chrome
[INFO ] 2024-10-29 11:32:34.160 [TestNG-PoolService-4] LoggerLoad - Valid and Invalid code are validated
[INFO ] 2024-10-29 11:32:34.814 [TestNG-PoolService-3] LoggerLoad - Signed In user is in array page
[INFO ] 2024-10-29 11:32:34.991 [TestNG-PoolService-4] LoggerLoad - In Hooks Class : Broswername = chrome
[INFO ] 2024-10-29 11:32:35.474 [TestNG-PoolService-1] LoggerLoad - Valid and Invalid code are validated
[INFO ] 2024-10-29 11:32:35.925 [TestNG-PoolService-4] LoggerLoad - Signed In user is in array page
[INFO ] 2024-10-29 11:32:36.490 [TestNG-PoolService-1] LoggerLoad - In Hooks Class : Broswername = chrome
[INFO ] 2024-10-29 11:32:37.350 [TestNG-PoolService-1] LoggerLoad - Signed In user is in array page
[INFO ] 2024-10-29 11:32:37.879 [TestNG-PoolService-4] LoggerLoad - In Hooks Class : Broswername = chrome
[INFO ] 2024-10-29 11:32:38.466 [TestNG-PoolService-2] LoggerLoad - Valid and Invalid code are validated
[INFO ] 2024-10-29 11:32:38.798 [TestNG-PoolService-4] LoggerLoad - Signed In user is in array page
[INFO ] 2024-10-29 11:32:39.527 [TestNG-PoolService-2] LoggerLoad - In Hooks Class : Broswername = chrome
[INFO ] 2024-10-29 11:32:40.075 [TestNG-PoolService-1] LoggerLoad - In Hooks Class : Broswername = chrome
[INFO ] 2024-10-29 11:32:40.462 [TestNG-PoolService-2] LoggerLoad - Signed In user is in array page
[INFO ] 2024-10-29 11:32:40.704 [TestNG-PoolService-3] LoggerLoad - Valid and Invalid code are validated
[INFO ] 2024-10-29 11:32:41.120 [TestNG-PoolService-1] LoggerLoad - Signed In user is in array page
[INFO ] 2024-10-29 11:32:41.938 [TestNG-PoolService-3] LoggerLoad - In Hooks Class : Broswername = chrome
[INFO ] 2024-10-29 11:32:42.975 [TestNG-PoolService-3] LoggerLoad - Signed In user is in array page
[INFO ] 2024-10-29 11:32:43.466 [TestNG-PoolService-1] LoggerLoad - In Hooks Class : Broswername = chrome
[INFO ] 2024-10-29 11:32:44.395 [TestNG-PoolService-1] LoggerLoad - Signed In user is in array page
[INFO ] 2024-10-29 11:32:45.249 [TestNG-PoolService-4] LoggerLoad - Valid and Invalid code are validated
[INFO ] 2024-10-29 11:32:45.586 [TestNG-PoolService-3] LoggerLoad - In Hooks Class : Broswername = chrome
[INFO ] 2024-10-29 11:32:46.549 [TestNG-PoolService-4] LoggerLoad - In Hooks Class : Broswername = chrome
[INFO ] 2024-10-29 11:32:46.705 [TestNG-PoolService-2] LoggerLoad - Valid and Invalid code are validated
[INFO ] 2024-10-29 11:32:46.751 [TestNG-PoolService-3] LoggerLoad - Signed In user is in array page
[INFO ] 2024-10-29 11:32:47.595 [TestNG-PoolService-4] LoggerLoad - Signed In user is in array page
[INFO ] 2024-10-29 11:32:47.942 [TestNG-PoolService-2] LoggerLoad - In Hooks Class : Broswername = chrome
[INFO ] 2024-10-29 11:32:48.991 [TestNG-PoolService-2] LoggerLoad - Signed In user is in array page
[INFO ] 2024-10-29 11:32:49.674 [TestNG-PoolService-4] LoggerLoad - In Hooks Class : Broswername = chrome
[INFO ] 2024-10-29 11:32:50.615 [TestNG-PoolService-4] LoggerLoad - Signed In user is in array page
[INFO ] 2024-10-29 11:32:50.653 [TestNG-PoolService-1] LoggerLoad - Valid and Invalid code are validated
[INFO ] 2024-10-29 11:32:52.030 [TestNG-PoolService-1] LoggerLoad - In Hooks Class : Broswername = chrome
[INFO ] 2024-10-29 11:32:52.149 [TestNG-PoolService-2] LoggerLoad - In Hooks Class : Broswername = chrome
[INFO ] 2024-10-29 11:32:52.852 [TestNG-PoolService-3] LoggerLoad - Valid and Invalid code are validated
[INFO ] 2024-10-29 11:32:53.135 [TestNG-PoolService-1] LoggerLoad - Signed In user is in array page
[INFO ] 2024-10-29 11:32:53.209 [TestNG-PoolService-2] LoggerLoad - Signed In user is in array page
[INFO ] 2024-10-29 11:32:53.971 [TestNG-PoolService-3] LoggerLoad - In Hooks Class : Broswername = chrome
[INFO ] 2024-10-29 11:32:55.083 [TestNG-PoolService-3] LoggerLoad - Signed In user is in array page
[INFO ] 2024-10-29 11:32:55.494 [TestNG-PoolService-2] LoggerLoad - In Hooks Class : Broswername = chrome
[INFO ] 2024-10-29 11:32:56.420 [TestNG-PoolService-2] LoggerLoad - Signed In user is in array page
[INFO ] 2024-10-29 11:32:56.896 [TestNG-PoolService-4] LoggerLoad - Valid and Invalid code are validated
[INFO ] 2024-10-29 11:32:57.662 [TestNG-PoolService-3] LoggerLoad - In Hooks Class : Broswername = chrome
[INFO ] 2024-10-29 11:32:58.400 [TestNG-PoolService-4] LoggerLoad - In Hooks Class : Broswername = chrome
[INFO ] 2024-10-29 11:32:58.745 [TestNG-PoolService-3] LoggerLoad - Signed In user is in array page
[INFO ] 2024-10-29 11:32:59.345 [TestNG-PoolService-4] LoggerLoad - Signed In user is in array page
[INFO ] 2024-10-29 11:32:59.430 [TestNG-PoolService-1] LoggerLoad - Valid and Invalid code are validated
[INFO ] 2024-10-29 11:33:00.733 [TestNG-PoolService-1] LoggerLoad - In Hooks Class : Broswername = chrome
[INFO ] 2024-10-29 11:33:01.907 [TestNG-PoolService-1] LoggerLoad - Signed In user is in array page
[INFO ] 2024-10-29 11:33:01.975 [TestNG-PoolService-4] LoggerLoad - In Hooks Class : Broswername = chrome
[INFO ] 2024-10-29 11:33:02.805 [TestNG-PoolService-2] LoggerLoad - Valid and Invalid code are validated
[INFO ] 2024-10-29 11:33:02.963 [TestNG-PoolService-4] LoggerLoad - Signed In user is in array page
[INFO ] 2024-10-29 11:33:03.944 [TestNG-PoolService-2] LoggerLoad - In Hooks Class : Broswername = chrome
[INFO ] 2024-10-29 11:33:04.765 [TestNG-PoolService-3] LoggerLoad - Valid and Invalid code are validated
[INFO ] 2024-10-29 11:33:04.831 [TestNG-PoolService-1] LoggerLoad - In Hooks Class : Broswername = chrome
[INFO ] 2024-10-29 11:33:05.071 [TestNG-PoolService-2] LoggerLoad - Signed In user is in array page
[INFO ] 2024-10-29 11:33:05.870 [TestNG-PoolService-3] LoggerLoad - In Hooks Class : Broswername = chrome
[INFO ] 2024-10-29 11:33:05.944 [TestNG-PoolService-1] LoggerLoad - Signed In user is in array page
[INFO ] 2024-10-29 11:33:06.846 [TestNG-PoolService-3] LoggerLoad - Signed In user is in array page
[INFO ] 2024-10-29 11:33:07.279 [TestNG-PoolService-1] LoggerLoad - In Hooks Class : Broswername = chrome
[INFO ] 2024-10-29 11:33:08.640 [TestNG-PoolService-1] LoggerLoad - Signed In user is in array page
[INFO ] 2024-10-29 11:33:09.238 [TestNG-PoolService-4] LoggerLoad - Valid and Invalid code are validated
[INFO ] 2024-10-29 11:33:10.779 [TestNG-PoolService-3] LoggerLoad - In Hooks Class : Broswername = chrome
[INFO ] 2024-10-29 11:33:11.606 [TestNG-PoolService-2] LoggerLoad - Valid and Invalid code are validated
[INFO ] 2024-10-29 11:33:11.706 [TestNG-PoolService-4] LoggerLoad - In Hooks Class : Broswername = chrome
[INFO ] 2024-10-29 11:33:11.870 [TestNG-PoolService-1] LoggerLoad - In Hooks Class : Broswername = chrome
[INFO ] 2024-10-29 11:33:12.116 [TestNG-PoolService-3] LoggerLoad - Signed In user is in array page
[INFO ] 2024-10-29 11:33:12.675 [TestNG-PoolService-2] LoggerLoad - In Hooks Class : Broswername = chrome
[INFO ] 2024-10-29 11:33:12.853 [TestNG-PoolService-4] LoggerLoad - Signed In user is in array page
[INFO ] 2024-10-29 11:33:13.034 [TestNG-PoolService-1] LoggerLoad - Signed In user is in array page
[INFO ] 2024-10-29 11:33:13.715 [TestNG-PoolService-2] LoggerLoad - Signed In user is in array page
[INFO ] 2024-10-29 11:33:15.305 [TestNG-PoolService-3] LoggerLoad - In Hooks Class : Broswername = chrome
[INFO ] 2024-10-29 11:33:16.197 [TestNG-PoolService-1] LoggerLoad - In Hooks Class : Broswername = chrome
[INFO ] 2024-10-29 11:33:16.306 [TestNG-PoolService-4] LoggerLoad - In Hooks Class : Broswername = chrome
[INFO ] 2024-10-29 11:33:16.571 [TestNG-PoolService-3] LoggerLoad - Signed In user is in array page
[INFO ] 2024-10-29 11:33:17.226 [TestNG-PoolService-1] LoggerLoad - Signed In user is in array page
[INFO ] 2024-10-29 11:33:17.376 [TestNG-PoolService-4] LoggerLoad - Signed In user is in array page
[INFO ] 2024-10-29 11:33:20.057 [TestNG-PoolService-2] LoggerLoad - Valid and Invalid code are validated
[INFO ] 2024-10-29 11:33:20.894 [TestNG-PoolService-2] LoggerLoad - In Hooks Class : Broswername = chrome
[INFO ] 2024-10-29 11:33:21.699 [TestNG-PoolService-2] LoggerLoad - Signed In user is in array page
[INFO ] 2024-10-29 11:33:22.521 [TestNG-PoolService-3] LoggerLoad - Valid and Invalid code are validated
[INFO ] 2024-10-29 11:33:23.027 [TestNG-PoolService-1] LoggerLoad - Valid and Invalid code are validated
[INFO ] 2024-10-29 11:33:23.342 [TestNG-PoolService-4] LoggerLoad - Valid and Invalid code are validated
[INFO ] 2024-10-29 11:33:23.642 [TestNG-PoolService-3] LoggerLoad - In Hooks Class : Broswername = chrome
[INFO ] 2024-10-29 11:33:24.370 [TestNG-PoolService-4] LoggerLoad - In Hooks Class : Broswername = chrome
[INFO ] 2024-10-29 11:33:24.464 [TestNG-PoolService-1] LoggerLoad - In Hooks Class : Broswername = chrome
[INFO ] 2024-10-29 11:33:24.654 [TestNG-PoolService-3] LoggerLoad - Signed In user is in array page
[INFO ] 2024-10-29 11:33:25.313 [TestNG-PoolService-4] LoggerLoad - Signed In user is in array page
[INFO ] 2024-10-29 11:33:25.391 [TestNG-PoolService-1] LoggerLoad - Signed In user is in array page
[INFO ] 2024-10-29 11:33:27.624 [TestNG-PoolService-2] LoggerLoad - Valid and Invalid code are validated
[INFO ] 2024-10-29 11:33:28.435 [TestNG-PoolService-2] LoggerLoad - In Hooks Class : Broswername = chrome
[INFO ] 2024-10-29 11:33:29.609 [TestNG-PoolService-2] LoggerLoad - In Hooks Class : Broswername = chrome
[INFO ] 2024-10-29 11:33:30.525 [TestNG-PoolService-3] LoggerLoad - Valid and Invalid code are validated
[INFO ] 2024-10-29 11:33:30.975 [TestNG-PoolService-4] LoggerLoad - Valid and Invalid code are validated
[INFO ] 2024-10-29 11:33:31.201 [TestNG-PoolService-1] LoggerLoad - Valid and Invalid code are validated
[INFO ] 2024-10-29 11:33:31.343 [TestNG-PoolService-3] LoggerLoad - In Hooks Class : Broswername = chrome
[INFO ] 2024-10-29 11:33:32.251 [TestNG-PoolService-4] LoggerLoad - In Hooks Class : Broswername = chrome
[INFO ] 2024-10-29 11:33:32.320 [TestNG-PoolService-1] LoggerLoad - In Hooks Class : Broswername = chrome
[INFO ] 2024-10-29 11:33:34.206 [TestNG-PoolService-2] LoggerLoad - In Hooks Class : Broswername = chrome
[INFO ] 2024-10-29 11:33:35.990 [TestNG-PoolService-3] LoggerLoad - In Hooks Class : Broswername = chrome
[INFO ] 2024-10-29 11:33:39.192 [TestNG-PoolService-4] LoggerLoad - In Hooks Class : Broswername = chrome
[INFO ] 2024-10-29 11:33:40.016 [TestNG-PoolService-1] LoggerLoad - In Hooks Class : Broswername = chrome
[INFO ] 2024-10-29 11:33:41.172 [TestNG-PoolService-1] LoggerLoad - In Hooks Class : Broswername = chrome
[INFO ] 2024-10-29 11:33:41.925 [TestNG-PoolService-2] LoggerLoad - In Hooks Class : Broswername = chrome
[INFO ] 2024-10-29 11:33:42.740 [TestNG-PoolService-1] LoggerLoad - In Hooks Class : Broswername = chrome
[INFO ] 2024-10-29 11:33:43.753 [TestNG-PoolService-1] LoggerLoad - Signed In user is in array page
[INFO ] 2024-10-29 11:33:44.252 [TestNG-PoolService-2] LoggerLoad - In Hooks Class : Broswername = chrome
[INFO ] 2024-10-29 11:33:44.254 [TestNG-PoolService-3] LoggerLoad - In Hooks Class : Broswername = chrome
[INFO ] 2024-10-29 11:33:44.653 [TestNG-PoolService-4] LoggerLoad - In Hooks Class : Broswername = chrome
[INFO ] 2024-10-29 11:33:45.313 [TestNG-PoolService-1] LoggerLoad - In Hooks Class : Broswername = chrome
[INFO ] 2024-10-29 11:33:45.634 [TestNG-PoolService-2] LoggerLoad - Signed In user is in array page
[INFO ] 2024-10-29 11:33:45.709 [TestNG-PoolService-3] LoggerLoad - Signed In user is in array page
[INFO ] 2024-10-29 11:33:45.878 [TestNG-PoolService-4] LoggerLoad - Signed In user is in array page
[INFO ] 2024-10-29 11:33:46.272 [TestNG-PoolService-1] LoggerLoad - Signed In user is in array page
[INFO ] 2024-10-29 11:33:46.997 [TestNG-PoolService-3] LoggerLoad - In Hooks Class : Broswername = chrome
[INFO ] 2024-10-29 11:33:47.091 [TestNG-PoolService-2] LoggerLoad - In Hooks Class : Broswername = chrome
[INFO ] 2024-10-29 11:33:48.009 [TestNG-PoolService-3] LoggerLoad - Signed In user is in array page
[INFO ] 2024-10-29 11:33:48.146 [TestNG-PoolService-2] LoggerLoad - Signed In user is in array page
[INFO ] 2024-10-29 11:33:48.657 [TestNG-PoolService-4] LoggerLoad - In Hooks Class : Broswername = chrome
[INFO ] 2024-10-29 11:33:49.377 [TestNG-PoolService-1] LoggerLoad - In Hooks Class : Broswername = chrome
[INFO ] 2024-10-29 11:33:49.712 [TestNG-PoolService-4] LoggerLoad - Signed In user is in array page
[INFO ] 2024-10-29 11:33:50.589 [TestNG-PoolService-1] LoggerLoad - Signed In user is in array page
[INFO ] 2024-10-29 11:33:51.007 [TestNG-PoolService-2] LoggerLoad - In Hooks Class : Broswername = chrome
[INFO ] 2024-10-29 11:33:51.101 [TestNG-PoolService-3] LoggerLoad - In Hooks Class : Broswername = chrome
[INFO ] 2024-10-29 11:33:52.000 [TestNG-PoolService-2] LoggerLoad - Signed In user is in array page
[INFO ] 2024-10-29 11:33:52.066 [TestNG-PoolService-3] LoggerLoad - Signed In user is in array page
[INFO ] 2024-10-29 11:33:55.975 [TestNG-PoolService-4] LoggerLoad - Valid and Invalid code are validated
[INFO ] 2024-10-29 11:33:56.632 [TestNG-PoolService-1] LoggerLoad - Valid and Invalid code are validated
[INFO ] 2024-10-29 11:33:56.841 [TestNG-PoolService-4] LoggerLoad - In Hooks Class : Broswername = chrome
[INFO ] 2024-10-29 11:33:57.500 [TestNG-PoolService-1] LoggerLoad - In Hooks Class : Broswername = chrome
[INFO ] 2024-10-29 11:33:57.744 [TestNG-PoolService-2] LoggerLoad - Valid and Invalid code are validated
[INFO ] 2024-10-29 11:33:57.794 [TestNG-PoolService-4] LoggerLoad - Signed In user is in array page
[INFO ] 2024-10-29 11:33:57.860 [TestNG-PoolService-3] LoggerLoad - Valid and Invalid code are validated
[INFO ] 2024-10-29 11:33:58.621 [TestNG-PoolService-1] LoggerLoad - Signed In user is in array page
[INFO ] 2024-10-29 11:33:59.036 [TestNG-PoolService-2] LoggerLoad - In Hooks Class : Broswername = chrome
[INFO ] 2024-10-29 11:33:59.096 [TestNG-PoolService-3] LoggerLoad - In Hooks Class : Broswername = chrome
[INFO ] 2024-10-29 11:34:00.033 [TestNG-PoolService-2] LoggerLoad - Signed In user is in array page
[INFO ] 2024-10-29 11:34:00.082 [TestNG-PoolService-3] LoggerLoad - Signed In user is in array page
[INFO ] 2024-10-29 11:34:03.860 [TestNG-PoolService-4] LoggerLoad - Valid and Invalid code are validated
[INFO ] 2024-10-29 11:34:04.672 [TestNG-PoolService-4] LoggerLoad - In Hooks Class : Broswername = chrome
[INFO ] 2024-10-29 11:34:04.679 [TestNG-PoolService-1] LoggerLoad - Valid and Invalid code are validated
[INFO ] 2024-10-29 11:34:05.555 [TestNG-PoolService-1] LoggerLoad - In Hooks Class : Broswername = chrome
[INFO ] 2024-10-29 11:34:05.700 [TestNG-PoolService-4] LoggerLoad - Signed In user is in array page
[INFO ] 2024-10-29 11:34:05.778 [TestNG-PoolService-2] LoggerLoad - Valid and Invalid code are validated
[INFO ] 2024-10-29 11:34:05.970 [TestNG-PoolService-3] LoggerLoad - Valid and Invalid code are validated
[INFO ] 2024-10-29 11:34:06.547 [TestNG-PoolService-1] LoggerLoad - Signed In user is in array page
[INFO ] 2024-10-29 11:34:07.019 [TestNG-PoolService-2] LoggerLoad - In Hooks Class : Broswername = chrome
[INFO ] 2024-10-29 11:34:07.304 [TestNG-PoolService-4] LoggerLoad - In Hooks Class : Broswername = chrome
[INFO ] 2024-10-29 11:34:07.404 [TestNG-PoolService-3] LoggerLoad - In Hooks Class : Broswername = chrome
[INFO ] 2024-10-29 11:34:08.213 [TestNG-PoolService-1] LoggerLoad - In Hooks Class : Broswername = chrome
[INFO ] 2024-10-29 11:34:08.351 [TestNG-PoolService-2] LoggerLoad - Signed In user is in array page
[INFO ] 2024-10-29 11:34:08.424 [TestNG-PoolService-4] LoggerLoad - Signed In user is in array page
[INFO ] 2024-10-29 11:34:08.565 [TestNG-PoolService-3] LoggerLoad - Signed In user is in array page
[INFO ] 2024-10-29 11:34:09.278 [TestNG-PoolService-1] LoggerLoad - Signed In user is in array page
[INFO ] 2024-10-29 11:34:12.665 [TestNG-PoolService-4] LoggerLoad - In Hooks Class : Broswername = chrome
[INFO ] 2024-10-29 11:34:12.814 [TestNG-PoolService-3] LoggerLoad - In Hooks Class : Broswername = chrome
[INFO ] 2024-10-29 11:34:13.157 [TestNG-PoolService-2] LoggerLoad - In Hooks Class : Broswername = chrome
[INFO ] 2024-10-29 11:34:13.675 [TestNG-PoolService-1] LoggerLoad - In Hooks Class : Broswername = chrome
[INFO ] 2024-10-29 11:34:13.783 [TestNG-PoolService-4] LoggerLoad - Signed In user is in array page
[INFO ] 2024-10-29 11:34:14.107 [TestNG-PoolService-3] LoggerLoad - Signed In user is in array page
[INFO ] 2024-10-29 11:34:14.129 [TestNG-PoolService-2] LoggerLoad - Signed In user is in array page
[INFO ] 2024-10-29 11:34:14.715 [TestNG-PoolService-1] LoggerLoad - Signed In user is in array page
[INFO ] 2024-10-29 11:34:18.139 [TestNG-PoolService-3] LoggerLoad - In Hooks Class : Broswername = chrome
[INFO ] 2024-10-29 11:34:18.186 [TestNG-PoolService-4] LoggerLoad - In Hooks Class : Broswername = chrome
[INFO ] 2024-10-29 11:34:18.302 [TestNG-PoolService-2] LoggerLoad - In Hooks Class : Broswername = chrome
[INFO ] 2024-10-29 11:34:19.185 [TestNG-PoolService-1] LoggerLoad - In Hooks Class : Broswername = chrome
[INFO ] 2024-10-29 11:34:19.390 [TestNG-PoolService-3] LoggerLoad - Signed In user is in array page
[INFO ] 2024-10-29 11:34:19.449 [TestNG-PoolService-2] LoggerLoad - Signed In user is in array page
[INFO ] 2024-10-29 11:34:19.622 [TestNG-PoolService-4] LoggerLoad - Signed In user is in array page
[INFO ] 2024-10-29 11:34:20.227 [TestNG-PoolService-1] LoggerLoad - Signed In user is in array page
[INFO ] 2024-10-29 11:34:23.816 [TestNG-PoolService-2] LoggerLoad - In Hooks Class : Broswername = chrome
[INFO ] 2024-10-29 11:34:23.921 [TestNG-PoolService-3] LoggerLoad - In Hooks Class : Broswername = chrome
[INFO ] 2024-10-29 11:34:23.957 [TestNG-PoolService-4] LoggerLoad - In Hooks Class : Broswername = chrome
[INFO ] 2024-10-29 11:34:24.865 [TestNG-PoolService-1] LoggerLoad - In Hooks Class : Broswername = chrome
[INFO ] 2024-10-29 11:34:25.037 [TestNG-PoolService-2] LoggerLoad - Signed In user is in array page
[INFO ] 2024-10-29 11:34:25.064 [TestNG-PoolService-4] LoggerLoad - Signed In user is in array page
[INFO ] 2024-10-29 11:34:25.222 [TestNG-PoolService-3] LoggerLoad - Signed In user is in array page
[INFO ] 2024-10-29 11:34:25.943 [TestNG-PoolService-1] LoggerLoad - Signed In user is in array page
[INFO ] 2024-10-29 11:34:28.713 [TestNG-PoolService-2] LoggerLoad - In Hooks Class : Broswername = chrome
[INFO ] 2024-10-29 11:34:29.663 [TestNG-PoolService-2] LoggerLoad - Signed In user is in array page
[INFO ] 2024-10-29 11:34:32.176 [TestNG-PoolService-4] LoggerLoad - Valid and Invalid code are validated
[INFO ] 2024-10-29 11:34:32.199 [TestNG-PoolService-3] LoggerLoad - Valid and Invalid code are validated
[INFO ] 2024-10-29 11:34:33.154 [TestNG-PoolService-1] LoggerLoad - Valid and Invalid code are validated
[INFO ] 2024-10-29 11:34:33.351 [TestNG-PoolService-4] LoggerLoad - In Hooks Class : Broswername = chrome
[INFO ] 2024-10-29 11:34:33.418 [TestNG-PoolService-3] LoggerLoad - In Hooks Class : Broswername = chrome
[INFO ] 2024-10-29 11:34:34.282 [TestNG-PoolService-1] LoggerLoad - In Hooks Class : Broswername = chrome
[INFO ] 2024-10-29 11:34:34.480 [TestNG-PoolService-4] LoggerLoad - Signed In user is in array page
[INFO ] 2024-10-29 11:34:34.552 [TestNG-PoolService-3] LoggerLoad - Signed In user is in array page
[INFO ] 2024-10-29 11:34:35.212 [TestNG-PoolService-1] LoggerLoad - Signed In user is in array page
[INFO ] 2024-10-29 11:34:36.460 [TestNG-PoolService-2] LoggerLoad - Valid and Invalid code are validated
[INFO ] 2024-10-29 11:34:37.421 [TestNG-PoolService-2] LoggerLoad - In Hooks Class : Broswername = chrome
[INFO ] 2024-10-29 11:34:38.290 [TestNG-PoolService-2] LoggerLoad - Signed In user is in array page
[INFO ] 2024-10-29 11:34:41.546 [TestNG-PoolService-4] LoggerLoad - Valid and Invalid code are validated
[INFO ] 2024-10-29 11:34:41.546 [TestNG-PoolService-3] LoggerLoad - Valid and Invalid code are validated
[INFO ] 2024-10-29 11:34:42.493 [TestNG-PoolService-1] LoggerLoad - Valid and Invalid code are validated
[INFO ] 2024-10-29 11:34:42.742 [TestNG-PoolService-4] LoggerLoad - In Hooks Class : Broswername = chrome
[INFO ] 2024-10-29 11:34:42.780 [TestNG-PoolService-3] LoggerLoad - In Hooks Class : Broswername = chrome
[INFO ] 2024-10-29 11:34:43.602 [TestNG-PoolService-1] LoggerLoad - In Hooks Class : Broswername = chrome
[INFO ] 2024-10-29 11:34:43.822 [TestNG-PoolService-4] LoggerLoad - Signed In user is in array page
[INFO ] 2024-10-29 11:34:43.871 [TestNG-PoolService-3] LoggerLoad - Signed In user is in array page
[INFO ] 2024-10-29 11:34:44.579 [TestNG-PoolService-1] LoggerLoad - Signed In user is in array page
[INFO ] 2024-10-29 11:34:45.041 [TestNG-PoolService-2] LoggerLoad - Valid and Invalid code are validated
[INFO ] 2024-10-29 11:34:45.998 [TestNG-PoolService-2] LoggerLoad - In Hooks Class : Broswername = chrome
[INFO ] 2024-10-29 11:34:46.958 [TestNG-PoolService-2] LoggerLoad - Signed In user is in array page
[INFO ] 2024-10-29 11:34:50.882 [TestNG-PoolService-3] LoggerLoad - Valid and Invalid code are validated
[INFO ] 2024-10-29 11:34:50.899 [TestNG-PoolService-4] LoggerLoad - Valid and Invalid code are validated
[INFO ] 2024-10-29 11:34:51.436 [TestNG-PoolService-1] LoggerLoad - Valid and Invalid code are validated
[INFO ] 2024-10-29 11:34:51.918 [TestNG-PoolService-4] LoggerLoad - In Hooks Class : Broswername = chrome
[INFO ] 2024-10-29 11:34:52.011 [TestNG-PoolService-3] LoggerLoad - In Hooks Class : Broswername = chrome
[INFO ] 2024-10-29 11:34:52.770 [TestNG-PoolService-1] LoggerLoad - In Hooks Class : Broswername = chrome
[INFO ] 2024-10-29 11:34:52.996 [TestNG-PoolService-4] LoggerLoad - Signed In user is in array page
[INFO ] 2024-10-29 11:34:53.077 [TestNG-PoolService-3] LoggerLoad - Signed In user is in array page
[INFO ] 2024-10-29 11:34:53.764 [TestNG-PoolService-1] LoggerLoad - Signed In user is in array page
[INFO ] 2024-10-29 11:34:53.790 [TestNG-PoolService-2] LoggerLoad - Valid and Invalid code are validated
[INFO ] 2024-10-29 11:34:54.643 [TestNG-PoolService-2] LoggerLoad - In Hooks Class : Broswername = chrome
[INFO ] 2024-10-29 11:34:55.673 [TestNG-PoolService-2] LoggerLoad - Signed In user is in array page
[INFO ] 2024-10-29 11:34:59.928 [TestNG-PoolService-4] LoggerLoad - Valid and Invalid code are validated
[INFO ] 2024-10-29 11:34:59.935 [TestNG-PoolService-3] LoggerLoad - Valid and Invalid code are validated
[INFO ] 2024-10-29 11:35:00.869 [TestNG-PoolService-1] LoggerLoad - Valid and Invalid code are validated
[INFO ] 2024-10-29 11:35:01.072 [TestNG-PoolService-4] LoggerLoad - In Hooks Class : Broswername = chrome
[INFO ] 2024-10-29 11:35:01.120 [TestNG-PoolService-3] LoggerLoad - In Hooks Class : Broswername = chrome
[INFO ] 2024-10-29 11:35:01.938 [TestNG-PoolService-1] LoggerLoad - In Hooks Class : Broswername = chrome
[INFO ] 2024-10-29 11:35:02.163 [TestNG-PoolService-4] LoggerLoad - Signed In user is in array page
[INFO ] 2024-10-29 11:35:02.213 [TestNG-PoolService-3] LoggerLoad - Signed In user is in array page
[INFO ] 2024-10-29 11:35:02.589 [TestNG-PoolService-2] LoggerLoad - Valid and Invalid code are validated
[INFO ] 2024-10-29 11:35:02.943 [TestNG-PoolService-1] LoggerLoad - Signed In user is in array page
[INFO ] 2024-10-29 11:35:03.496 [TestNG-PoolService-2] LoggerLoad - In Hooks Class : Broswername = chrome
[INFO ] 2024-10-29 11:35:04.404 [TestNG-PoolService-2] LoggerLoad - Signed In user is in array page
[INFO ] 2024-10-29 11:35:09.028 [TestNG-PoolService-4] LoggerLoad - Valid and Invalid code are validated
[INFO ] 2024-10-29 11:35:09.028 [TestNG-PoolService-3] LoggerLoad - Valid and Invalid code are validated
[INFO ] 2024-10-29 11:35:10.014 [TestNG-PoolService-1] LoggerLoad - Valid and Invalid code are validated
[INFO ] 2024-10-29 11:35:10.122 [TestNG-PoolService-4] LoggerLoad - In Hooks Class : Broswername = chrome
[INFO ] 2024-10-29 11:35:10.122 [TestNG-PoolService-3] LoggerLoad - In Hooks Class : Broswername = chrome
[INFO ] 2024-10-29 11:35:11.048 [TestNG-PoolService-1] LoggerLoad - In Hooks Class : Broswername = chrome
[INFO ] 2024-10-29 11:35:11.091 [TestNG-PoolService-2] LoggerLoad - Valid and Invalid code are validated
[INFO ] 2024-10-29 11:35:11.215 [TestNG-PoolService-4] LoggerLoad - Signed In user is in array page
[INFO ] 2024-10-29 11:35:11.243 [TestNG-PoolService-3] LoggerLoad - Signed In user is in array page
[INFO ] 2024-10-29 11:35:12.018 [TestNG-PoolService-1] LoggerLoad - Signed In user is in array page
[INFO ] 2024-10-29 11:35:12.064 [TestNG-PoolService-2] LoggerLoad - In Hooks Class : Broswername = chrome
[INFO ] 2024-10-29 11:35:12.865 [TestNG-PoolService-2] LoggerLoad - Signed In user is in array page
[INFO ] 2024-10-29 11:35:18.203 [TestNG-PoolService-3] LoggerLoad - Valid and Invalid code are validated
[INFO ] 2024-10-29 11:35:18.221 [TestNG-PoolService-4] LoggerLoad - Valid and Invalid code are validated
[INFO ] 2024-10-29 11:35:19.100 [TestNG-PoolService-1] LoggerLoad - Valid and Invalid code are validated
[INFO ] 2024-10-29 11:35:19.323 [TestNG-PoolService-3] LoggerLoad - In Hooks Class : Broswername = chrome
[INFO ] 2024-10-29 11:35:19.355 [TestNG-PoolService-4] LoggerLoad - In Hooks Class : Broswername = chrome
[INFO ] 2024-10-29 11:35:19.622 [TestNG-PoolService-2] LoggerLoad - Valid and Invalid code are validated
[INFO ] 2024-10-29 11:35:20.264 [TestNG-PoolService-3] LoggerLoad - Signed In user is in array page
[INFO ] 2024-10-29 11:35:20.264 [TestNG-PoolService-4] LoggerLoad - Signed In user is in array page
[INFO ] 2024-10-29 11:35:27.073 [TestNG-PoolService-3] LoggerLoad - Valid and Invalid code are validated
[INFO ] 2024-10-29 11:35:27.073 [TestNG-PoolService-4] LoggerLoad - Valid and Invalid code are validated
[INFO ] 2024-10-29 11:37:43.307 [TestNG-PoolService-1] LoggerLoad - In Hooks Class : Broswername = chrome
[INFO ] 2024-10-29 11:37:43.307 [TestNG-PoolService-2] LoggerLoad - In Hooks Class : Broswername = chrome
[INFO ] 2024-10-29 11:37:43.307 [TestNG-PoolService-3] LoggerLoad - In Hooks Class : Broswername = chrome
[INFO ] 2024-10-29 11:37:43.307 [TestNG-PoolService-4] LoggerLoad - In Hooks Class : Broswername = chrome
[INFO ] 2024-10-29 11:37:45.350 [TestNG-PoolService-1] LoggerLoad - Signed In user is in array page
[INFO ] 2024-10-29 11:37:45.432 [TestNG-PoolService-4] LoggerLoad - Signed In user is in array page
[INFO ] 2024-10-29 11:37:45.481 [TestNG-PoolService-2] LoggerLoad - Signed In user is in array page
[INFO ] 2024-10-29 11:37:45.495 [TestNG-PoolService-3] LoggerLoad - Signed In user is in array page
[INFO ] 2024-10-29 11:37:49.075 [TestNG-PoolService-1] LoggerLoad - In Array Page Text Editor
[INFO ] 2024-10-29 11:37:49.196 [TestNG-PoolService-4] LoggerLoad - In Array Page Text Editor
[INFO ] 2024-10-29 11:37:49.253 [TestNG-PoolService-3] LoggerLoad - In Array Page Text Editor
[INFO ] 2024-10-29 11:37:49.264 [TestNG-PoolService-2] LoggerLoad - In Array Page Text Editor
[INFO ] 2024-10-29 11:37:51.692 [TestNG-PoolService-1] LoggerLoad - In Array Page Text Editor
[INFO ] 2024-10-29 11:37:51.867 [TestNG-PoolService-4] LoggerLoad - In Array Page Text Editor
[INFO ] 2024-10-29 11:37:52.004 [TestNG-PoolService-2] LoggerLoad - In Array Page Text Editor
[INFO ] 2024-10-29 11:37:52.010 [TestNG-PoolService-3] LoggerLoad - In Array Page Text Editor
[INFO ] 2024-10-29 11:37:53.701 [TestNG-PoolService-1] LoggerLoad - In Hooks Class : Broswername = chrome
[INFO ] 2024-10-29 11:37:54.000 [TestNG-PoolService-4] LoggerLoad - In Hooks Class : Broswername = chrome
[INFO ] 2024-10-29 11:37:54.273 [TestNG-PoolService-2] LoggerLoad - In Hooks Class : Broswername = chrome
[INFO ] 2024-10-29 11:37:54.364 [TestNG-PoolService-3] LoggerLoad - In Hooks Class : Broswername = chrome
[INFO ] 2024-10-29 11:37:54.828 [TestNG-PoolService-1] LoggerLoad - Signed In user is in array page
[INFO ] 2024-10-29 11:37:54.937 [TestNG-PoolService-1] LoggerLoad - Page Title is : Practice Questions
[INFO ] 2024-10-29 11:37:55.007 [TestNG-PoolService-4] LoggerLoad - Signed In user is in array page
[INFO ] 2024-10-29 11:37:55.153 [TestNG-PoolService-4] LoggerLoad - Page Title is : Practice Questions
[INFO ] 2024-10-29 11:37:55.198 [TestNG-PoolService-2] LoggerLoad - Signed In user is in array page
[INFO ] 2024-10-29 11:37:55.283 [TestNG-PoolService-3] LoggerLoad - Signed In user is in array page
[INFO ] 2024-10-29 11:37:55.345 [TestNG-PoolService-2] LoggerLoad - Page Title is : Practice Questions
[INFO ] 2024-10-29 11:37:55.406 [TestNG-PoolService-3] LoggerLoad - Page Title is : Practice Questions
[INFO ] 2024-10-29 11:37:56.636 [TestNG-PoolService-1] LoggerLoad - Python code
[INFO ] 2024-10-29 11:37:56.740 [TestNG-PoolService-1] LoggerLoad - Page Title is : Assessment
[INFO ] 2024-10-29 11:37:57.081 [TestNG-PoolService-4] LoggerLoad - Python code
[INFO ] 2024-10-29 11:37:57.147 [TestNG-PoolService-4] LoggerLoad - Page Title is : Assessment
[INFO ] 2024-10-29 11:37:57.160 [TestNG-PoolService-2] LoggerLoad - Python code
[INFO ] 2024-10-29 11:37:57.189 [TestNG-PoolService-3] LoggerLoad - Python code
[INFO ] 2024-10-29 11:37:57.235 [TestNG-PoolService-2] LoggerLoad - Page Title is : Assessment
[INFO ] 2024-10-29 11:37:57.281 [TestNG-PoolService-3] LoggerLoad - Page Title is : Assessment
[INFO ] 2024-10-29 11:37:58.244 [TestNG-PoolService-1] LoggerLoad - In Hooks Class : Broswername = chrome
[INFO ] 2024-10-29 11:37:58.730 [TestNG-PoolService-2] LoggerLoad - In Hooks Class : Broswername = chrome
[INFO ] 2024-10-29 11:37:58.730 [TestNG-PoolService-3] LoggerLoad - In Hooks Class : Broswername = chrome
[INFO ] 2024-10-29 11:37:58.803 [TestNG-PoolService-4] LoggerLoad - In Hooks Class : Broswername = chrome
[INFO ] 2024-10-29 11:38:00.454 [TestNG-PoolService-1] LoggerLoad - In Hooks Class : Broswername = chrome
[INFO ] 2024-10-29 11:38:00.939 [TestNG-PoolService-2] LoggerLoad - In Hooks Class : Broswername = chrome
[INFO ] 2024-10-29 11:38:01.031 [TestNG-PoolService-3] LoggerLoad - In Hooks Class : Broswername = chrome
[INFO ] 2024-10-29 11:38:01.108 [TestNG-PoolService-4] LoggerLoad - In Hooks Class : Broswername = chrome
[INFO ] 2024-10-29 11:38:02.059 [TestNG-PoolService-2] LoggerLoad - Signed In user is in array page
[INFO ] 2024-10-29 11:38:02.089 [TestNG-PoolService-4] LoggerLoad - Signed In user is in array page
[INFO ] 2024-10-29 11:38:02.199 [TestNG-PoolService-3] LoggerLoad - Signed In user is in array page
[INFO ] 2024-10-29 11:38:02.309 [TestNG-PoolService-1] LoggerLoad - In Hooks Class : Broswername = chrome
[INFO ] 2024-10-29 11:38:03.536 [TestNG-PoolService-1] LoggerLoad - Signed In user is in array page
[INFO ] 2024-10-29 11:38:03.654 [TestNG-PoolService-4] LoggerLoad - In Hooks Class : Broswername = chrome
[INFO ] 2024-10-29 11:38:03.705 [TestNG-PoolService-3] LoggerLoad - In Hooks Class : Broswername = chrome
[INFO ] 2024-10-29 11:38:04.652 [TestNG-PoolService-2] LoggerLoad - In Hooks Class : Broswername = chrome
[INFO ] 2024-10-29 11:38:04.864 [TestNG-PoolService-3] LoggerLoad - Signed In user is in array page
[INFO ] 2024-10-29 11:38:04.886 [TestNG-PoolService-4] LoggerLoad - Signed In user is in array page
[INFO ] 2024-10-29 11:38:05.842 [TestNG-PoolService-2] LoggerLoad - Signed In user is in array page
[INFO ] 2024-10-29 11:38:06.298 [TestNG-PoolService-1] LoggerLoad - In Hooks Class : Broswername = chrome
[INFO ] 2024-10-29 11:38:07.224 [TestNG-PoolService-1] LoggerLoad - Signed In user is in array page
[INFO ] 2024-10-29 11:38:07.856 [TestNG-PoolService-2] LoggerLoad - In Hooks Class : Broswername = chrome
[INFO ] 2024-10-29 11:38:08.746 [TestNG-PoolService-2] LoggerLoad - Signed In user is in array page
[INFO ] 2024-10-29 11:38:09.625 [TestNG-PoolService-1] LoggerLoad - In Hooks Class : Broswername = chrome
[INFO ] 2024-10-29 11:38:10.515 [TestNG-PoolService-1] LoggerLoad - Signed In user is in array page
[INFO ] 2024-10-29 11:38:11.081 [TestNG-PoolService-4] LoggerLoad - Valid and Invalid code are validated
[INFO ] 2024-10-29 11:38:11.099 [TestNG-PoolService-3] LoggerLoad - Valid and Invalid code are validated
[INFO ] 2024-10-29 11:38:12.304 [TestNG-PoolService-3] LoggerLoad - In Hooks Class : Broswername = chrome
[INFO ] 2024-10-29 11:38:12.348 [TestNG-PoolService-4] LoggerLoad - In Hooks Class : Broswername = chrome
[INFO ] 2024-10-29 11:38:13.155 [TestNG-PoolService-3] LoggerLoad - Signed In user is in array page
[INFO ] 2024-10-29 11:38:13.697 [TestNG-PoolService-4] LoggerLoad - In Hooks Class : Broswername = chrome
[INFO ] 2024-10-29 11:38:14.443 [TestNG-PoolService-2] LoggerLoad - Valid and Invalid code are validated
[INFO ] 2024-10-29 11:38:14.445 [TestNG-PoolService-3] LoggerLoad - In Hooks Class : Broswername = chrome
[INFO ] 2024-10-29 11:38:14.684 [TestNG-PoolService-4] LoggerLoad - Signed In user is in array page
[INFO ] 2024-10-29 11:38:15.410 [TestNG-PoolService-2] LoggerLoad - In Hooks Class : Broswername = chrome
[INFO ] 2024-10-29 11:38:15.541 [TestNG-PoolService-3] LoggerLoad - Signed In user is in array page
[INFO ] 2024-10-29 11:38:16.099 [TestNG-PoolService-4] LoggerLoad - In Hooks Class : Broswername = chrome
[INFO ] 2024-10-29 11:38:16.434 [TestNG-PoolService-2] LoggerLoad - Signed In user is in array page
[INFO ] 2024-10-29 11:38:16.698 [TestNG-PoolService-1] LoggerLoad - Valid and Invalid code are validated
[INFO ] 2024-10-29 11:38:17.149 [TestNG-PoolService-4] LoggerLoad - Signed In user is in array page
[INFO ] 2024-10-29 11:38:17.907 [TestNG-PoolService-3] LoggerLoad - In Hooks Class : Broswername = chrome
[INFO ] 2024-10-29 11:38:17.907 [TestNG-PoolService-1] LoggerLoad - In Hooks Class : Broswername = chrome
[INFO ] 2024-10-29 11:38:19.094 [TestNG-PoolService-1] LoggerLoad - Signed In user is in array page
[INFO ] 2024-10-29 11:38:19.109 [TestNG-PoolService-3] LoggerLoad - Signed In user is in array page
[INFO ] 2024-10-29 11:38:19.626 [TestNG-PoolService-2] LoggerLoad - In Hooks Class : Broswername = chrome
[INFO ] 2024-10-29 11:38:20.524 [TestNG-PoolService-2] LoggerLoad - Signed In user is in array page
[INFO ] 2024-10-29 11:38:21.173 [TestNG-PoolService-1] LoggerLoad - In Hooks Class : Broswername = chrome
[INFO ] 2024-10-29 11:38:22.050 [TestNG-PoolService-1] LoggerLoad - Signed In user is in array page
[INFO ] 2024-10-29 11:38:23.040 [TestNG-PoolService-2] LoggerLoad - In Hooks Class : Broswername = chrome
[INFO ] 2024-10-29 11:38:23.675 [TestNG-PoolService-4] LoggerLoad - Valid and Invalid code are validated
[INFO ] 2024-10-29 11:38:23.914 [TestNG-PoolService-2] LoggerLoad - Signed In user is in array page
[INFO ] 2024-10-29 11:38:24.541 [TestNG-PoolService-4] LoggerLoad - In Hooks Class : Broswername = chrome
[INFO ] 2024-10-29 11:38:25.049 [TestNG-PoolService-3] LoggerLoad - Valid and Invalid code are validated
[INFO ] 2024-10-29 11:38:25.495 [TestNG-PoolService-4] LoggerLoad - Signed In user is in array page
[INFO ] 2024-10-29 11:38:26.018 [TestNG-PoolService-3] LoggerLoad - In Hooks Class : Broswername = chrome
[INFO ] 2024-10-29 11:38:26.878 [TestNG-PoolService-3] LoggerLoad - Signed In user is in array page
[INFO ] 2024-10-29 11:38:27.457 [TestNG-PoolService-4] LoggerLoad - In Hooks Class : Broswername = chrome
[INFO ] 2024-10-29 11:38:27.976 [TestNG-PoolService-1] LoggerLoad - Valid and Invalid code are validated
[INFO ] 2024-10-29 11:38:28.538 [TestNG-PoolService-4] LoggerLoad - Signed In user is in array page
[INFO ] 2024-10-29 11:38:28.909 [TestNG-PoolService-1] LoggerLoad - In Hooks Class : Broswername = chrome
[INFO ] 2024-10-29 11:38:29.612 [TestNG-PoolService-3] LoggerLoad - In Hooks Class : Broswername = chrome
[INFO ] 2024-10-29 11:38:29.750 [TestNG-PoolService-2] LoggerLoad - Valid and Invalid code are validated
[INFO ] 2024-10-29 11:38:29.998 [TestNG-PoolService-1] LoggerLoad - Signed In user is in array page
[INFO ] 2024-10-29 11:38:30.773 [TestNG-PoolService-3] LoggerLoad - Signed In user is in array page
[INFO ] 2024-10-29 11:38:30.898 [TestNG-PoolService-2] LoggerLoad - In Hooks Class : Broswername = chrome
[INFO ] 2024-10-29 11:38:31.824 [TestNG-PoolService-2] LoggerLoad - Signed In user is in array page
[INFO ] 2024-10-29 11:38:32.607 [TestNG-PoolService-3] LoggerLoad - In Hooks Class : Broswername = chrome
[INFO ] 2024-10-29 11:38:33.549 [TestNG-PoolService-3] LoggerLoad - Signed In user is in array page
[INFO ] 2024-10-29 11:38:34.294 [TestNG-PoolService-2] LoggerLoad - In Hooks Class : Broswername = chrome
[INFO ] 2024-10-29 11:38:34.936 [TestNG-PoolService-4] LoggerLoad - Valid and Invalid code are validated
[INFO ] 2024-10-29 11:38:35.171 [TestNG-PoolService-2] LoggerLoad - Signed In user is in array page
[INFO ] 2024-10-29 11:38:35.899 [TestNG-PoolService-4] LoggerLoad - In Hooks Class : Broswername = chrome
[INFO ] 2024-10-29 11:38:35.967 [TestNG-PoolService-1] LoggerLoad - Valid and Invalid code are validated
[INFO ] 2024-10-29 11:38:37.027 [TestNG-PoolService-4] LoggerLoad - Signed In user is in array page
[INFO ] 2024-10-29 11:38:37.092 [TestNG-PoolService-1] LoggerLoad - In Hooks Class : Broswername = chrome
[INFO ] 2024-10-29 11:38:37.984 [TestNG-PoolService-1] LoggerLoad - Signed In user is in array page
[INFO ] 2024-10-29 11:38:38.951 [TestNG-PoolService-4] LoggerLoad - In Hooks Class : Broswername = chrome
[INFO ] 2024-10-29 11:38:39.574 [TestNG-PoolService-3] LoggerLoad - Valid and Invalid code are validated
[INFO ] 2024-10-29 11:38:39.936 [TestNG-PoolService-4] LoggerLoad - Signed In user is in array page
[INFO ] 2024-10-29 11:38:40.735 [TestNG-PoolService-3] LoggerLoad - In Hooks Class : Broswername = chrome
[INFO ] 2024-10-29 11:38:40.891 [TestNG-PoolService-1] LoggerLoad - In Hooks Class : Broswername = chrome
[INFO ] 2024-10-29 11:38:41.135 [TestNG-PoolService-2] LoggerLoad - Valid and Invalid code are validated
[INFO ] 2024-10-29 11:38:41.975 [TestNG-PoolService-3] LoggerLoad - Signed In user is in array page
[INFO ] 2024-10-29 11:38:42.097 [TestNG-PoolService-1] LoggerLoad - Signed In user is in array page
[INFO ] 2024-10-29 11:38:42.501 [TestNG-PoolService-2] LoggerLoad - In Hooks Class : Broswername = chrome
[INFO ] 2024-10-29 11:38:43.903 [TestNG-PoolService-2] LoggerLoad - Signed In user is in array page
[INFO ] 2024-10-29 11:38:44.930 [TestNG-PoolService-3] LoggerLoad - In Hooks Class : Broswername = chrome
[INFO ] 2024-10-29 11:38:45.857 [TestNG-PoolService-3] LoggerLoad - Signed In user is in array page
[INFO ] 2024-10-29 11:38:46.649 [TestNG-PoolService-4] LoggerLoad - Valid and Invalid code are validated
[INFO ] 2024-10-29 11:38:46.676 [TestNG-PoolService-2] LoggerLoad - In Hooks Class : Broswername = chrome
[INFO ] 2024-10-29 11:38:47.897 [TestNG-PoolService-4] LoggerLoad - In Hooks Class : Broswername = chrome
[INFO ] 2024-10-29 11:38:48.014 [TestNG-PoolService-2] LoggerLoad - Signed In user is in array page
[INFO ] 2024-10-29 11:38:48.487 [TestNG-PoolService-1] LoggerLoad - Valid and Invalid code are validated
[INFO ] 2024-10-29 11:38:48.788 [TestNG-PoolService-4] LoggerLoad - Signed In user is in array page
[INFO ] 2024-10-29 11:38:49.554 [TestNG-PoolService-1] LoggerLoad - In Hooks Class : Broswername = chrome
[INFO ] 2024-10-29 11:38:50.539 [TestNG-PoolService-1] LoggerLoad - Signed In user is in array page
[INFO ] 2024-10-29 11:38:50.936 [TestNG-PoolService-4] LoggerLoad - In Hooks Class : Broswername = chrome
[INFO ] 2024-10-29 11:38:51.915 [TestNG-PoolService-4] LoggerLoad - Signed In user is in array page
[INFO ] 2024-10-29 11:38:52.073 [TestNG-PoolService-3] LoggerLoad - Valid and Invalid code are validated
[INFO ] 2024-10-29 11:38:53.231 [TestNG-PoolService-3] LoggerLoad - In Hooks Class : Broswername = chrome
[INFO ] 2024-10-29 11:38:53.358 [TestNG-PoolService-1] LoggerLoad - In Hooks Class : Broswername = chrome
[INFO ] 2024-10-29 11:38:54.152 [TestNG-PoolService-2] LoggerLoad - Valid and Invalid code are validated
[INFO ] 2024-10-29 11:38:54.394 [TestNG-PoolService-3] LoggerLoad - Signed In user is in array page
[INFO ] 2024-10-29 11:38:54.483 [TestNG-PoolService-1] LoggerLoad - Signed In user is in array page
[INFO ] 2024-10-29 11:38:55.437 [TestNG-PoolService-2] LoggerLoad - In Hooks Class : Broswername = chrome
[INFO ] 2024-10-29 11:38:55.884 [TestNG-PoolService-3] LoggerLoad - In Hooks Class : Broswername = chrome
[INFO ] 2024-10-29 11:38:56.517 [TestNG-PoolService-2] LoggerLoad - Signed In user is in array page
[INFO ] 2024-10-29 11:38:56.899 [TestNG-PoolService-3] LoggerLoad - Signed In user is in array page
[INFO ] 2024-10-29 11:38:57.660 [TestNG-PoolService-2] LoggerLoad - In Hooks Class : Broswername = chrome
[INFO ] 2024-10-29 11:38:58.434 [TestNG-PoolService-4] LoggerLoad - Valid and Invalid code are validated
[INFO ] 2024-10-29 11:38:58.632 [TestNG-PoolService-2] LoggerLoad - Signed In user is in array page
[INFO ] 2024-10-29 11:38:59.739 [TestNG-PoolService-4] LoggerLoad - In Hooks Class : Broswername = chrome
[INFO ] 2024-10-29 11:38:59.815 [TestNG-PoolService-3] LoggerLoad - In Hooks Class : Broswername = chrome
[INFO ] 2024-10-29 11:39:00.873 [TestNG-PoolService-3] LoggerLoad - Signed In user is in array page
[INFO ] 2024-10-29 11:39:00.885 [TestNG-PoolService-4] LoggerLoad - Signed In user is in array page
[INFO ] 2024-10-29 11:39:01.131 [TestNG-PoolService-1] LoggerLoad - Valid and Invalid code are validated
[INFO ] 2024-10-29 11:39:01.456 [TestNG-PoolService-2] LoggerLoad - In Hooks Class : Broswername = chrome
[INFO ] 2024-10-29 11:39:02.312 [TestNG-PoolService-1] LoggerLoad - In Hooks Class : Broswername = chrome
[INFO ] 2024-10-29 11:39:02.585 [TestNG-PoolService-2] LoggerLoad - Signed In user is in array page
[INFO ] 2024-10-29 11:39:03.577 [TestNG-PoolService-1] LoggerLoad - Signed In user is in array page
[INFO ] 2024-10-29 11:39:04.210 [TestNG-PoolService-3] LoggerLoad - In Hooks Class : Broswername = chrome
[INFO ] 2024-10-29 11:39:04.380 [TestNG-PoolService-4] LoggerLoad - In Hooks Class : Broswername = chrome
[INFO ] 2024-10-29 11:39:05.316 [TestNG-PoolService-3] LoggerLoad - Signed In user is in array page
[INFO ] 2024-10-29 11:39:05.431 [TestNG-PoolService-4] LoggerLoad - Signed In user is in array page
[INFO ] 2024-10-29 11:39:09.093 [TestNG-PoolService-2] LoggerLoad - Valid and Invalid code are validated
[INFO ] 2024-10-29 11:39:09.965 [TestNG-PoolService-1] LoggerLoad - Valid and Invalid code are validated
[INFO ] 2024-10-29 11:39:10.002 [TestNG-PoolService-2] LoggerLoad - In Hooks Class : Broswername = chrome
[INFO ] 2024-10-29 11:39:10.830 [TestNG-PoolService-1] LoggerLoad - In Hooks Class : Broswername = chrome
[INFO ] 2024-10-29 11:39:11.064 [TestNG-PoolService-2] LoggerLoad - Signed In user is in array page
[INFO ] 2024-10-29 11:39:11.216 [TestNG-PoolService-3] LoggerLoad - Valid and Invalid code are validated
[INFO ] 2024-10-29 11:39:11.292 [TestNG-PoolService-4] LoggerLoad - Valid and Invalid code are validated
[INFO ] 2024-10-29 11:39:12.036 [TestNG-PoolService-1] LoggerLoad - Signed In user is in array page
[INFO ] 2024-10-29 11:39:12.611 [TestNG-PoolService-4] LoggerLoad - In Hooks Class : Broswername = chrome
[INFO ] 2024-10-29 11:39:12.673 [TestNG-PoolService-3] LoggerLoad - In Hooks Class : Broswername = chrome
[INFO ] 2024-10-29 11:39:13.703 [TestNG-PoolService-4] LoggerLoad - Signed In user is in array page
[INFO ] 2024-10-29 11:39:13.745 [TestNG-PoolService-3] LoggerLoad - Signed In user is in array page
[INFO ] 2024-10-29 11:39:17.607 [TestNG-PoolService-2] LoggerLoad - Valid and Invalid code are validated
[INFO ] 2024-10-29 11:39:18.349 [TestNG-PoolService-1] LoggerLoad - Valid and Invalid code are validated
[INFO ] 2024-10-29 11:39:18.473 [TestNG-PoolService-2] LoggerLoad - In Hooks Class : Broswername = chrome
[INFO ] 2024-10-29 11:39:19.221 [TestNG-PoolService-1] LoggerLoad - In Hooks Class : Broswername = chrome
[INFO ] 2024-10-29 11:39:19.812 [TestNG-PoolService-4] LoggerLoad - Valid and Invalid code are validated
[INFO ] 2024-10-29 11:39:20.121 [TestNG-PoolService-3] LoggerLoad - Valid and Invalid code are validated
[INFO ] 2024-10-29 11:39:20.292 [TestNG-PoolService-2] LoggerLoad - In Hooks Class : Broswername = chrome
[INFO ] 2024-10-29 11:39:21.431 [TestNG-PoolService-4] LoggerLoad - In Hooks Class : Broswername = chrome
[INFO ] 2024-10-29 11:39:21.761 [TestNG-PoolService-3] LoggerLoad - In Hooks Class : Broswername = chrome
[INFO ] 2024-10-29 11:39:24.059 [TestNG-PoolService-1] LoggerLoad - In Hooks Class : Broswername = chrome
[INFO ] 2024-10-29 11:39:25.112 [TestNG-PoolService-2] LoggerLoad - In Hooks Class : Broswername = chrome
[INFO ] 2024-10-29 11:39:26.121 [TestNG-PoolService-4] LoggerLoad - In Hooks Class : Broswername = chrome
[INFO ] 2024-10-29 11:39:29.518 [TestNG-PoolService-3] LoggerLoad - In Hooks Class : Broswername = chrome
[INFO ] 2024-10-29 11:39:30.913 [TestNG-PoolService-3] LoggerLoad - In Hooks Class : Broswername = chrome
[INFO ] 2024-10-29 11:39:31.164 [TestNG-PoolService-4] LoggerLoad - In Hooks Class : Broswername = chrome
[INFO ] 2024-10-29 11:39:32.054 [TestNG-PoolService-1] LoggerLoad - In Hooks Class : Broswername = chrome
[INFO ] 2024-10-29 11:39:33.241 [TestNG-PoolService-2] LoggerLoad - In Hooks Class : Broswername = chrome
[INFO ] 2024-10-29 11:39:33.255 [TestNG-PoolService-3] LoggerLoad - In Hooks Class : Broswername = chrome
[INFO ] 2024-10-29 11:39:33.741 [TestNG-PoolService-1] LoggerLoad - Signed In user is in array page
[INFO ] 2024-10-29 11:39:34.224 [TestNG-PoolService-4] LoggerLoad - In Hooks Class : Broswername = chrome
[INFO ] 2024-10-29 11:39:34.442 [TestNG-PoolService-2] LoggerLoad - Signed In user is in array page
[INFO ] 2024-10-29 11:39:34.508 [TestNG-PoolService-3] LoggerLoad - Signed In user is in array page
[INFO ] 2024-10-29 11:39:35.421 [TestNG-PoolService-1] LoggerLoad - In Hooks Class : Broswername = chrome
[INFO ] 2024-10-29 11:39:35.940 [TestNG-PoolService-4] LoggerLoad - Signed In user is in array page
[INFO ] 2024-10-29 11:39:36.453 [TestNG-PoolService-3] LoggerLoad - In Hooks Class : Broswername = chrome
[INFO ] 2024-10-29 11:39:36.536 [TestNG-PoolService-2] LoggerLoad - In Hooks Class : Broswername = chrome
[INFO ] 2024-10-29 11:39:36.747 [TestNG-PoolService-1] LoggerLoad - Signed In user is in array page
[INFO ] 2024-10-29 11:39:37.619 [TestNG-PoolService-3] LoggerLoad - Signed In user is in array page
[INFO ] 2024-10-29 11:39:37.736 [TestNG-PoolService-2] LoggerLoad - Signed In user is in array page
[INFO ] 2024-10-29 11:39:39.299 [TestNG-PoolService-4] LoggerLoad - In Hooks Class : Broswername = chrome
[INFO ] 2024-10-29 11:39:40.652 [TestNG-PoolService-4] LoggerLoad - Signed In user is in array page
[INFO ] 2024-10-29 11:39:40.822 [TestNG-PoolService-1] LoggerLoad - In Hooks Class : Broswername = chrome
[INFO ] 2024-10-29 11:39:41.373 [TestNG-PoolService-2] LoggerLoad - In Hooks Class : Broswername = chrome
[INFO ] 2024-10-29 11:39:41.456 [TestNG-PoolService-3] LoggerLoad - In Hooks Class : Broswername = chrome
[INFO ] 2024-10-29 11:39:41.873 [TestNG-PoolService-1] LoggerLoad - Signed In user is in array page
[INFO ] 2024-10-29 11:39:42.524 [TestNG-PoolService-2] LoggerLoad - Signed In user is in array page
[INFO ] 2024-10-29 11:39:42.544 [TestNG-PoolService-3] LoggerLoad - Signed In user is in array page
[INFO ] 2024-10-29 11:39:47.177 [TestNG-PoolService-4] LoggerLoad - Valid and Invalid code are validated
[INFO ] 2024-10-29 11:39:48.025 [TestNG-PoolService-1] LoggerLoad - Valid and Invalid code are validated
[INFO ] 2024-10-29 11:39:48.098 [TestNG-PoolService-4] LoggerLoad - In Hooks Class : Broswername = chrome
[INFO ] 2024-10-29 11:39:48.717 [TestNG-PoolService-3] LoggerLoad - Valid and Invalid code are validated
[INFO ] 2024-10-29 11:39:48.718 [TestNG-PoolService-2] LoggerLoad - Valid and Invalid code are validated
[INFO ] 2024-10-29 11:39:49.285 [TestNG-PoolService-1] LoggerLoad - In Hooks Class : Broswername = chrome
[INFO ] 2024-10-29 11:39:49.680 [TestNG-PoolService-4] LoggerLoad - Signed In user is in array page
[INFO ] 2024-10-29 11:39:50.322 [TestNG-PoolService-3] LoggerLoad - In Hooks Class : Broswername = chrome
[INFO ] 2024-10-29 11:39:50.354 [TestNG-PoolService-2] LoggerLoad - In Hooks Class : Broswername = chrome
[INFO ] 2024-10-29 11:39:50.624 [TestNG-PoolService-1] LoggerLoad - Signed In user is in array page
[INFO ] 2024-10-29 11:39:51.338 [TestNG-PoolService-3] LoggerLoad - Signed In user is in array page
[INFO ] 2024-10-29 11:39:51.528 [TestNG-PoolService-2] LoggerLoad - Signed In user is in array page
[INFO ] 2024-10-29 11:39:56.209 [TestNG-PoolService-4] LoggerLoad - Valid and Invalid code are validated
[INFO ] 2024-10-29 11:39:56.667 [TestNG-PoolService-1] LoggerLoad - Valid and Invalid code are validated
[INFO ] 2024-10-29 11:39:57.158 [TestNG-PoolService-4] LoggerLoad - In Hooks Class : Broswername = chrome
[INFO ] 2024-10-29 11:39:57.496 [TestNG-PoolService-3] LoggerLoad - Valid and Invalid code are validated
[INFO ] 2024-10-29 11:39:57.763 [TestNG-PoolService-2] LoggerLoad - Valid and Invalid code are validated
[INFO ] 2024-10-29 11:39:57.953 [TestNG-PoolService-1] LoggerLoad - In Hooks Class : Broswername = chrome
[INFO ] 2024-10-29 11:39:58.377 [TestNG-PoolService-4] LoggerLoad - Signed In user is in array page
[INFO ] 2024-10-29 11:39:59.089 [TestNG-PoolService-2] LoggerLoad - In Hooks Class : Broswername = chrome
[INFO ] 2024-10-29 11:39:59.104 [TestNG-PoolService-3] LoggerLoad - In Hooks Class : Broswername = chrome
[INFO ] 2024-10-29 11:39:59.218 [TestNG-PoolService-1] LoggerLoad - Signed In user is in array page
[INFO ] 2024-10-29 11:40:00.191 [TestNG-PoolService-4] LoggerLoad - In Hooks Class : Broswername = chrome
[INFO ] 2024-10-29 11:40:00.506 [TestNG-PoolService-3] LoggerLoad - Signed In user is in array page
[INFO ] 2024-10-29 11:40:00.580 [TestNG-PoolService-2] LoggerLoad - Signed In user is in array page
[INFO ] 2024-10-29 11:40:01.079 [TestNG-PoolService-1] LoggerLoad - In Hooks Class : Broswername = chrome
[INFO ] 2024-10-29 11:40:01.465 [TestNG-PoolService-4] LoggerLoad - Signed In user is in array page
[INFO ] 2024-10-29 11:40:02.052 [TestNG-PoolService-1] LoggerLoad - Signed In user is in array page
[INFO ] 2024-10-29 11:40:04.722 [TestNG-PoolService-3] LoggerLoad - In Hooks Class : Broswername = chrome
[INFO ] 2024-10-29 11:40:04.852 [TestNG-PoolService-2] LoggerLoad - In Hooks Class : Broswername = chrome
[INFO ] 2024-10-29 11:40:05.787 [TestNG-PoolService-4] LoggerLoad - In Hooks Class : Broswername = chrome
[INFO ] 2024-10-29 11:40:06.035 [TestNG-PoolService-3] LoggerLoad - Signed In user is in array page
[INFO ] 2024-10-29 11:40:06.110 [TestNG-PoolService-2] LoggerLoad - Signed In user is in array page
[INFO ] 2024-10-29 11:40:06.599 [TestNG-PoolService-1] LoggerLoad - In Hooks Class : Broswername = chrome
[INFO ] 2024-10-29 11:40:06.894 [TestNG-PoolService-4] LoggerLoad - Signed In user is in array page
[INFO ] 2024-10-29 11:40:07.723 [TestNG-PoolService-1] LoggerLoad - Signed In user is in array page
[INFO ] 2024-10-29 11:40:10.447 [TestNG-PoolService-2] LoggerLoad - In Hooks Class : Broswername = chrome
[INFO ] 2024-10-29 11:40:10.447 [TestNG-PoolService-3] LoggerLoad - In Hooks Class : Broswername = chrome
[INFO ] 2024-10-29 11:40:10.931 [TestNG-PoolService-4] LoggerLoad - In Hooks Class : Broswername = chrome
[INFO ] 2024-10-29 11:40:11.704 [TestNG-PoolService-3] LoggerLoad - Signed In user is in array page
[INFO ] 2024-10-29 11:40:11.745 [TestNG-PoolService-2] LoggerLoad - Signed In user is in array page
[INFO ] 2024-10-29 11:40:12.077 [TestNG-PoolService-4] LoggerLoad - Signed In user is in array page
[INFO ] 2024-10-29 11:40:12.120 [TestNG-PoolService-1] LoggerLoad - In Hooks Class : Broswername = chrome
[INFO ] 2024-10-29 11:40:13.023 [TestNG-PoolService-1] LoggerLoad - Signed In user is in array page
[INFO ] 2024-10-29 11:40:16.255 [TestNG-PoolService-3] LoggerLoad - In Hooks Class : Broswername = chrome
[INFO ] 2024-10-29 11:40:16.390 [TestNG-PoolService-2] LoggerLoad - In Hooks Class : Broswername = chrome
[INFO ] 2024-10-29 11:40:16.741 [TestNG-PoolService-4] LoggerLoad - In Hooks Class : Broswername = chrome
[INFO ] 2024-10-29 11:40:17.558 [TestNG-PoolService-1] LoggerLoad - In Hooks Class : Broswername = chrome
[INFO ] 2024-10-29 11:40:17.725 [TestNG-PoolService-3] LoggerLoad - Signed In user is in array page
[INFO ] 2024-10-29 11:40:17.751 [TestNG-PoolService-2] LoggerLoad - Signed In user is in array page
[INFO ] 2024-10-29 11:40:17.838 [TestNG-PoolService-4] LoggerLoad - Signed In user is in array page
[INFO ] 2024-10-29 11:40:18.645 [TestNG-PoolService-1] LoggerLoad - Signed In user is in array page
[INFO ] 2024-10-29 11:40:21.596 [TestNG-PoolService-2] LoggerLoad - In Hooks Class : Broswername = chrome
[INFO ] 2024-10-29 11:40:22.510 [TestNG-PoolService-2] LoggerLoad - Signed In user is in array page
[INFO ] 2024-10-29 11:40:25.022 [TestNG-PoolService-4] LoggerLoad - Valid and Invalid code are validated
[INFO ] 2024-10-29 11:40:25.038 [TestNG-PoolService-3] LoggerLoad - Valid and Invalid code are validated
[INFO ] 2024-10-29 11:40:26.039 [TestNG-PoolService-1] LoggerLoad - Valid and Invalid code are validated
[INFO ] 2024-10-29 11:40:26.329 [TestNG-PoolService-3] LoggerLoad - In Hooks Class : Broswername = chrome
[INFO ] 2024-10-29 11:40:26.362 [TestNG-PoolService-4] LoggerLoad - In Hooks Class : Broswername = chrome
[INFO ] 2024-10-29 11:40:27.347 [TestNG-PoolService-1] LoggerLoad - In Hooks Class : Broswername = chrome
[INFO ] 2024-10-29 11:40:27.651 [TestNG-PoolService-4] LoggerLoad - Signed In user is in array page
[INFO ] 2024-10-29 11:40:27.672 [TestNG-PoolService-3] LoggerLoad - Signed In user is in array page
[INFO ] 2024-10-29 11:40:28.460 [TestNG-PoolService-1] LoggerLoad - Signed In user is in array page
[INFO ] 2024-10-29 11:40:29.290 [TestNG-PoolService-2] LoggerLoad - Valid and Invalid code are validated
[INFO ] 2024-10-29 11:40:30.494 [TestNG-PoolService-2] LoggerLoad - In Hooks Class : Broswername = chrome
[INFO ] 2024-10-29 11:40:31.393 [TestNG-PoolService-2] LoggerLoad - Signed In user is in array page
[INFO ] 2024-10-29 11:40:34.784 [TestNG-PoolService-3] LoggerLoad - Valid and Invalid code are validated
[INFO ] 2024-10-29 11:40:34.888 [TestNG-PoolService-4] LoggerLoad - Valid and Invalid code are validated
[INFO ] 2024-10-29 11:40:35.799 [TestNG-PoolService-1] LoggerLoad - Valid and Invalid code are validated
[INFO ] 2024-10-29 11:40:36.111 [TestNG-PoolService-4] LoggerLoad - In Hooks Class : Broswername = chrome
[INFO ] 2024-10-29 11:40:36.125 [TestNG-PoolService-3] LoggerLoad - In Hooks Class : Broswername = chrome
[INFO ] 2024-10-29 11:40:37.105 [TestNG-PoolService-1] LoggerLoad - In Hooks Class : Broswername = chrome
[INFO ] 2024-10-29 11:40:37.393 [TestNG-PoolService-3] LoggerLoad - Signed In user is in array page
[INFO ] 2024-10-29 11:40:37.418 [TestNG-PoolService-4] LoggerLoad - Signed In user is in array page
[INFO ] 2024-10-29 11:40:38.064 [TestNG-PoolService-1] LoggerLoad - Signed In user is in array page
[INFO ] 2024-10-29 11:40:38.305 [TestNG-PoolService-2] LoggerLoad - Valid and Invalid code are validated
[INFO ] 2024-10-29 11:40:39.270 [TestNG-PoolService-2] LoggerLoad - In Hooks Class : Broswername = chrome
[INFO ] 2024-10-29 11:40:40.263 [TestNG-PoolService-2] LoggerLoad - Signed In user is in array page
[INFO ] 2024-10-29 11:40:44.373 [TestNG-PoolService-3] LoggerLoad - Valid and Invalid code are validated
[INFO ] 2024-10-29 11:40:44.621 [TestNG-PoolService-4] LoggerLoad - Valid and Invalid code are validated
[INFO ] 2024-10-29 11:40:45.027 [TestNG-PoolService-1] LoggerLoad - Valid and Invalid code are validated
[INFO ] 2024-10-29 11:40:45.949 [TestNG-PoolService-3] LoggerLoad - In Hooks Class : Broswername = chrome
[INFO ] 2024-10-29 11:40:46.045 [TestNG-PoolService-4] LoggerLoad - In Hooks Class : Broswername = chrome
[INFO ] 2024-10-29 11:40:46.422 [TestNG-PoolService-1] LoggerLoad - In Hooks Class : Broswername = chrome
[INFO ] 2024-10-29 11:40:47.021 [TestNG-PoolService-3] LoggerLoad - Signed In user is in array page
[INFO ] 2024-10-29 11:40:47.072 [TestNG-PoolService-4] LoggerLoad - Signed In user is in array page
[INFO ] 2024-10-29 11:40:47.080 [TestNG-PoolService-2] LoggerLoad - Valid and Invalid code are validated
[INFO ] 2024-10-29 11:40:47.926 [TestNG-PoolService-1] LoggerLoad - Signed In user is in array page
[INFO ] 2024-10-29 11:40:48.163 [TestNG-PoolService-2] LoggerLoad - In Hooks Class : Broswername = chrome
[INFO ] 2024-10-29 11:40:49.074 [TestNG-PoolService-2] LoggerLoad - Signed In user is in array page
[INFO ] 2024-10-29 11:40:53.909 [TestNG-PoolService-3] LoggerLoad - Valid and Invalid code are validated
[INFO ] 2024-10-29 11:40:54.044 [TestNG-PoolService-4] LoggerLoad - Valid and Invalid code are validated
[INFO ] 2024-10-29 11:40:54.960 [TestNG-PoolService-1] LoggerLoad - Valid and Invalid code are validated
[INFO ] 2024-10-29 11:40:55.054 [TestNG-PoolService-4] LoggerLoad - In Hooks Class : Broswername = chrome
[INFO ] 2024-10-29 11:40:55.181 [TestNG-PoolService-3] LoggerLoad - In Hooks Class : Broswername = chrome
[INFO ] 2024-10-29 11:40:56.095 [TestNG-PoolService-2] LoggerLoad - Valid and Invalid code are validated
[INFO ] 2024-10-29 11:40:56.144 [TestNG-PoolService-1] LoggerLoad - In Hooks Class : Broswername = chrome
[INFO ] 2024-10-29 11:40:56.250 [TestNG-PoolService-4] LoggerLoad - Signed In user is in array page
[INFO ] 2024-10-29 11:40:56.387 [TestNG-PoolService-3] LoggerLoad - Signed In user is in array page
[INFO ] 2024-10-29 11:40:57.279 [TestNG-PoolService-2] LoggerLoad - In Hooks Class : Broswername = chrome
[INFO ] 2024-10-29 11:40:57.320 [TestNG-PoolService-1] LoggerLoad - Signed In user is in array page
[INFO ] 2024-10-29 11:40:58.169 [TestNG-PoolService-2] LoggerLoad - Signed In user is in array page
[INFO ] 2024-10-29 11:41:03.261 [TestNG-PoolService-4] LoggerLoad - Valid and Invalid code are validated
[INFO ] 2024-10-29 11:41:03.319 [TestNG-PoolService-3] LoggerLoad - Valid and Invalid code are validated
[INFO ] 2024-10-29 11:41:04.550 [TestNG-PoolService-1] LoggerLoad - Valid and Invalid code are validated
[INFO ] 2024-10-29 11:41:04.774 [TestNG-PoolService-4] LoggerLoad - In Hooks Class : Broswername = chrome
[INFO ] 2024-10-29 11:41:04.775 [TestNG-PoolService-3] LoggerLoad - In Hooks Class : Broswername = chrome
[INFO ] 2024-10-29 11:41:05.620 [TestNG-PoolService-2] LoggerLoad - Valid and Invalid code are validated
[INFO ] 2024-10-29 11:41:06.358 [TestNG-PoolService-4] LoggerLoad - Signed In user is in array page
[INFO ] 2024-10-29 11:41:06.418 [TestNG-PoolService-1] LoggerLoad - In Hooks Class : Broswername = chrome
[INFO ] 2024-10-29 11:41:06.557 [TestNG-PoolService-3] LoggerLoad - Signed In user is in array page
[INFO ] 2024-10-29 11:41:07.399 [TestNG-PoolService-2] LoggerLoad - In Hooks Class : Broswername = chrome
[INFO ] 2024-10-29 11:41:07.712 [TestNG-PoolService-1] LoggerLoad - Signed In user is in array page
[INFO ] 2024-10-29 11:41:08.291 [TestNG-PoolService-2] LoggerLoad - Signed In user is in array page
[INFO ] 2024-10-29 11:41:13.754 [TestNG-PoolService-4] LoggerLoad - Valid and Invalid code are validated
[INFO ] 2024-10-29 11:41:13.884 [TestNG-PoolService-3] LoggerLoad - Valid and Invalid code are validated
[INFO ] 2024-10-29 11:41:14.708 [TestNG-PoolService-4] LoggerLoad - In Hooks Class : Broswername = chrome
[INFO ] 2024-10-29 11:41:14.749 [TestNG-PoolService-1] LoggerLoad - Valid and Invalid code are validated
[INFO ] 2024-10-29 11:41:15.173 [TestNG-PoolService-2] LoggerLoad - Valid and Invalid code are validated
[INFO ] 2024-10-29 11:41:15.334 [TestNG-PoolService-3] LoggerLoad - In Hooks Class : Broswername = chrome
[INFO ] 2024-10-29 11:41:15.715 [TestNG-PoolService-4] LoggerLoad - Signed In user is in array page
[INFO ] 2024-10-29 11:41:16.217 [TestNG-PoolService-3] LoggerLoad - Signed In user is in array page
[INFO ] 2024-10-29 11:41:22.464 [TestNG-PoolService-4] LoggerLoad - Valid and Invalid code are validated
[INFO ] 2024-10-29 11:41:22.946 [TestNG-PoolService-3] LoggerLoad - Valid and Invalid code are validated
[INFO ] 2024-10-29 11:41:52.186 [TestNG-PoolService-3] LoggerLoad - In Hooks Class : Broswername = chrome
[INFO ] 2024-10-29 11:41:52.186 [TestNG-PoolService-4] LoggerLoad - In Hooks Class : Broswername = chrome
[INFO ] 2024-10-29 11:41:52.186 [TestNG-PoolService-1] LoggerLoad - In Hooks Class : Broswername = chrome
[INFO ] 2024-10-29 11:41:52.186 [TestNG-PoolService-2] LoggerLoad - In Hooks Class : Broswername = chrome
[INFO ] 2024-10-29 11:41:54.321 [TestNG-PoolService-3] LoggerLoad - Signed In user is in array page
[INFO ] 2024-10-29 11:41:54.321 [TestNG-PoolService-4] LoggerLoad - Signed In user is in array page
[INFO ] 2024-10-29 11:41:54.362 [TestNG-PoolService-1] LoggerLoad - Signed In user is in array page
[INFO ] 2024-10-29 11:41:54.362 [TestNG-PoolService-2] LoggerLoad - Signed In user is in array page
[INFO ] 2024-10-29 11:41:58.620 [TestNG-PoolService-3] LoggerLoad - In Array Page Text Editor
[INFO ] 2024-10-29 11:41:58.682 [TestNG-PoolService-1] LoggerLoad - In Array Page Text Editor
[INFO ] 2024-10-29 11:41:58.707 [TestNG-PoolService-2] LoggerLoad - In Array Page Text Editor
[INFO ] 2024-10-29 11:41:58.794 [TestNG-PoolService-4] LoggerLoad - In Array Page Text Editor
[INFO ] 2024-10-29 11:42:01.292 [TestNG-PoolService-3] LoggerLoad - In Array Page Text Editor
[INFO ] 2024-10-29 11:42:01.315 [TestNG-PoolService-1] LoggerLoad - In Array Page Text Editor
[INFO ] 2024-10-29 11:42:01.462 [TestNG-PoolService-2] LoggerLoad - In Array Page Text Editor
[INFO ] 2024-10-29 11:42:01.556 [TestNG-PoolService-4] LoggerLoad - In Array Page Text Editor
[INFO ] 2024-10-29 11:42:03.492 [TestNG-PoolService-3] LoggerLoad - In Hooks Class : Broswername = chrome
[INFO ] 2024-10-29 11:42:03.839 [TestNG-PoolService-4] LoggerLoad - In Hooks Class : Broswername = chrome
[INFO ] 2024-10-29 11:42:03.952 [TestNG-PoolService-1] LoggerLoad - In Hooks Class : Broswername = chrome
[INFO ] 2024-10-29 11:42:04.109 [TestNG-PoolService-2] LoggerLoad - In Hooks Class : Broswername = chrome
[INFO ] 2024-10-29 11:42:04.746 [TestNG-PoolService-3] LoggerLoad - Signed In user is in array page
[INFO ] 2024-10-29 11:42:04.916 [TestNG-PoolService-3] LoggerLoad - Page Title is : Practice Questions
[INFO ] 2024-10-29 11:42:04.982 [TestNG-PoolService-4] LoggerLoad - Signed In user is in array page
[INFO ] 2024-10-29 11:42:05.011 [TestNG-PoolService-1] LoggerLoad - Signed In user is in array page
[INFO ] 2024-10-29 11:42:05.112 [TestNG-PoolService-4] LoggerLoad - Page Title is : Practice Questions
[INFO ] 2024-10-29 11:42:05.155 [TestNG-PoolService-1] LoggerLoad - Page Title is : Practice Questions
[INFO ] 2024-10-29 11:42:05.184 [TestNG-PoolService-2] LoggerLoad - Signed In user is in array page
[INFO ] 2024-10-29 11:42:05.320 [TestNG-PoolService-2] LoggerLoad - Page Title is : Practice Questions
[INFO ] 2024-10-29 11:42:06.906 [TestNG-PoolService-3] LoggerLoad - Python code
[INFO ] 2024-10-29 11:42:07.032 [TestNG-PoolService-3] LoggerLoad - Page Title is : Assessment
[INFO ] 2024-10-29 11:42:07.364 [TestNG-PoolService-2] LoggerLoad - Python code
[INFO ] 2024-10-29 11:42:07.365 [TestNG-PoolService-4] LoggerLoad - Python code
[INFO ] 2024-10-29 11:42:07.401 [TestNG-PoolService-1] LoggerLoad - Python code
[INFO ] 2024-10-29 11:42:07.446 [TestNG-PoolService-4] LoggerLoad - Page Title is : Assessment
[INFO ] 2024-10-29 11:42:07.450 [TestNG-PoolService-2] LoggerLoad - Page Title is : Assessment
[INFO ] 2024-10-29 11:42:07.494 [TestNG-PoolService-1] LoggerLoad - Page Title is : Assessment
[INFO ] 2024-10-29 11:42:08.937 [TestNG-PoolService-3] LoggerLoad - In Hooks Class : Broswername = chrome
[INFO ] 2024-10-29 11:42:09.084 [TestNG-PoolService-2] LoggerLoad - In Hooks Class : Broswername = chrome
[INFO ] 2024-10-29 11:42:09.270 [TestNG-PoolService-4] LoggerLoad - In Hooks Class : Broswername = chrome
[INFO ] 2024-10-29 11:42:09.520 [TestNG-PoolService-1] LoggerLoad - In Hooks Class : Broswername = chrome
[INFO ] 2024-10-29 11:42:11.317 [TestNG-PoolService-3] LoggerLoad - In Hooks Class : Broswername = chrome
[INFO ] 2024-10-29 11:42:11.489 [TestNG-PoolService-2] LoggerLoad - In Hooks Class : Broswername = chrome
[INFO ] 2024-10-29 11:42:11.984 [TestNG-PoolService-4] LoggerLoad - In Hooks Class : Broswername = chrome
[INFO ] 2024-10-29 11:42:12.522 [TestNG-PoolService-1] LoggerLoad - In Hooks Class : Broswername = chrome
[INFO ] 2024-10-29 11:42:12.786 [TestNG-PoolService-2] LoggerLoad - Signed In user is in array page
[INFO ] 2024-10-29 11:42:13.148 [TestNG-PoolService-4] LoggerLoad - Signed In user is in array page
[INFO ] 2024-10-29 11:42:13.696 [TestNG-PoolService-3] LoggerLoad - In Hooks Class : Broswername = chrome
[INFO ] 2024-10-29 11:42:13.850 [TestNG-PoolService-1] LoggerLoad - Signed In user is in array page
[INFO ] 2024-10-29 11:42:14.838 [TestNG-PoolService-2] LoggerLoad - In Hooks Class : Broswername = chrome
[INFO ] 2024-10-29 11:42:15.097 [TestNG-PoolService-4] LoggerLoad - In Hooks Class : Broswername = chrome
[INFO ] 2024-10-29 11:42:15.171 [TestNG-PoolService-3] LoggerLoad - Signed In user is in array page
[INFO ] 2024-10-29 11:42:15.956 [TestNG-PoolService-2] LoggerLoad - Signed In user is in array page
[INFO ] 2024-10-29 11:42:16.239 [TestNG-PoolService-4] LoggerLoad - Signed In user is in array page
[INFO ] 2024-10-29 11:42:16.761 [TestNG-PoolService-1] LoggerLoad - In Hooks Class : Broswername = chrome
[INFO ] 2024-10-29 11:42:18.141 [TestNG-PoolService-1] LoggerLoad - Signed In user is in array page
[INFO ] 2024-10-29 11:42:18.743 [TestNG-PoolService-3] LoggerLoad - In Hooks Class : Broswername = chrome
[INFO ] 2024-10-29 11:42:19.820 [TestNG-PoolService-3] LoggerLoad - Signed In user is in array page
[INFO ] 2024-10-29 11:42:20.386 [TestNG-PoolService-1] LoggerLoad - In Hooks Class : Broswername = chrome
[INFO ] 2024-10-29 11:42:21.261 [TestNG-PoolService-1] LoggerLoad - Signed In user is in array page
[INFO ] 2024-10-29 11:42:22.284 [TestNG-PoolService-3] LoggerLoad - In Hooks Class : Broswername = chrome
[INFO ] 2024-10-29 11:42:22.568 [TestNG-PoolService-4] LoggerLoad - Valid and Invalid code are validated
[INFO ] 2024-10-29 11:42:22.609 [TestNG-PoolService-2] LoggerLoad - Valid and Invalid code are validated
[INFO ] 2024-10-29 11:42:23.539 [TestNG-PoolService-3] LoggerLoad - Signed In user is in array page
[INFO ] 2024-10-29 11:42:23.896 [TestNG-PoolService-2] LoggerLoad - In Hooks Class : Broswername = chrome
[INFO ] 2024-10-29 11:42:24.024 [TestNG-PoolService-4] LoggerLoad - In Hooks Class : Broswername = chrome
[INFO ] 2024-10-29 11:42:24.981 [TestNG-PoolService-2] LoggerLoad - Signed In user is in array page
[INFO ] 2024-10-29 11:42:25.637 [TestNG-PoolService-4] LoggerLoad - In Hooks Class : Broswername = chrome
[INFO ] 2024-10-29 11:42:26.570 [TestNG-PoolService-2] LoggerLoad - In Hooks Class : Broswername = chrome
[INFO ] 2024-10-29 11:42:26.749 [TestNG-PoolService-4] LoggerLoad - Signed In user is in array page
[INFO ] 2024-10-29 11:42:27.386 [TestNG-PoolService-1] LoggerLoad - Valid and Invalid code are validated
[INFO ] 2024-10-29 11:42:27.596 [TestNG-PoolService-2] LoggerLoad - Signed In user is in array page
[INFO ] 2024-10-29 11:42:28.047 [TestNG-PoolService-4] LoggerLoad - In Hooks Class : Broswername = chrome
[INFO ] 2024-10-29 11:42:28.812 [TestNG-PoolService-1] LoggerLoad - In Hooks Class : Broswername = chrome
[INFO ] 2024-10-29 11:42:29.113 [TestNG-PoolService-4] LoggerLoad - Signed In user is in array page
[INFO ] 2024-10-29 11:42:29.735 [TestNG-PoolService-3] LoggerLoad - Valid and Invalid code are validated
[INFO ] 2024-10-29 11:42:29.941 [TestNG-PoolService-2] LoggerLoad - In Hooks Class : Broswername = chrome
[INFO ] 2024-10-29 11:42:30.026 [TestNG-PoolService-1] LoggerLoad - Signed In user is in array page
[INFO ] 2024-10-29 11:42:31.174 [TestNG-PoolService-2] LoggerLoad - Signed In user is in array page
[INFO ] 2024-10-29 11:42:32.497 [TestNG-PoolService-3] LoggerLoad - In Hooks Class : Broswername = chrome
[INFO ] 2024-10-29 11:42:33.748 [TestNG-PoolService-4] LoggerLoad - In Hooks Class : Broswername = chrome
[INFO ] 2024-10-29 11:42:33.842 [TestNG-PoolService-3] LoggerLoad - Signed In user is in array page
[INFO ] 2024-10-29 11:42:34.719 [TestNG-PoolService-4] LoggerLoad - Signed In user is in array page
[INFO ] 2024-10-29 11:42:35.839 [TestNG-PoolService-3] LoggerLoad - In Hooks Class : Broswername = chrome
[INFO ] 2024-10-29 11:42:36.794 [TestNG-PoolService-1] LoggerLoad - Valid and Invalid code are validated
[INFO ] 2024-10-29 11:42:36.871 [TestNG-PoolService-3] LoggerLoad - Signed In user is in array page
[INFO ] 2024-10-29 11:42:37.359 [TestNG-PoolService-4] LoggerLoad - In Hooks Class : Broswername = chrome
[INFO ] 2024-10-29 11:42:37.861 [TestNG-PoolService-2] LoggerLoad - Valid and Invalid code are validated
[INFO ] 2024-10-29 11:42:37.960 [TestNG-PoolService-1] LoggerLoad - In Hooks Class : Broswername = chrome
[INFO ] 2024-10-29 11:42:38.780 [TestNG-PoolService-4] LoggerLoad - Signed In user is in array page
[INFO ] 2024-10-29 11:42:39.192 [TestNG-PoolService-1] LoggerLoad - Signed In user is in array page
[INFO ] 2024-10-29 11:42:39.272 [TestNG-PoolService-2] LoggerLoad - In Hooks Class : Broswername = chrome
[INFO ] 2024-10-29 11:42:40.163 [TestNG-PoolService-2] LoggerLoad - Signed In user is in array page
[INFO ] 2024-10-29 11:42:41.547 [TestNG-PoolService-1] LoggerLoad - In Hooks Class : Broswername = chrome
[INFO ] 2024-10-29 11:42:42.512 [TestNG-PoolService-1] LoggerLoad - Signed In user is in array page
[INFO ] 2024-10-29 11:42:43.030 [TestNG-PoolService-2] LoggerLoad - In Hooks Class : Broswername = chrome
[INFO ] 2024-10-29 11:42:43.336 [TestNG-PoolService-3] LoggerLoad - Valid and Invalid code are validated
[INFO ] 2024-10-29 11:42:44.130 [TestNG-PoolService-2] LoggerLoad - Signed In user is in array page
[INFO ] 2024-10-29 11:42:44.717 [TestNG-PoolService-3] LoggerLoad - In Hooks Class : Broswername = chrome
[INFO ] 2024-10-29 11:42:45.051 [TestNG-PoolService-4] LoggerLoad - Valid and Invalid code are validated
[INFO ] 2024-10-29 11:42:45.832 [TestNG-PoolService-3] LoggerLoad - Signed In user is in array page
[INFO ] 2024-10-29 11:42:46.077 [TestNG-PoolService-4] LoggerLoad - In Hooks Class : Broswername = chrome
[INFO ] 2024-10-29 11:42:47.093 [TestNG-PoolService-4] LoggerLoad - Signed In user is in array page
[INFO ] 2024-10-29 11:42:48.009 [TestNG-PoolService-3] LoggerLoad - In Hooks Class : Broswername = chrome
[INFO ] 2024-10-29 11:42:48.937 [TestNG-PoolService-1] LoggerLoad - Valid and Invalid code are validated
[INFO ] 2024-10-29 11:42:48.962 [TestNG-PoolService-3] LoggerLoad - Signed In user is in array page
[INFO ] 2024-10-29 11:42:50.060 [TestNG-PoolService-4] LoggerLoad - In Hooks Class : Broswername = chrome
[INFO ] 2024-10-29 11:42:50.383 [TestNG-PoolService-2] LoggerLoad - Valid and Invalid code are validated
[INFO ] 2024-10-29 11:42:50.457 [TestNG-PoolService-1] LoggerLoad - In Hooks Class : Broswername = chrome
[INFO ] 2024-10-29 11:42:51.343 [TestNG-PoolService-4] LoggerLoad - Signed In user is in array page
[INFO ] 2024-10-29 11:44:58.530 [TestNG-PoolService-1] LoggerLoad - In Hooks Class : Broswername = chrome
[INFO ] 2024-10-29 11:44:58.530 [TestNG-PoolService-4] LoggerLoad - In Hooks Class : Broswername = chrome
[INFO ] 2024-10-29 11:44:58.530 [TestNG-PoolService-2] LoggerLoad - In Hooks Class : Broswername = chrome
[INFO ] 2024-10-29 11:44:58.530 [TestNG-PoolService-3] LoggerLoad - In Hooks Class : Broswername = chrome
[INFO ] 2024-10-29 11:45:00.849 [TestNG-PoolService-4] LoggerLoad - Signed In user is in array page
[INFO ] 2024-10-29 11:45:00.905 [TestNG-PoolService-3] LoggerLoad - Signed In user is in array page
[INFO ] 2024-10-29 11:45:00.923 [TestNG-PoolService-1] LoggerLoad - Signed In user is in array page
[INFO ] 2024-10-29 11:45:00.965 [TestNG-PoolService-2] LoggerLoad - Signed In user is in array page
[INFO ] 2024-10-29 11:45:04.846 [TestNG-PoolService-1] LoggerLoad - In Array Page Text Editor
[INFO ] 2024-10-29 11:45:04.847 [TestNG-PoolService-2] LoggerLoad - In Array Page Text Editor
[INFO ] 2024-10-29 11:45:04.847 [TestNG-PoolService-4] LoggerLoad - In Array Page Text Editor
[INFO ] 2024-10-29 11:45:04.847 [TestNG-PoolService-3] LoggerLoad - In Array Page Text Editor
[INFO ] 2024-10-29 11:45:07.531 [TestNG-PoolService-1] LoggerLoad - In Array Page Text Editor
[INFO ] 2024-10-29 11:45:07.543 [TestNG-PoolService-3] LoggerLoad - In Array Page Text Editor
[INFO ] 2024-10-29 11:45:07.544 [TestNG-PoolService-4] LoggerLoad - In Array Page Text Editor
[INFO ] 2024-10-29 11:45:07.544 [TestNG-PoolService-2] LoggerLoad - In Array Page Text Editor
[INFO ] 2024-10-29 11:45:08.981 [TestNG-PoolService-2] LoggerLoad - In Hooks Class : Broswername = chrome
[INFO ] 2024-10-29 11:45:09.924 [TestNG-PoolService-2] LoggerLoad - Signed In user is in array page
[INFO ] 2024-10-29 11:45:10.110 [TestNG-PoolService-2] LoggerLoad - Page Title is : Practice Questions
[INFO ] 2024-10-29 11:45:11.002 [TestNG-PoolService-4] LoggerLoad - In Hooks Class : Broswername = chrome
[INFO ] 2024-10-29 11:45:11.017 [TestNG-PoolService-3] LoggerLoad - In Hooks Class : Broswername = chrome
[INFO ] 2024-10-29 11:45:11.527 [TestNG-PoolService-1] LoggerLoad - In Hooks Class : Broswername = chrome
[INFO ] 2024-10-29 11:45:12.272 [TestNG-PoolService-4] LoggerLoad - Signed In user is in array page
[INFO ] 2024-10-29 11:45:12.280 [TestNG-PoolService-3] LoggerLoad - Signed In user is in array page
[INFO ] 2024-10-29 11:45:12.326 [TestNG-PoolService-2] LoggerLoad - Python code
[INFO ] 2024-10-29 11:45:12.386 [TestNG-PoolService-2] LoggerLoad - Page Title is : Assessment
[INFO ] 2024-10-29 11:45:12.399 [TestNG-PoolService-4] LoggerLoad - Page Title is : Practice Questions
[INFO ] 2024-10-29 11:45:12.491 [TestNG-PoolService-3] LoggerLoad - Page Title is : Practice Questions
[INFO ] 2024-10-29 11:45:12.596 [TestNG-PoolService-1] LoggerLoad - Signed In user is in array page
[INFO ] 2024-10-29 11:45:12.731 [TestNG-PoolService-1] LoggerLoad - Page Title is : Practice Questions
[INFO ] 2024-10-29 11:45:13.976 [TestNG-PoolService-2] LoggerLoad - In Hooks Class : Broswername = chrome
[INFO ] 2024-10-29 11:45:14.694 [TestNG-PoolService-4] LoggerLoad - Python code
[INFO ] 2024-10-29 11:45:14.708 [TestNG-PoolService-1] LoggerLoad - Python code
[INFO ] 2024-10-29 11:45:14.775 [TestNG-PoolService-4] LoggerLoad - Page Title is : Assessment
[INFO ] 2024-10-29 11:45:14.884 [TestNG-PoolService-3] LoggerLoad - Python code
[INFO ] 2024-10-29 11:45:14.893 [TestNG-PoolService-1] LoggerLoad - Page Title is : Assessment
[INFO ] 2024-10-29 11:45:14.974 [TestNG-PoolService-3] LoggerLoad - Page Title is : Assessment
[INFO ] 2024-10-29 11:45:16.549 [TestNG-PoolService-1] LoggerLoad - In Hooks Class : Broswername = chrome
[INFO ] 2024-10-29 11:45:16.654 [TestNG-PoolService-4] LoggerLoad - In Hooks Class : Broswername = chrome
[INFO ] 2024-10-29 11:45:16.751 [TestNG-PoolService-2] LoggerLoad - In Hooks Class : Broswername = chrome
[INFO ] 2024-10-29 11:45:16.751 [TestNG-PoolService-3] LoggerLoad - In Hooks Class : Broswername = chrome
[INFO ] 2024-10-29 11:45:19.179 [TestNG-PoolService-4] LoggerLoad - In Hooks Class : Broswername = chrome
[INFO ] 2024-10-29 11:45:19.353 [TestNG-PoolService-1] LoggerLoad - In Hooks Class : Broswername = chrome
[INFO ] 2024-10-29 11:45:19.365 [TestNG-PoolService-3] LoggerLoad - In Hooks Class : Broswername = chrome
[INFO ] 2024-10-29 11:45:19.667 [TestNG-PoolService-2] LoggerLoad - In Hooks Class : Broswername = chrome
[INFO ] 2024-10-29 11:45:20.492 [TestNG-PoolService-4] LoggerLoad - Signed In user is in array page
[INFO ] 2024-10-29 11:45:20.546 [TestNG-PoolService-1] LoggerLoad - Signed In user is in array page
[INFO ] 2024-10-29 11:45:20.577 [TestNG-PoolService-3] LoggerLoad - Signed In user is in array page
[INFO ] 2024-10-29 11:45:20.740 [TestNG-PoolService-2] LoggerLoad - Signed In user is in array page
[INFO ] 2024-10-29 11:45:22.174 [TestNG-PoolService-4] LoggerLoad - In Hooks Class : Broswername = chrome
[INFO ] 2024-10-29 11:45:22.340 [TestNG-PoolService-1] LoggerLoad - In Hooks Class : Broswername = chrome
[INFO ] 2024-10-29 11:45:23.533 [TestNG-PoolService-3] LoggerLoad - In Hooks Class : Broswername = chrome
[INFO ] 2024-10-29 11:45:23.819 [TestNG-PoolService-1] LoggerLoad - Signed In user is in array page
[INFO ] 2024-10-29 11:45:23.864 [TestNG-PoolService-4] LoggerLoad - Signed In user is in array page
[INFO ] 2024-10-29 11:45:24.420 [TestNG-PoolService-2] LoggerLoad - In Hooks Class : Broswername = chrome
[INFO ] 2024-10-29 11:45:24.807 [TestNG-PoolService-3] LoggerLoad - Signed In user is in array page
[INFO ] 2024-10-29 11:45:25.642 [TestNG-PoolService-2] LoggerLoad - Signed In user is in array page
[INFO ] 2024-10-29 11:45:27.080 [TestNG-PoolService-3] LoggerLoad - In Hooks Class : Broswername = chrome
[INFO ] 2024-10-29 11:45:28.108 [TestNG-PoolService-3] LoggerLoad - Signed In user is in array page
[INFO ] 2024-10-29 11:45:28.112 [TestNG-PoolService-2] LoggerLoad - In Hooks Class : Broswername = chrome
[INFO ] 2024-10-29 11:45:28.955 [TestNG-PoolService-2] LoggerLoad - Signed In user is in array page
[INFO ] 2024-10-29 11:45:30.273 [TestNG-PoolService-1] LoggerLoad - Valid and Invalid code are validated
[INFO ] 2024-10-29 11:45:30.277 [TestNG-PoolService-4] LoggerLoad - Valid and Invalid code are validated
[INFO ] 2024-10-29 11:45:31.521 [TestNG-PoolService-4] LoggerLoad - In Hooks Class : Broswername = chrome
[INFO ] 2024-10-29 11:45:31.522 [TestNG-PoolService-1] LoggerLoad - In Hooks Class : Broswername = chrome
[INFO ] 2024-10-29 11:45:32.576 [TestNG-PoolService-1] LoggerLoad - Signed In user is in array page
[INFO ] 2024-10-29 11:45:32.937 [TestNG-PoolService-4] LoggerLoad - In Hooks Class : Broswername = chrome
[INFO ] 2024-10-29 11:45:33.888 [TestNG-PoolService-1] LoggerLoad - In Hooks Class : Broswername = chrome
[INFO ] 2024-10-29 11:45:33.992 [TestNG-PoolService-3] LoggerLoad - Valid and Invalid code are validated
[INFO ] 2024-10-29 11:45:34.053 [TestNG-PoolService-4] LoggerLoad - Signed In user is in array page
[INFO ] 2024-10-29 11:45:34.890 [TestNG-PoolService-1] LoggerLoad - Signed In user is in array page
[INFO ] 2024-10-29 11:45:35.057 [TestNG-PoolService-2] LoggerLoad - Valid and Invalid code are validated
[INFO ] 2024-10-29 11:45:35.633 [TestNG-PoolService-3] LoggerLoad - In Hooks Class : Broswername = chrome
[INFO ] 2024-10-29 11:45:35.668 [TestNG-PoolService-4] LoggerLoad - In Hooks Class : Broswername = chrome
[INFO ] 2024-10-29 11:45:36.616 [TestNG-PoolService-2] LoggerLoad - In Hooks Class : Broswername = chrome
[INFO ] 2024-10-29 11:45:36.817 [TestNG-PoolService-3] LoggerLoad - Signed In user is in array page
[INFO ] 2024-10-29 11:45:36.980 [TestNG-PoolService-4] LoggerLoad - Signed In user is in array page
[INFO ] 2024-10-29 11:45:37.808 [TestNG-PoolService-1] LoggerLoad - In Hooks Class : Broswername = chrome
[INFO ] 2024-10-29 11:45:37.986 [TestNG-PoolService-2] LoggerLoad - Signed In user is in array page
[INFO ] 2024-10-29 11:45:38.941 [TestNG-PoolService-1] LoggerLoad - Signed In user is in array page
[INFO ] 2024-10-29 11:45:39.626 [TestNG-PoolService-3] LoggerLoad - In Hooks Class : Broswername = chrome
[INFO ] 2024-10-29 11:45:40.554 [TestNG-PoolService-3] LoggerLoad - Signed In user is in array page
[INFO ] 2024-10-29 11:45:41.063 [TestNG-PoolService-1] LoggerLoad - In Hooks Class : Broswername = chrome
[INFO ] 2024-10-29 11:45:42.001 [TestNG-PoolService-1] LoggerLoad - Signed In user is in array page
[INFO ] 2024-10-29 11:45:43.059 [TestNG-PoolService-3] LoggerLoad - In Hooks Class : Broswername = chrome
[INFO ] 2024-10-29 11:45:43.406 [TestNG-PoolService-4] LoggerLoad - Valid and Invalid code are validated
[INFO ] 2024-10-29 11:45:44.137 [TestNG-PoolService-3] LoggerLoad - Signed In user is in array page
[INFO ] 2024-10-29 11:45:44.329 [TestNG-PoolService-4] LoggerLoad - In Hooks Class : Broswername = chrome
[INFO ] 2024-10-29 11:45:44.438 [TestNG-PoolService-2] LoggerLoad - Valid and Invalid code are validated
[INFO ] 2024-10-29 11:45:45.378 [TestNG-PoolService-4] LoggerLoad - Signed In user is in array page
[INFO ] 2024-10-29 11:45:45.543 [TestNG-PoolService-2] LoggerLoad - In Hooks Class : Broswername = chrome
[INFO ] 2024-10-29 11:45:46.541 [TestNG-PoolService-2] LoggerLoad - Signed In user is in array page
[INFO ] 2024-10-29 11:45:47.332 [TestNG-PoolService-4] LoggerLoad - In Hooks Class : Broswername = chrome
[INFO ] 2024-10-29 11:45:48.066 [TestNG-PoolService-1] LoggerLoad - Valid and Invalid code are validated
[INFO ] 2024-10-29 11:45:48.271 [TestNG-PoolService-4] LoggerLoad - Signed In user is in array page
[INFO ] 2024-10-29 11:45:49.439 [TestNG-PoolService-2] LoggerLoad - In Hooks Class : Broswername = chrome
[INFO ] 2024-10-29 11:45:49.451 [TestNG-PoolService-1] LoggerLoad - In Hooks Class : Broswername = chrome
[INFO ] 2024-10-29 11:45:50.259 [TestNG-PoolService-3] LoggerLoad - Valid and Invalid code are validated
[INFO ] 2024-10-29 11:45:50.452 [TestNG-PoolService-2] LoggerLoad - Signed In user is in array page
[INFO ] 2024-10-29 11:45:50.535 [TestNG-PoolService-1] LoggerLoad - Signed In user is in array page
[INFO ] 2024-10-29 11:45:51.383 [TestNG-PoolService-3] LoggerLoad - In Hooks Class : Broswername = chrome
[INFO ] 2024-10-29 11:45:52.460 [TestNG-PoolService-3] LoggerLoad - Signed In user is in array page
[INFO ] 2024-10-29 11:45:52.829 [TestNG-PoolService-1] LoggerLoad - In Hooks Class : Broswername = chrome
[INFO ] 2024-10-29 11:45:53.716 [TestNG-PoolService-1] LoggerLoad - Signed In user is in array page
[INFO ] 2024-10-29 11:45:54.640 [TestNG-PoolService-4] LoggerLoad - Valid and Invalid code are validated
[INFO ] 2024-10-29 11:45:54.909 [TestNG-PoolService-3] LoggerLoad - In Hooks Class : Broswername = chrome
[INFO ] 2024-10-29 11:45:55.901 [TestNG-PoolService-4] LoggerLoad - In Hooks Class : Broswername = chrome
[INFO ] 2024-10-29 11:45:56.111 [TestNG-PoolService-3] LoggerLoad - Signed In user is in array page
[INFO ] 2024-10-29 11:45:56.410 [TestNG-PoolService-2] LoggerLoad - Valid and Invalid code are validated
[INFO ] 2024-10-29 11:45:56.849 [TestNG-PoolService-4] LoggerLoad - Signed In user is in array page
[INFO ] 2024-10-29 11:45:57.382 [TestNG-PoolService-2] LoggerLoad - In Hooks Class : Broswername = chrome
[INFO ] 2024-10-29 11:45:58.428 [TestNG-PoolService-2] LoggerLoad - Signed In user is in array page
[INFO ] 2024-10-29 11:45:59.152 [TestNG-PoolService-4] LoggerLoad - In Hooks Class : Broswername = chrome
[INFO ] 2024-10-29 11:45:59.943 [TestNG-PoolService-1] LoggerLoad - Valid and Invalid code are validated
[INFO ] 2024-10-29 11:46:00.128 [TestNG-PoolService-4] LoggerLoad - Signed In user is in array page
[INFO ] 2024-10-29 11:46:01.367 [TestNG-PoolService-1] LoggerLoad - In Hooks Class : Broswername = chrome
[INFO ] 2024-10-29 11:46:01.484 [TestNG-PoolService-2] LoggerLoad - In Hooks Class : Broswername = chrome
[INFO ] 2024-10-29 11:46:02.204 [TestNG-PoolService-3] LoggerLoad - Valid and Invalid code are validated
[INFO ] 2024-10-29 11:46:02.402 [TestNG-PoolService-1] LoggerLoad - Signed In user is in array page
[INFO ] 2024-10-29 11:46:02.543 [TestNG-PoolService-2] LoggerLoad - Signed In user is in array page
[INFO ] 2024-10-29 11:46:03.198 [TestNG-PoolService-3] LoggerLoad - In Hooks Class : Broswername = chrome
[INFO ] 2024-10-29 11:46:04.176 [TestNG-PoolService-3] LoggerLoad - Signed In user is in array page
[INFO ] 2024-10-29 11:46:05.012 [TestNG-PoolService-2] LoggerLoad - In Hooks Class : Broswername = chrome
[INFO ] 2024-10-29 11:46:05.929 [TestNG-PoolService-2] LoggerLoad - Signed In user is in array page
[INFO ] 2024-10-29 11:46:06.490 [TestNG-PoolService-4] LoggerLoad - Valid and Invalid code are validated
[INFO ] 2024-10-29 11:46:06.867 [TestNG-PoolService-3] LoggerLoad - In Hooks Class : Broswername = chrome
[INFO ] 2024-10-29 11:46:07.757 [TestNG-PoolService-4] LoggerLoad - In Hooks Class : Broswername = chrome
[INFO ] 2024-10-29 11:46:07.965 [TestNG-PoolService-3] LoggerLoad - Signed In user is in array page
[INFO ] 2024-10-29 11:46:08.384 [TestNG-PoolService-1] LoggerLoad - Valid and Invalid code are validated
[INFO ] 2024-10-29 11:46:08.727 [TestNG-PoolService-4] LoggerLoad - Signed In user is in array page
[INFO ] 2024-10-29 11:46:09.419 [TestNG-PoolService-1] LoggerLoad - In Hooks Class : Broswername = chrome
[INFO ] 2024-10-29 11:46:10.455 [TestNG-PoolService-1] LoggerLoad - Signed In user is in array page
[INFO ] 2024-10-29 11:46:12.195 [TestNG-PoolService-2] LoggerLoad - Valid and Invalid code are validated
[INFO ] 2024-10-29 11:46:13.440 [TestNG-PoolService-4] LoggerLoad - In Hooks Class : Broswername = chrome
[INFO ] 2024-10-29 11:46:14.588 [TestNG-PoolService-3] LoggerLoad - Valid and Invalid code are validated
[INFO ] 2024-10-29 11:46:14.721 [TestNG-PoolService-2] LoggerLoad - In Hooks Class : Broswername = chrome
[INFO ] 2024-10-29 11:46:14.814 [TestNG-PoolService-1] LoggerLoad - In Hooks Class : Broswername = chrome
[INFO ] 2024-10-29 11:46:14.821 [TestNG-PoolService-4] LoggerLoad - Signed In user is in array page
[INFO ] 2024-10-29 11:46:15.919 [TestNG-PoolService-2] LoggerLoad - Signed In user is in array page
[INFO ] 2024-10-29 11:46:16.033 [TestNG-PoolService-3] LoggerLoad - In Hooks Class : Broswername = chrome
[INFO ] 2024-10-29 11:46:16.197 [TestNG-PoolService-1] LoggerLoad - Signed In user is in array page
[INFO ] 2024-10-29 11:46:17.187 [TestNG-PoolService-3] LoggerLoad - Signed In user is in array page
[INFO ] 2024-10-29 11:46:17.901 [TestNG-PoolService-1] LoggerLoad - In Hooks Class : Broswername = chrome
[INFO ] 2024-10-29 11:46:18.601 [TestNG-PoolService-3] LoggerLoad - In Hooks Class : Broswername = chrome
[INFO ] 2024-10-29 11:46:18.949 [TestNG-PoolService-1] LoggerLoad - Signed In user is in array page
[INFO ] 2024-10-29 11:46:19.652 [TestNG-PoolService-3] LoggerLoad - Signed In user is in array page
[INFO ] 2024-10-29 11:46:21.470 [TestNG-PoolService-1] LoggerLoad - In Hooks Class : Broswername = chrome
[INFO ] 2024-10-29 11:46:21.683 [TestNG-PoolService-4] LoggerLoad - Valid and Invalid code are validated
[INFO ] 2024-10-29 11:46:22.417 [TestNG-PoolService-2] LoggerLoad - Valid and Invalid code are validated
[INFO ] 2024-10-29 11:46:22.450 [TestNG-PoolService-3] LoggerLoad - In Hooks Class : Broswername = chrome
[INFO ] 2024-10-29 11:46:22.759 [TestNG-PoolService-1] LoggerLoad - Signed In user is in array page
[INFO ] 2024-10-29 11:46:23.531 [TestNG-PoolService-2] LoggerLoad - In Hooks Class : Broswername = chrome
[INFO ] 2024-10-29 11:46:23.755 [TestNG-PoolService-3] LoggerLoad - Signed In user is in array page
[INFO ] 2024-10-29 11:46:24.596 [TestNG-PoolService-2] LoggerLoad - Signed In user is in array page
[INFO ] 2024-10-29 11:46:25.040 [TestNG-PoolService-4] LoggerLoad - In Hooks Class : Broswername = chrome
[INFO ] 2024-10-29 11:46:26.390 [TestNG-PoolService-4] LoggerLoad - Signed In user is in array page
[INFO ] 2024-10-29 11:46:26.554 [TestNG-PoolService-1] LoggerLoad - In Hooks Class : Broswername = chrome
[INFO ] 2024-10-29 11:46:27.471 [TestNG-PoolService-3] LoggerLoad - In Hooks Class : Broswername = chrome
[INFO ] 2024-10-29 11:46:27.796 [TestNG-PoolService-1] LoggerLoad - Signed In user is in array page
[INFO ] 2024-10-29 11:46:28.597 [TestNG-PoolService-3] LoggerLoad - Signed In user is in array page
[INFO ] 2024-10-29 11:46:31.259 [TestNG-PoolService-2] LoggerLoad - Valid and Invalid code are validated
[INFO ] 2024-10-29 11:46:32.188 [TestNG-PoolService-2] LoggerLoad - In Hooks Class : Broswername = chrome
[INFO ] 2024-10-29 11:46:32.880 [TestNG-PoolService-4] LoggerLoad - Valid and Invalid code are validated
[INFO ] 2024-10-29 11:46:33.095 [TestNG-PoolService-2] LoggerLoad - Signed In user is in array page
[INFO ] 2024-10-29 11:46:33.876 [TestNG-PoolService-4] LoggerLoad - In Hooks Class : Broswername = chrome
[INFO ] 2024-10-29 11:46:33.993 [TestNG-PoolService-1] LoggerLoad - Valid and Invalid code are validated
[INFO ] 2024-10-29 11:46:34.442 [TestNG-PoolService-3] LoggerLoad - Valid and Invalid code are validated
[INFO ] 2024-10-29 11:46:35.019 [TestNG-PoolService-4] LoggerLoad - Signed In user is in array page
[INFO ] 2024-10-29 11:46:35.398 [TestNG-PoolService-1] LoggerLoad - In Hooks Class : Broswername = chrome
[INFO ] 2024-10-29 11:46:35.939 [TestNG-PoolService-3] LoggerLoad - In Hooks Class : Broswername = chrome
[INFO ] 2024-10-29 11:46:36.436 [TestNG-PoolService-1] LoggerLoad - Signed In user is in array page
[INFO ] 2024-10-29 11:46:36.890 [TestNG-PoolService-3] LoggerLoad - Signed In user is in array page
[INFO ] 2024-10-29 11:46:39.210 [TestNG-PoolService-2] LoggerLoad - Valid and Invalid code are validated
[INFO ] 2024-10-29 11:46:40.048 [TestNG-PoolService-2] LoggerLoad - In Hooks Class : Broswername = chrome
[INFO ] 2024-10-29 11:46:41.131 [TestNG-PoolService-4] LoggerLoad - Valid and Invalid code are validated
[INFO ] 2024-10-29 11:46:41.454 [TestNG-PoolService-2] LoggerLoad - In Hooks Class : Broswername = chrome
[INFO ] 2024-10-29 11:46:42.178 [TestNG-PoolService-4] LoggerLoad - In Hooks Class : Broswername = chrome
[INFO ] 2024-10-29 11:46:42.331 [TestNG-PoolService-1] LoggerLoad - Valid and Invalid code are validated
[INFO ] 2024-10-29 11:46:42.897 [TestNG-PoolService-3] LoggerLoad - Valid and Invalid code are validated
[INFO ] 2024-10-29 11:46:43.401 [TestNG-PoolService-1] LoggerLoad - In Hooks Class : Broswername = chrome
[INFO ] 2024-10-29 11:46:44.128 [TestNG-PoolService-3] LoggerLoad - In Hooks Class : Broswername = chrome
[INFO ] 2024-10-29 11:46:46.327 [TestNG-PoolService-2] LoggerLoad - In Hooks Class : Broswername = chrome
[INFO ] 2024-10-29 11:46:47.886 [TestNG-PoolService-4] LoggerLoad - In Hooks Class : Broswername = chrome
[INFO ] 2024-10-29 11:46:48.600 [TestNG-PoolService-1] LoggerLoad - In Hooks Class : Broswername = chrome
[INFO ] 2024-10-29 11:46:52.231 [TestNG-PoolService-3] LoggerLoad - In Hooks Class : Broswername = chrome
[INFO ] 2024-10-29 11:46:53.636 [TestNG-PoolService-3] LoggerLoad - In Hooks Class : Broswername = chrome
[INFO ] 2024-10-29 11:46:53.681 [TestNG-PoolService-1] LoggerLoad - In Hooks Class : Broswername = chrome
[INFO ] 2024-10-29 11:46:54.838 [TestNG-PoolService-2] LoggerLoad - In Hooks Class : Broswername = chrome
[INFO ] 2024-10-29 11:46:56.420 [TestNG-PoolService-1] LoggerLoad - In Hooks Class : Broswername = chrome
[INFO ] 2024-10-29 11:46:56.587 [TestNG-PoolService-4] LoggerLoad - In Hooks Class : Broswername = chrome
[INFO ] 2024-10-29 11:46:56.604 [TestNG-PoolService-3] LoggerLoad - In Hooks Class : Broswername = chrome
[INFO ] 2024-10-29 11:46:56.622 [TestNG-PoolService-2] LoggerLoad - Signed In user is in array page
[INFO ] 2024-10-29 11:46:57.812 [TestNG-PoolService-1] LoggerLoad - Signed In user is in array page
[INFO ] 2024-10-29 11:46:57.893 [TestNG-PoolService-4] LoggerLoad - Signed In user is in array page
[INFO ] 2024-10-29 11:46:57.952 [TestNG-PoolService-3] LoggerLoad - Signed In user is in array page
[INFO ] 2024-10-29 11:46:58.408 [TestNG-PoolService-2] LoggerLoad - In Hooks Class : Broswername = chrome
[INFO ] 2024-10-29 11:46:59.668 [TestNG-PoolService-3] LoggerLoad - In Hooks Class : Broswername = chrome
[INFO ] 2024-10-29 11:46:59.789 [TestNG-PoolService-1] LoggerLoad - In Hooks Class : Broswername = chrome
[INFO ] 2024-10-29 11:46:59.947 [TestNG-PoolService-2] LoggerLoad - Signed In user is in array page
[INFO ] 2024-10-29 11:47:00.955 [TestNG-PoolService-3] LoggerLoad - Signed In user is in array page
[INFO ] 2024-10-29 11:47:01.048 [TestNG-PoolService-1] LoggerLoad - Signed In user is in array page
[INFO ] 2024-10-29 11:47:01.587 [TestNG-PoolService-4] LoggerLoad - In Hooks Class : Broswername = chrome
[INFO ] 2024-10-29 11:47:02.753 [TestNG-PoolService-4] LoggerLoad - Signed In user is in array page
[INFO ] 2024-10-29 11:47:04.044 [TestNG-PoolService-2] LoggerLoad - In Hooks Class : Broswername = chrome
[INFO ] 2024-10-29 11:47:04.565 [TestNG-PoolService-1] LoggerLoad - In Hooks Class : Broswername = chrome
[INFO ] 2024-10-29 11:47:04.720 [TestNG-PoolService-3] LoggerLoad - In Hooks Class : Broswername = chrome
[INFO ] 2024-10-29 11:47:05.221 [TestNG-PoolService-2] LoggerLoad - Signed In user is in array page
[INFO ] 2024-10-29 11:47:05.847 [TestNG-PoolService-1] LoggerLoad - Signed In user is in array page
[INFO ] 2024-10-29 11:47:05.887 [TestNG-PoolService-3] LoggerLoad - Signed In user is in array page
[INFO ] 2024-10-29 11:47:09.638 [TestNG-PoolService-4] LoggerLoad - Valid and Invalid code are validated
[INFO ] 2024-10-29 11:47:10.616 [TestNG-PoolService-4] LoggerLoad - In Hooks Class : Broswername = chrome
[INFO ] 2024-10-29 11:47:11.316 [TestNG-PoolService-2] LoggerLoad - Valid and Invalid code are validated
[INFO ] 2024-10-29 11:47:11.568 [TestNG-PoolService-4] LoggerLoad - Signed In user is in array page
[INFO ] 2024-10-29 11:47:11.824 [TestNG-PoolService-1] LoggerLoad - Valid and Invalid code are validated
[INFO ] 2024-10-29 11:47:11.874 [TestNG-PoolService-3] LoggerLoad - Valid and Invalid code are validated
[INFO ] 2024-10-29 11:47:12.972 [TestNG-PoolService-2] LoggerLoad - In Hooks Class : Broswername = chrome
[INFO ] 2024-10-29 11:47:14.321 [TestNG-PoolService-1] LoggerLoad - In Hooks Class : Broswername = chrome
[INFO ] 2024-10-29 11:47:14.369 [TestNG-PoolService-3] LoggerLoad - In Hooks Class : Broswername = chrome
[INFO ] 2024-10-29 11:47:14.543 [TestNG-PoolService-2] LoggerLoad - Signed In user is in array page
[INFO ] 2024-10-29 11:47:15.504 [TestNG-PoolService-1] LoggerLoad - Signed In user is in array page
[INFO ] 2024-10-29 11:47:15.711 [TestNG-PoolService-3] LoggerLoad - Signed In user is in array page
[INFO ] 2024-10-29 11:47:18.516 [TestNG-PoolService-4] LoggerLoad - Valid and Invalid code are validated
[INFO ] 2024-10-29 11:47:19.483 [TestNG-PoolService-4] LoggerLoad - In Hooks Class : Broswername = chrome
[INFO ] 2024-10-29 11:47:20.304 [TestNG-PoolService-4] LoggerLoad - Signed In user is in array page
[INFO ] 2024-10-29 11:47:20.861 [TestNG-PoolService-2] LoggerLoad - Valid and Invalid code are validated
[INFO ] 2024-10-29 11:47:21.721 [TestNG-PoolService-1] LoggerLoad - Valid and Invalid code are validated
[INFO ] 2024-10-29 11:47:21.740 [TestNG-PoolService-4] LoggerLoad - In Hooks Class : Broswername = chrome
[INFO ] 2024-10-29 11:47:21.928 [TestNG-PoolService-3] LoggerLoad - Valid and Invalid code are validated
[INFO ] 2024-10-29 11:47:21.947 [TestNG-PoolService-2] LoggerLoad - In Hooks Class : Broswername = chrome
[INFO ] 2024-10-29 11:47:23.345 [TestNG-PoolService-4] LoggerLoad - Signed In user is in array page
[INFO ] 2024-10-29 11:47:23.355 [TestNG-PoolService-2] LoggerLoad - Signed In user is in array page
[INFO ] 2024-10-29 11:47:23.361 [TestNG-PoolService-1] LoggerLoad - In Hooks Class : Broswername = chrome
[INFO ] 2024-10-29 11:47:23.373 [TestNG-PoolService-3] LoggerLoad - In Hooks Class : Broswername = chrome
[INFO ] 2024-10-29 11:47:24.524 [TestNG-PoolService-3] LoggerLoad - Signed In user is in array page
[INFO ] 2024-10-29 11:47:24.557 [TestNG-PoolService-1] LoggerLoad - Signed In user is in array page
[INFO ] 2024-10-29 11:47:24.783 [TestNG-PoolService-4] LoggerLoad - In Hooks Class : Broswername = chrome
[INFO ] 2024-10-29 11:47:25.810 [TestNG-PoolService-4] LoggerLoad - Signed In user is in array page
[INFO ] 2024-10-29 11:47:27.310 [TestNG-PoolService-2] LoggerLoad - In Hooks Class : Broswername = chrome
[INFO ] 2024-10-29 11:47:28.856 [TestNG-PoolService-3] LoggerLoad - In Hooks Class : Broswername = chrome
[INFO ] 2024-10-29 11:47:28.864 [TestNG-PoolService-2] LoggerLoad - Signed In user is in array page
[INFO ] 2024-10-29 11:47:28.981 [TestNG-PoolService-1] LoggerLoad - In Hooks Class : Broswername = chrome
[INFO ] 2024-10-29 11:47:30.042 [TestNG-PoolService-3] LoggerLoad - Signed In user is in array page
[INFO ] 2024-10-29 11:47:30.191 [TestNG-PoolService-1] LoggerLoad - Signed In user is in array page
[INFO ] 2024-10-29 11:47:30.280 [TestNG-PoolService-4] LoggerLoad - In Hooks Class : Broswername = chrome
[INFO ] 2024-10-29 11:47:31.248 [TestNG-PoolService-4] LoggerLoad - Signed In user is in array page
[INFO ] 2024-10-29 11:47:32.788 [TestNG-PoolService-2] LoggerLoad - In Hooks Class : Broswername = chrome
[INFO ] 2024-10-29 11:47:34.032 [TestNG-PoolService-2] LoggerLoad - Signed In user is in array page
[INFO ] 2024-10-29 11:47:34.471 [TestNG-PoolService-1] LoggerLoad - In Hooks Class : Broswername = chrome
[INFO ] 2024-10-29 11:47:34.593 [TestNG-PoolService-3] LoggerLoad - In Hooks Class : Broswername = chrome
[INFO ] 2024-10-29 11:47:35.582 [TestNG-PoolService-4] LoggerLoad - In Hooks Class : Broswername = chrome
[INFO ] 2024-10-29 11:47:35.665 [TestNG-PoolService-1] LoggerLoad - Signed In user is in array page
[INFO ] 2024-10-29 11:47:35.745 [TestNG-PoolService-3] LoggerLoad - Signed In user is in array page
[INFO ] 2024-10-29 11:47:36.510 [TestNG-PoolService-4] LoggerLoad - Signed In user is in array page
[INFO ] 2024-10-29 11:47:37.845 [TestNG-PoolService-2] LoggerLoad - In Hooks Class : Broswername = chrome
[INFO ] 2024-10-29 11:47:38.999 [TestNG-PoolService-2] LoggerLoad - Signed In user is in array page
[INFO ] 2024-10-29 11:47:40.126 [TestNG-PoolService-1] LoggerLoad - In Hooks Class : Broswername = chrome
[INFO ] 2024-10-29 11:47:40.299 [TestNG-PoolService-3] LoggerLoad - In Hooks Class : Broswername = chrome
[INFO ] 2024-10-29 11:47:41.089 [TestNG-PoolService-4] LoggerLoad - In Hooks Class : Broswername = chrome
[INFO ] 2024-10-29 11:47:41.268 [TestNG-PoolService-1] LoggerLoad - Signed In user is in array page
[INFO ] 2024-10-29 11:47:41.479 [TestNG-PoolService-3] LoggerLoad - Signed In user is in array page
[INFO ] 2024-10-29 11:47:42.236 [TestNG-PoolService-4] LoggerLoad - Signed In user is in array page
[INFO ] 2024-10-29 11:47:43.471 [TestNG-PoolService-2] LoggerLoad - In Hooks Class : Broswername = chrome
[INFO ] 2024-10-29 11:47:44.614 [TestNG-PoolService-2] LoggerLoad - Signed In user is in array page
[INFO ] 2024-10-29 11:47:48.511 [TestNG-PoolService-1] LoggerLoad - Valid and Invalid code are validated
[INFO ] 2024-10-29 11:47:48.656 [TestNG-PoolService-3] LoggerLoad - Valid and Invalid code are validated
[INFO ] 2024-10-29 11:47:49.447 [TestNG-PoolService-4] LoggerLoad - Valid and Invalid code are validated
[INFO ] 2024-10-29 11:47:50.097 [TestNG-PoolService-3] LoggerLoad - In Hooks Class : Broswername = chrome
[INFO ] 2024-10-29 11:47:50.633 [TestNG-PoolService-1] LoggerLoad - In Hooks Class : Broswername = chrome
[INFO ] 2024-10-29 11:47:51.226 [TestNG-PoolService-4] LoggerLoad - In Hooks Class : Broswername = chrome
[INFO ] 2024-10-29 11:47:51.464 [TestNG-PoolService-2] LoggerLoad - Valid and Invalid code are validated
[INFO ] 2024-10-29 11:47:51.521 [TestNG-PoolService-3] LoggerLoad - Signed In user is in array page
[INFO ] 2024-10-29 11:47:52.391 [TestNG-PoolService-1] LoggerLoad - Signed In user is in array page
[INFO ] 2024-10-29 11:47:52.741 [TestNG-PoolService-4] LoggerLoad - Signed In user is in array page
[INFO ] 2024-10-29 11:47:52.771 [TestNG-PoolService-2] LoggerLoad - In Hooks Class : Broswername = chrome
[INFO ] 2024-10-29 11:47:53.889 [TestNG-PoolService-2] LoggerLoad - Signed In user is in array page
[INFO ] 2024-10-29 11:47:59.082 [TestNG-PoolService-3] LoggerLoad - Valid and Invalid code are validated
[INFO ] 2024-10-29 11:47:59.962 [TestNG-PoolService-3] LoggerLoad - In Hooks Class : Broswername = chrome
[INFO ] 2024-10-29 11:48:00.321 [TestNG-PoolService-4] LoggerLoad - Valid and Invalid code are validated
[INFO ] 2024-10-29 11:48:00.739 [TestNG-PoolService-1] LoggerLoad - Valid and Invalid code are validated
[INFO ] 2024-10-29 11:48:01.224 [TestNG-PoolService-2] LoggerLoad - Valid and Invalid code are validated
[INFO ] 2024-10-29 11:48:01.231 [TestNG-PoolService-3] LoggerLoad - Signed In user is in array page
[INFO ] 2024-10-29 11:48:01.740 [TestNG-PoolService-4] LoggerLoad - In Hooks Class : Broswername = chrome
[INFO ] 2024-10-29 11:48:02.493 [TestNG-PoolService-2] LoggerLoad - In Hooks Class : Broswername = chrome
[INFO ] 2024-10-29 11:48:02.854 [TestNG-PoolService-4] LoggerLoad - Signed In user is in array page
[INFO ] 2024-10-29 11:48:03.631 [TestNG-PoolService-1] LoggerLoad - In Hooks Class : Broswername = chrome
[INFO ] 2024-10-29 11:48:03.716 [TestNG-PoolService-2] LoggerLoad - Signed In user is in array page
[INFO ] 2024-10-29 11:48:04.675 [TestNG-PoolService-1] LoggerLoad - Signed In user is in array page
[INFO ] 2024-10-29 11:48:08.644 [TestNG-PoolService-3] LoggerLoad - Valid and Invalid code are validated
[INFO ] 2024-10-29 11:48:09.564 [TestNG-PoolService-3] LoggerLoad - In Hooks Class : Broswername = chrome
[INFO ] 2024-10-29 11:48:09.966 [TestNG-PoolService-4] LoggerLoad - Valid and Invalid code are validated
[INFO ] 2024-10-29 11:48:10.570 [TestNG-PoolService-3] LoggerLoad - Signed In user is in array page
[INFO ] 2024-10-29 11:48:10.801 [TestNG-PoolService-2] LoggerLoad - Valid and Invalid code are validated
[INFO ] 2024-10-29 11:48:10.967 [TestNG-PoolService-4] LoggerLoad - In Hooks Class : Broswername = chrome
[INFO ] 2024-10-29 11:48:11.669 [TestNG-PoolService-1] LoggerLoad - Valid and Invalid code are validated
[INFO ] 2024-10-29 11:48:11.946 [TestNG-PoolService-2] LoggerLoad - In Hooks Class : Broswername = chrome
[INFO ] 2024-10-29 11:48:12.096 [TestNG-PoolService-4] LoggerLoad - Signed In user is in array page
[INFO ] 2024-10-29 11:48:12.715 [TestNG-PoolService-1] LoggerLoad - In Hooks Class : Broswername = chrome
[INFO ] 2024-10-29 11:48:13.141 [TestNG-PoolService-2] LoggerLoad - Signed In user is in array page
[INFO ] 2024-10-29 11:48:13.743 [TestNG-PoolService-1] LoggerLoad - Signed In user is in array page
[INFO ] 2024-10-29 11:48:17.766 [TestNG-PoolService-3] LoggerLoad - Valid and Invalid code are validated
[INFO ] 2024-10-29 11:48:18.712 [TestNG-PoolService-3] LoggerLoad - In Hooks Class : Broswername = chrome
[INFO ] 2024-10-29 11:48:19.621 [TestNG-PoolService-3] LoggerLoad - Signed In user is in array page
[INFO ] 2024-10-29 11:48:20.037 [TestNG-PoolService-2] LoggerLoad - Valid and Invalid code are validated
[INFO ] 2024-10-29 11:48:20.046 [TestNG-PoolService-4] LoggerLoad - Valid and Invalid code are validated
[INFO ] 2024-10-29 11:48:21.065 [TestNG-PoolService-1] LoggerLoad - Valid and Invalid code are validated
[INFO ] 2024-10-29 11:48:21.387 [TestNG-PoolService-2] LoggerLoad - In Hooks Class : Broswername = chrome
[INFO ] 2024-10-29 11:48:21.423 [TestNG-PoolService-4] LoggerLoad - In Hooks Class : Broswername = chrome
[INFO ] 2024-10-29 11:48:22.450 [TestNG-PoolService-1] LoggerLoad - In Hooks Class : Broswername = chrome
[INFO ] 2024-10-29 11:48:22.780 [TestNG-PoolService-4] LoggerLoad - Signed In user is in array page
[INFO ] 2024-10-29 11:48:22.817 [TestNG-PoolService-2] LoggerLoad - Signed In user is in array page
[INFO ] 2024-10-29 11:48:23.645 [TestNG-PoolService-1] LoggerLoad - Signed In user is in array page
[INFO ] 2024-10-29 11:48:26.818 [TestNG-PoolService-3] LoggerLoad - Valid and Invalid code are validated
[INFO ] 2024-10-29 11:48:27.755 [TestNG-PoolService-3] LoggerLoad - In Hooks Class : Broswername = chrome
[INFO ] 2024-10-29 11:48:28.657 [TestNG-PoolService-3] LoggerLoad - Signed In user is in array page
[INFO ] 2024-10-29 11:48:29.697 [TestNG-PoolService-4] LoggerLoad - Valid and Invalid code are validated
[INFO ] 2024-10-29 11:48:29.725 [TestNG-PoolService-2] LoggerLoad - Valid and Invalid code are validated
[INFO ] 2024-10-29 11:48:30.701 [TestNG-PoolService-1] LoggerLoad - Valid and Invalid code are validated
[INFO ] 2024-10-29 11:48:31.115 [TestNG-PoolService-4] LoggerLoad - In Hooks Class : Broswername = chrome
[INFO ] 2024-10-29 11:48:31.116 [TestNG-PoolService-2] LoggerLoad - In Hooks Class : Broswername = chrome
[INFO ] 2024-10-29 11:48:32.266 [TestNG-PoolService-1] LoggerLoad - In Hooks Class : Broswername = chrome
[INFO ] 2024-10-29 11:48:32.447 [TestNG-PoolService-4] LoggerLoad - Signed In user is in array page
[INFO ] 2024-10-29 11:48:32.500 [TestNG-PoolService-2] LoggerLoad - Signed In user is in array page
[INFO ] 2024-10-29 11:48:33.217 [TestNG-PoolService-1] LoggerLoad - Signed In user is in array page
[INFO ] 2024-10-29 11:48:36.132 [TestNG-PoolService-3] LoggerLoad - Valid and Invalid code are validated
[INFO ] 2024-10-29 11:48:37.167 [TestNG-PoolService-3] LoggerLoad - In Hooks Class : Broswername = chrome
[INFO ] 2024-10-29 11:48:38.026 [TestNG-PoolService-3] LoggerLoad - Signed In user is in array page
[INFO ] 2024-10-29 11:48:39.333 [TestNG-PoolService-4] LoggerLoad - Valid and Invalid code are validated
[INFO ] 2024-10-29 11:48:39.334 [TestNG-PoolService-2] LoggerLoad - Valid and Invalid code are validated
[INFO ] 2024-10-29 11:48:40.046 [TestNG-PoolService-1] LoggerLoad - Valid and Invalid code are validated
[INFO ] 2024-10-29 11:48:40.269 [TestNG-PoolService-2] LoggerLoad - In Hooks Class : Broswername = chrome
[INFO ] 2024-10-29 11:48:41.140 [TestNG-PoolService-2] LoggerLoad - Signed In user is in array page
[INFO ] 2024-10-29 11:48:45.088 [TestNG-PoolService-3] LoggerLoad - Valid and Invalid code are validated
[INFO ] 2024-10-29 11:48:47.825 [TestNG-PoolService-2] LoggerLoad - Valid and Invalid code are validated
[INFO ] 2024-10-29 15:27:27.138 [TestNG-PoolService-2] LoggerLoad - In Hooks Class : Broswername = chrome
[INFO ] 2024-10-29 15:27:27.138 [TestNG-PoolService-4] LoggerLoad - In Hooks Class : Broswername = chrome
[INFO ] 2024-10-29 15:27:27.138 [TestNG-PoolService-1] LoggerLoad - In Hooks Class : Broswername = chrome
[INFO ] 2024-10-29 15:27:27.138 [TestNG-PoolService-3] LoggerLoad - In Hooks Class : Broswername = chrome
[INFO ] 2024-10-29 15:27:29.730 [TestNG-PoolService-3] LoggerLoad - Signed In user is in array page
[INFO ] 2024-10-29 15:27:29.761 [TestNG-PoolService-4] LoggerLoad - Signed In user is in array page
[INFO ] 2024-10-29 15:27:29.761 [TestNG-PoolService-1] LoggerLoad - Signed In user is in array page
[INFO ] 2024-10-29 15:27:29.784 [TestNG-PoolService-2] LoggerLoad - Signed In user is in array page
[INFO ] 2024-10-29 15:27:34.239 [TestNG-PoolService-1] LoggerLoad - In Array Page Text Editor
[INFO ] 2024-10-29 15:27:34.319 [TestNG-PoolService-2] LoggerLoad - In Array Page Text Editor
[INFO ] 2024-10-29 15:27:34.341 [TestNG-PoolService-3] LoggerLoad - In Array Page Text Editor
[INFO ] 2024-10-29 15:27:34.455 [TestNG-PoolService-4] LoggerLoad - In Array Page Text Editor
[INFO ] 2024-10-29 15:27:37.397 [TestNG-PoolService-1] LoggerLoad - In Array Page Text Editor
[INFO ] 2024-10-29 15:27:37.447 [TestNG-PoolService-2] LoggerLoad - In Array Page Text Editor
[INFO ] 2024-10-29 15:27:37.634 [TestNG-PoolService-4] LoggerLoad - In Array Page Text Editor
[INFO ] 2024-10-29 15:27:37.971 [TestNG-PoolService-3] LoggerLoad - In Array Page Text Editor
[INFO ] 2024-10-29 15:27:39.780 [TestNG-PoolService-2] LoggerLoad - In Hooks Class : Broswername = chrome
[INFO ] 2024-10-29 15:27:39.974 [TestNG-PoolService-1] LoggerLoad - In Hooks Class : Broswername = chrome
[INFO ] 2024-10-29 15:27:40.492 [TestNG-PoolService-4] LoggerLoad - In Hooks Class : Broswername = chrome
[INFO ] 2024-10-29 15:27:40.516 [TestNG-PoolService-3] LoggerLoad - In Hooks Class : Broswername = chrome
[INFO ] 2024-10-29 15:27:41.139 [TestNG-PoolService-2] LoggerLoad - Signed In user is in array page
[INFO ] 2024-10-29 15:27:41.298 [TestNG-PoolService-2] LoggerLoad - Page Title is : Practice Questions
[INFO ] 2024-10-29 15:27:41.325 [TestNG-PoolService-1] LoggerLoad - Signed In user is in array page
[INFO ] 2024-10-29 15:27:41.596 [TestNG-PoolService-1] LoggerLoad - Page Title is : Practice Questions
[INFO ] 2024-10-29 15:27:41.666 [TestNG-PoolService-4] LoggerLoad - Signed In user is in array page
[INFO ] 2024-10-29 15:27:41.680 [TestNG-PoolService-3] LoggerLoad - Signed In user is in array page
[INFO ] 2024-10-29 15:27:41.824 [TestNG-PoolService-4] LoggerLoad - Page Title is : Practice Questions
[INFO ] 2024-10-29 15:27:41.851 [TestNG-PoolService-3] LoggerLoad - Page Title is : Practice Questions
[INFO ] 2024-10-29 15:27:44.209 [TestNG-PoolService-1] LoggerLoad - Python code
[INFO ] 2024-10-29 15:27:44.360 [TestNG-PoolService-1] LoggerLoad - Page Title is : Assessment
[INFO ] 2024-10-29 15:27:44.381 [TestNG-PoolService-2] LoggerLoad - Python code
[INFO ] 2024-10-29 15:27:44.519 [TestNG-PoolService-4] LoggerLoad - Python code
[INFO ] 2024-10-29 15:27:44.531 [TestNG-PoolService-2] LoggerLoad - Page Title is : Assessment
[INFO ] 2024-10-29 15:27:44.558 [TestNG-PoolService-3] LoggerLoad - Python code
[INFO ] 2024-10-29 15:27:44.704 [TestNG-PoolService-4] LoggerLoad - Page Title is : Assessment
[INFO ] 2024-10-29 15:27:44.867 [TestNG-PoolService-3] LoggerLoad - Page Title is : Assessment
[INFO ] 2024-10-29 15:27:46.367 [TestNG-PoolService-1] LoggerLoad - In Hooks Class : Broswername = chrome
[INFO ] 2024-10-29 15:27:46.962 [TestNG-PoolService-4] LoggerLoad - In Hooks Class : Broswername = chrome
[INFO ] 2024-10-29 15:27:47.091 [TestNG-PoolService-2] LoggerLoad - In Hooks Class : Broswername = chrome
[INFO ] 2024-10-29 15:27:47.376 [TestNG-PoolService-3] LoggerLoad - In Hooks Class : Broswername = chrome
[INFO ] 2024-10-29 15:27:49.260 [TestNG-PoolService-1] LoggerLoad - In Hooks Class : Broswername = chrome
[INFO ] 2024-10-29 15:27:50.146 [TestNG-PoolService-2] LoggerLoad - In Hooks Class : Broswername = chrome
[INFO ] 2024-10-29 15:27:50.524 [TestNG-PoolService-4] LoggerLoad - In Hooks Class : Broswername = chrome
[INFO ] 2024-10-29 15:27:50.566 [TestNG-PoolService-3] LoggerLoad - In Hooks Class : Broswername = chrome
[INFO ] 2024-10-29 15:27:51.845 [TestNG-PoolService-2] LoggerLoad - Signed In user is in array page
[INFO ] 2024-10-29 15:27:51.903 [TestNG-PoolService-1] LoggerLoad - In Hooks Class : Broswername = chrome
[INFO ] 2024-10-29 15:27:52.080 [TestNG-PoolService-3] LoggerLoad - Signed In user is in array page
[INFO ] 2024-10-29 15:27:52.244 [TestNG-PoolService-4] LoggerLoad - Signed In user is in array page
[INFO ] 2024-10-29 15:27:53.275 [TestNG-PoolService-1] LoggerLoad - Signed In user is in array page
[INFO ] 2024-10-29 15:27:54.211 [TestNG-PoolService-2] LoggerLoad - In Hooks Class : Broswername = chrome
[INFO ] 2024-10-29 15:27:54.345 [TestNG-PoolService-4] LoggerLoad - In Hooks Class : Broswername = chrome
[INFO ] 2024-10-29 15:27:55.249 [TestNG-PoolService-3] LoggerLoad - In Hooks Class : Broswername = chrome
[INFO ] 2024-10-29 15:27:55.516 [TestNG-PoolService-2] LoggerLoad - Signed In user is in array page
[INFO ] 2024-10-29 15:27:55.645 [TestNG-PoolService-4] LoggerLoad - Signed In user is in array page
[INFO ] 2024-10-29 15:27:56.413 [TestNG-PoolService-3] LoggerLoad - Signed In user is in array page
[INFO ] 2024-10-29 15:27:57.365 [TestNG-PoolService-1] LoggerLoad - In Hooks Class : Broswername = chrome
[INFO ] 2024-10-29 15:27:58.457 [TestNG-PoolService-1] LoggerLoad - Signed In user is in array page
[INFO ] 2024-10-29 15:27:58.974 [TestNG-PoolService-3] LoggerLoad - In Hooks Class : Broswername = chrome
[INFO ] 2024-10-29 15:28:00.057 [TestNG-PoolService-3] LoggerLoad - Signed In user is in array page
[INFO ] 2024-10-29 15:28:01.473 [TestNG-PoolService-1] LoggerLoad - In Hooks Class : Broswername = chrome
[INFO ] 2024-10-29 15:28:02.039 [TestNG-PoolService-4] LoggerLoad - Valid and Invalid code are validated
[INFO ] 2024-10-29 15:28:02.062 [TestNG-PoolService-2] LoggerLoad - Valid and Invalid code are validated
[INFO ] 2024-10-29 15:28:02.524 [TestNG-PoolService-1] LoggerLoad - Signed In user is in array page
[INFO ] 2024-10-29 15:28:03.246 [TestNG-PoolService-2] LoggerLoad - In Hooks Class : Broswername = chrome
[INFO ] 2024-10-29 15:28:03.361 [TestNG-PoolService-4] LoggerLoad - In Hooks Class : Broswername = chrome
[INFO ] 2024-10-29 15:28:04.318 [TestNG-PoolService-2] LoggerLoad - Signed In user is in array page
[INFO ] 2024-10-29 15:28:05.099 [TestNG-PoolService-4] LoggerLoad - In Hooks Class : Broswername = chrome
[INFO ] 2024-10-29 15:28:05.699 [TestNG-PoolService-2] LoggerLoad - In Hooks Class : Broswername = chrome
[INFO ] 2024-10-29 15:28:06.137 [TestNG-PoolService-4] LoggerLoad - Signed In user is in array page
[INFO ] 2024-10-29 15:28:06.425 [TestNG-PoolService-3] LoggerLoad - Valid and Invalid code are validated
[INFO ] 2024-10-29 15:28:06.825 [TestNG-PoolService-2] LoggerLoad - Signed In user is in array page
[INFO ] 2024-10-29 15:28:07.751 [TestNG-PoolService-4] LoggerLoad - In Hooks Class : Broswername = chrome
[INFO ] 2024-10-29 15:28:07.883 [TestNG-PoolService-3] LoggerLoad - In Hooks Class : Broswername = chrome
[INFO ] 2024-10-29 15:28:08.841 [TestNG-PoolService-4] LoggerLoad - Signed In user is in array page
[INFO ] 2024-10-29 15:28:09.008 [TestNG-PoolService-3] LoggerLoad - Signed In user is in array page
[INFO ] 2024-10-29 15:28:09.078 [TestNG-PoolService-1] LoggerLoad - Valid and Invalid code are validated
[INFO ] 2024-10-29 15:28:09.599 [TestNG-PoolService-2] LoggerLoad - In Hooks Class : Broswername = chrome
[INFO ] 2024-10-29 15:28:10.676 [TestNG-PoolService-1] LoggerLoad - In Hooks Class : Broswername = chrome
[INFO ] 2024-10-29 15:28:10.913 [TestNG-PoolService-2] LoggerLoad - Signed In user is in array page
[INFO ] 2024-10-29 15:28:11.930 [TestNG-PoolService-1] LoggerLoad - Signed In user is in array page
[INFO ] 2024-10-29 15:28:12.340 [TestNG-PoolService-4] LoggerLoad - In Hooks Class : Broswername = chrome
[INFO ] 2024-10-29 15:28:13.330 [TestNG-PoolService-4] LoggerLoad - Signed In user is in array page
[INFO ] 2024-10-29 15:28:14.149 [TestNG-PoolService-1] LoggerLoad - In Hooks Class : Broswername = chrome
[INFO ] 2024-10-29 15:28:15.237 [TestNG-PoolService-1] LoggerLoad - Signed In user is in array page
[INFO ] 2024-10-29 15:28:15.845 [TestNG-PoolService-3] LoggerLoad - Valid and Invalid code are validated
[INFO ] 2024-10-29 15:28:15.892 [TestNG-PoolService-4] LoggerLoad - In Hooks Class : Broswername = chrome
[INFO ] 2024-10-29 15:28:17.256 [TestNG-PoolService-2] LoggerLoad - Valid and Invalid code are validated
[INFO ] 2024-10-29 15:28:17.260 [TestNG-PoolService-4] LoggerLoad - Signed In user is in array page
[INFO ] 2024-10-29 15:28:17.270 [TestNG-PoolService-3] LoggerLoad - In Hooks Class : Broswername = chrome
[INFO ] 2024-10-29 15:28:18.375 [TestNG-PoolService-2] LoggerLoad - In Hooks Class : Broswername = chrome
[INFO ] 2024-10-29 15:28:18.514 [TestNG-PoolService-3] LoggerLoad - Signed In user is in array page
[INFO ] 2024-10-29 15:28:19.418 [TestNG-PoolService-2] LoggerLoad - Signed In user is in array page
[INFO ] 2024-10-29 15:28:20.681 [TestNG-PoolService-3] LoggerLoad - In Hooks Class : Broswername = chrome
[INFO ] 2024-10-29 15:28:22.010 [TestNG-PoolService-1] LoggerLoad - Valid and Invalid code are validated
[INFO ] 2024-10-29 15:28:22.502 [TestNG-PoolService-3] LoggerLoad - Signed In user is in array page
[INFO ] 2024-10-29 15:28:23.179 [TestNG-PoolService-2] LoggerLoad - In Hooks Class : Broswername = chrome
[INFO ] 2024-10-29 15:28:23.661 [TestNG-PoolService-1] LoggerLoad - In Hooks Class : Broswername = chrome
[INFO ] 2024-10-29 15:28:23.787 [TestNG-PoolService-4] LoggerLoad - Valid and Invalid code are validated
[INFO ] 2024-10-29 15:28:24.520 [TestNG-PoolService-2] LoggerLoad - Signed In user is in array page
[INFO ] 2024-10-29 15:28:25.014 [TestNG-PoolService-1] LoggerLoad - Signed In user is in array page
[INFO ] 2024-10-29 15:28:25.597 [TestNG-PoolService-4] LoggerLoad - In Hooks Class : Broswername = chrome
[INFO ] 2024-10-29 15:28:26.686 [TestNG-PoolService-4] LoggerLoad - Signed In user is in array page
[INFO ] 2024-10-29 15:28:27.684 [TestNG-PoolService-1] LoggerLoad - In Hooks Class : Broswername = chrome
[INFO ] 2024-10-29 15:28:28.655 [TestNG-PoolService-1] LoggerLoad - Signed In user is in array page
[INFO ] 2024-10-29 15:28:29.568 [TestNG-PoolService-4] LoggerLoad - In Hooks Class : Broswername = chrome
[INFO ] 2024-10-29 15:28:29.624 [TestNG-PoolService-3] LoggerLoad - Valid and Invalid code are validated
[INFO ] 2024-10-29 15:28:30.694 [TestNG-PoolService-3] LoggerLoad - In Hooks Class : Broswername = chrome
[INFO ] 2024-10-29 15:28:30.798 [TestNG-PoolService-4] LoggerLoad - Signed In user is in array page
[INFO ] 2024-10-29 15:28:31.420 [TestNG-PoolService-2] LoggerLoad - Valid and Invalid code are validated
[INFO ] 2024-10-29 15:28:31.654 [TestNG-PoolService-3] LoggerLoad - Signed In user is in array page
[INFO ] 2024-10-29 15:28:32.750 [TestNG-PoolService-2] LoggerLoad - In Hooks Class : Broswername = chrome
[INFO ] 2024-10-29 15:28:33.838 [TestNG-PoolService-2] LoggerLoad - Signed In user is in array page
[INFO ] 2024-10-29 15:28:33.874 [TestNG-PoolService-3] LoggerLoad - In Hooks Class : Broswername = chrome
[INFO ] 2024-10-29 15:28:34.934 [TestNG-PoolService-3] LoggerLoad - Signed In user is in array page
[INFO ] 2024-10-29 15:28:35.011 [TestNG-PoolService-1] LoggerLoad - Valid and Invalid code are validated
[INFO ] 2024-10-29 15:28:36.033 [TestNG-PoolService-1] LoggerLoad - In Hooks Class : Broswername = chrome
[INFO ] 2024-10-29 15:28:36.986 [TestNG-PoolService-4] LoggerLoad - Valid and Invalid code are validated
[INFO ] 2024-10-29 15:28:37.041 [TestNG-PoolService-2] LoggerLoad - In Hooks Class : Broswername = chrome
[INFO ] 2024-10-29 15:28:37.299 [TestNG-PoolService-1] LoggerLoad - Signed In user is in array page
[INFO ] 2024-10-29 15:28:38.070 [TestNG-PoolService-4] LoggerLoad - In Hooks Class : Broswername = chrome
[INFO ] 2024-10-29 15:28:38.165 [TestNG-PoolService-2] LoggerLoad - Signed In user is in array page
[INFO ] 2024-10-29 15:28:39.179 [TestNG-PoolService-4] LoggerLoad - Signed In user is in array page
[INFO ] 2024-10-29 15:28:40.257 [TestNG-PoolService-2] LoggerLoad - In Hooks Class : Broswername = chrome
[INFO ] 2024-10-29 15:28:41.259 [TestNG-PoolService-2] LoggerLoad - Signed In user is in array page
[INFO ] 2024-10-29 15:28:41.496 [TestNG-PoolService-3] LoggerLoad - Valid and Invalid code are validated
[INFO ] 2024-10-29 15:28:42.153 [TestNG-PoolService-4] LoggerLoad - In Hooks Class : Broswername = chrome
[INFO ] 2024-10-29 15:28:42.875 [TestNG-PoolService-3] LoggerLoad - In Hooks Class : Broswername = chrome
[INFO ] 2024-10-29 15:28:43.284 [TestNG-PoolService-4] LoggerLoad - Signed In user is in array page
[INFO ] 2024-10-29 15:28:43.439 [TestNG-PoolService-1] LoggerLoad - Valid and Invalid code are validated
[INFO ] 2024-10-29 15:28:44.084 [TestNG-PoolService-3] LoggerLoad - Signed In user is in array page
[INFO ] 2024-10-29 15:28:44.675 [TestNG-PoolService-1] LoggerLoad - In Hooks Class : Broswername = chrome
[INFO ] 2024-10-29 15:28:45.766 [TestNG-PoolService-1] LoggerLoad - Signed In user is in array page
[INFO ] 2024-10-29 15:28:46.652 [TestNG-PoolService-3] LoggerLoad - In Hooks Class : Broswername = chrome
[INFO ] 2024-10-29 15:28:47.644 [TestNG-PoolService-2] LoggerLoad - Valid and Invalid code are validated
[INFO ] 2024-10-29 15:28:47.809 [TestNG-PoolService-3] LoggerLoad - Signed In user is in array page
[INFO ] 2024-10-29 15:28:48.829 [TestNG-PoolService-2] LoggerLoad - In Hooks Class : Broswername = chrome
[INFO ] 2024-10-29 15:28:49.092 [TestNG-PoolService-1] LoggerLoad - In Hooks Class : Broswername = chrome
[INFO ] 2024-10-29 15:28:49.762 [TestNG-PoolService-4] LoggerLoad - Valid and Invalid code are validated
[INFO ] 2024-10-29 15:28:49.934 [TestNG-PoolService-2] LoggerLoad - Signed In user is in array page
[INFO ] 2024-10-29 15:28:50.121 [TestNG-PoolService-1] LoggerLoad - Signed In user is in array page
[INFO ] 2024-10-29 15:28:50.972 [TestNG-PoolService-4] LoggerLoad - In Hooks Class : Broswername = chrome
[INFO ] 2024-10-29 15:28:52.045 [TestNG-PoolService-1] LoggerLoad - In Hooks Class : Broswername = chrome
[INFO ] 2024-10-29 15:28:52.238 [TestNG-PoolService-4] LoggerLoad - Signed In user is in array page
[INFO ] 2024-10-29 15:28:53.129 [TestNG-PoolService-1] LoggerLoad - Signed In user is in array page
[INFO ] 2024-10-29 15:28:53.525 [TestNG-PoolService-4] LoggerLoad - In Hooks Class : Broswername = chrome
[INFO ] 2024-10-29 15:28:54.356 [TestNG-PoolService-3] LoggerLoad - Valid and Invalid code are validated
[INFO ] 2024-10-29 15:28:54.618 [TestNG-PoolService-4] LoggerLoad - Signed In user is in array page
[INFO ] 2024-10-29 15:28:55.360 [TestNG-PoolService-3] LoggerLoad - In Hooks Class : Broswername = chrome
[INFO ] 2024-10-29 15:28:56.143 [TestNG-PoolService-1] LoggerLoad - In Hooks Class : Broswername = chrome
[INFO ] 2024-10-29 15:28:56.345 [TestNG-PoolService-2] LoggerLoad - Valid and Invalid code are validated
[INFO ] 2024-10-29 15:28:56.406 [TestNG-PoolService-3] LoggerLoad - Signed In user is in array page
[INFO ] 2024-10-29 15:28:57.344 [TestNG-PoolService-1] LoggerLoad - Signed In user is in array page
[INFO ] 2024-10-29 15:28:57.790 [TestNG-PoolService-2] LoggerLoad - In Hooks Class : Broswername = chrome
[INFO ] 2024-10-29 15:28:57.955 [TestNG-PoolService-4] LoggerLoad - In Hooks Class : Broswername = chrome
[INFO ] 2024-10-29 15:28:58.921 [TestNG-PoolService-2] LoggerLoad - Signed In user is in array page
[INFO ] 2024-10-29 15:28:59.099 [TestNG-PoolService-4] LoggerLoad - Signed In user is in array page
[INFO ] 2024-10-29 15:28:59.985 [TestNG-PoolService-3] LoggerLoad - In Hooks Class : Broswername = chrome
[INFO ] 2024-10-29 15:29:01.137 [TestNG-PoolService-1] LoggerLoad - In Hooks Class : Broswername = chrome
[INFO ] 2024-10-29 15:29:01.306 [TestNG-PoolService-3] LoggerLoad - Signed In user is in array page
[INFO ] 2024-10-29 15:29:02.199 [TestNG-PoolService-1] LoggerLoad - Signed In user is in array page
[INFO ] 2024-10-29 15:29:06.021 [TestNG-PoolService-2] LoggerLoad - Valid and Invalid code are validated
[INFO ] 2024-10-29 15:29:06.215 [TestNG-PoolService-4] LoggerLoad - Valid and Invalid code are validated
[INFO ] 2024-10-29 15:29:07.320 [TestNG-PoolService-4] LoggerLoad - In Hooks Class : Broswername = chrome
[INFO ] 2024-10-29 15:29:07.446 [TestNG-PoolService-2] LoggerLoad - In Hooks Class : Broswername = chrome
[INFO ] 2024-10-29 15:29:07.666 [TestNG-PoolService-3] LoggerLoad - Valid and Invalid code are validated
[INFO ] 2024-10-29 15:29:08.539 [TestNG-PoolService-4] LoggerLoad - Signed In user is in array page
[INFO ] 2024-10-29 15:29:08.587 [TestNG-PoolService-1] LoggerLoad - Valid and Invalid code are validated
[INFO ] 2024-10-29 15:29:08.618 [TestNG-PoolService-2] LoggerLoad - Signed In user is in array page
[INFO ] 2024-10-29 15:29:09.554 [TestNG-PoolService-3] LoggerLoad - In Hooks Class : Broswername = chrome
[INFO ] 2024-10-29 15:29:10.783 [TestNG-PoolService-1] LoggerLoad - In Hooks Class : Broswername = chrome
[INFO ] 2024-10-29 15:29:10.998 [TestNG-PoolService-3] LoggerLoad - Signed In user is in array page
[INFO ] 2024-10-29 15:29:11.771 [TestNG-PoolService-1] LoggerLoad - Signed In user is in array page
[INFO ] 2024-10-29 15:29:15.234 [TestNG-PoolService-2] LoggerLoad - Valid and Invalid code are validated
[INFO ] 2024-10-29 15:29:15.234 [TestNG-PoolService-4] LoggerLoad - Valid and Invalid code are validated
[INFO ] 2024-10-29 15:29:16.610 [TestNG-PoolService-4] LoggerLoad - In Hooks Class : Broswername = chrome
[INFO ] 2024-10-29 15:29:16.652 [TestNG-PoolService-2] LoggerLoad - In Hooks Class : Broswername = chrome
[INFO ] 2024-10-29 15:29:17.174 [TestNG-PoolService-3] LoggerLoad - Valid and Invalid code are validated
[INFO ] 2024-10-29 15:29:18.211 [TestNG-PoolService-4] LoggerLoad - In Hooks Class : Broswername = chrome
[INFO ] 2024-10-29 15:29:18.319 [TestNG-PoolService-1] LoggerLoad - Valid and Invalid code are validated
[INFO ] 2024-10-29 15:29:18.699 [TestNG-PoolService-3] LoggerLoad - In Hooks Class : Broswername = chrome
[INFO ] 2024-10-29 15:29:19.756 [TestNG-PoolService-1] LoggerLoad - In Hooks Class : Broswername = chrome
[INFO ] 2024-10-29 15:29:21.603 [TestNG-PoolService-2] LoggerLoad - In Hooks Class : Broswername = chrome
[INFO ] 2024-10-29 15:29:23.120 [TestNG-PoolService-4] LoggerLoad - In Hooks Class : Broswername = chrome
[INFO ] 2024-10-29 15:29:23.978 [TestNG-PoolService-3] LoggerLoad - In Hooks Class : Broswername = chrome
[INFO ] 2024-10-29 15:29:27.841 [TestNG-PoolService-1] LoggerLoad - In Hooks Class : Broswername = chrome
[INFO ] 2024-10-29 15:29:29.267 [TestNG-PoolService-1] LoggerLoad - In Hooks Class : Broswername = chrome
[INFO ] 2024-10-29 15:29:29.442 [TestNG-PoolService-3] LoggerLoad - In Hooks Class : Broswername = chrome
[INFO ] 2024-10-29 15:29:30.240 [TestNG-PoolService-2] LoggerLoad - In Hooks Class : Broswername = chrome
[INFO ] 2024-10-29 15:29:31.967 [TestNG-PoolService-4] LoggerLoad - In Hooks Class : Broswername = chrome
[INFO ] 2024-10-29 15:29:32.113 [TestNG-PoolService-3] LoggerLoad - In Hooks Class : Broswername = chrome
[INFO ] 2024-10-29 15:29:32.124 [TestNG-PoolService-2] LoggerLoad - Signed In user is in array page
[INFO ] 2024-10-29 15:29:32.241 [TestNG-PoolService-1] LoggerLoad - In Hooks Class : Broswername = chrome
[INFO ] 2024-10-29 15:29:33.383 [TestNG-PoolService-4] LoggerLoad - Signed In user is in array page
[INFO ] 2024-10-29 15:29:33.437 [TestNG-PoolService-3] LoggerLoad - Signed In user is in array page
[INFO ] 2024-10-29 15:29:33.501 [TestNG-PoolService-1] LoggerLoad - Signed In user is in array page
[INFO ] 2024-10-29 15:29:33.821 [TestNG-PoolService-2] LoggerLoad - In Hooks Class : Broswername = chrome
[INFO ] 2024-10-29 15:29:35.302 [TestNG-PoolService-3] LoggerLoad - In Hooks Class : Broswername = chrome
[INFO ] 2024-10-29 15:29:35.363 [TestNG-PoolService-4] LoggerLoad - In Hooks Class : Broswername = chrome
[INFO ] 2024-10-29 15:29:35.523 [TestNG-PoolService-2] LoggerLoad - Signed In user is in array page
[INFO ] 2024-10-29 15:29:37.003 [TestNG-PoolService-3] LoggerLoad - Signed In user is in array page
[INFO ] 2024-10-29 15:29:37.021 [TestNG-PoolService-4] LoggerLoad - Signed In user is in array page
[INFO ] 2024-10-29 15:29:37.541 [TestNG-PoolService-1] LoggerLoad - In Hooks Class : Broswername = chrome
[INFO ] 2024-10-29 15:29:38.689 [TestNG-PoolService-1] LoggerLoad - Signed In user is in array page
[INFO ] 2024-10-29 15:29:39.631 [TestNG-PoolService-2] LoggerLoad - In Hooks Class : Broswername = chrome
[INFO ] 2024-10-29 15:29:41.058 [TestNG-PoolService-2] LoggerLoad - Signed In user is in array page
[INFO ] 2024-10-29 15:29:41.067 [TestNG-PoolService-3] LoggerLoad - In Hooks Class : Broswername = chrome
[INFO ] 2024-10-29 15:29:41.067 [TestNG-PoolService-4] LoggerLoad - In Hooks Class : Broswername = chrome
[INFO ] 2024-10-29 15:29:42.341 [TestNG-PoolService-3] LoggerLoad - Signed In user is in array page
[INFO ] 2024-10-29 15:29:42.341 [TestNG-PoolService-4] LoggerLoad - Signed In user is in array page
[INFO ] 2024-10-29 15:29:46.091 [TestNG-PoolService-1] LoggerLoad - Valid and Invalid code are validated
[INFO ] 2024-10-29 15:29:47.164 [TestNG-PoolService-1] LoggerLoad - In Hooks Class : Broswername = chrome
[INFO ] 2024-10-29 15:29:47.943 [TestNG-PoolService-2] LoggerLoad - Valid and Invalid code are validated
[INFO ] 2024-10-29 15:29:48.546 [TestNG-PoolService-1] LoggerLoad - Signed In user is in array page
[INFO ] 2024-10-29 15:29:48.754 [TestNG-PoolService-4] LoggerLoad - Valid and Invalid code are validated
[INFO ] 2024-10-29 15:29:48.820 [TestNG-PoolService-3] LoggerLoad - Valid and Invalid code are validated
[INFO ] 2024-10-29 15:29:50.265 [TestNG-PoolService-2] LoggerLoad - In Hooks Class : Broswername = chrome
[INFO ] 2024-10-29 15:29:50.415 [TestNG-PoolService-4] LoggerLoad - In Hooks Class : Broswername = chrome
[INFO ] 2024-10-29 15:29:50.558 [TestNG-PoolService-3] LoggerLoad - In Hooks Class : Broswername = chrome
[INFO ] 2024-10-29 15:29:51.543 [TestNG-PoolService-2] LoggerLoad - Signed In user is in array page
[INFO ] 2024-10-29 15:29:51.578 [TestNG-PoolService-4] LoggerLoad - Signed In user is in array page
[INFO ] 2024-10-29 15:29:51.725 [TestNG-PoolService-3] LoggerLoad - Signed In user is in array page
[INFO ] 2024-10-29 15:29:55.334 [TestNG-PoolService-1] LoggerLoad - Valid and Invalid code are validated
[INFO ] 2024-10-29 15:29:56.515 [TestNG-PoolService-1] LoggerLoad - In Hooks Class : Broswername = chrome
[INFO ] 2024-10-29 15:29:57.720 [TestNG-PoolService-1] LoggerLoad - Signed In user is in array page
[INFO ] 2024-10-29 15:29:57.845 [TestNG-PoolService-2] LoggerLoad - Valid and Invalid code are validated
[INFO ] 2024-10-29 15:29:57.865 [TestNG-PoolService-4] LoggerLoad - Valid and Invalid code are validated
[INFO ] 2024-10-29 15:29:58.023 [TestNG-PoolService-3] LoggerLoad - Valid and Invalid code are validated
[INFO ] 2024-10-29 15:29:59.847 [TestNG-PoolService-2] LoggerLoad - In Hooks Class : Broswername = chrome
[INFO ] 2024-10-29 15:29:59.966 [TestNG-PoolService-4] LoggerLoad - In Hooks Class : Broswername = chrome
[INFO ] 2024-10-29 15:30:00.057 [TestNG-PoolService-1] LoggerLoad - In Hooks Class : Broswername = chrome
[INFO ] 2024-10-29 15:30:00.087 [TestNG-PoolService-3] LoggerLoad - In Hooks Class : Broswername = chrome
[INFO ] 2024-10-29 15:30:01.369 [TestNG-PoolService-2] LoggerLoad - Signed In user is in array page
[INFO ] 2024-10-29 15:30:01.379 [TestNG-PoolService-4] LoggerLoad - Signed In user is in array page
[INFO ] 2024-10-29 15:30:01.434 [TestNG-PoolService-3] LoggerLoad - Signed In user is in array page
[INFO ] 2024-10-29 15:30:01.470 [TestNG-PoolService-1] LoggerLoad - Signed In user is in array page
[INFO ] 2024-10-29 15:30:02.745 [TestNG-PoolService-2] LoggerLoad - In Hooks Class : Broswername = chrome
[INFO ] 2024-10-29 15:30:03.814 [TestNG-PoolService-2] LoggerLoad - Signed In user is in array page
[INFO ] 2024-10-29 15:30:06.187 [TestNG-PoolService-4] LoggerLoad - In Hooks Class : Broswername = chrome
[INFO ] 2024-10-29 15:30:06.537 [TestNG-PoolService-1] LoggerLoad - In Hooks Class : Broswername = chrome
[INFO ] 2024-10-29 15:30:06.607 [TestNG-PoolService-3] LoggerLoad - In Hooks Class : Broswername = chrome
[INFO ] 2024-10-29 15:30:07.402 [TestNG-PoolService-4] LoggerLoad - Signed In user is in array page
[INFO ] 2024-10-29 15:30:07.684 [TestNG-PoolService-1] LoggerLoad - Signed In user is in array page
[INFO ] 2024-10-29 15:30:07.753 [TestNG-PoolService-3] LoggerLoad - Signed In user is in array page
[INFO ] 2024-10-29 15:30:08.519 [TestNG-PoolService-2] LoggerLoad - In Hooks Class : Broswername = chrome
[INFO ] 2024-10-29 15:30:09.593 [TestNG-PoolService-2] LoggerLoad - Signed In user is in array page
[INFO ] 2024-10-29 15:30:12.363 [TestNG-PoolService-4] LoggerLoad - In Hooks Class : Broswername = chrome
[INFO ] 2024-10-29 15:30:12.614 [TestNG-PoolService-1] LoggerLoad - In Hooks Class : Broswername = chrome
[INFO ] 2024-10-29 15:30:12.722 [TestNG-PoolService-3] LoggerLoad - In Hooks Class : Broswername = chrome
[INFO ] 2024-10-29 15:30:13.600 [TestNG-PoolService-4] LoggerLoad - Signed In user is in array page
[INFO ] 2024-10-29 15:30:13.805 [TestNG-PoolService-1] LoggerLoad - Signed In user is in array page
[INFO ] 2024-10-29 15:30:13.992 [TestNG-PoolService-3] LoggerLoad - Signed In user is in array page
[INFO ] 2024-10-29 15:30:14.489 [TestNG-PoolService-2] LoggerLoad - In Hooks Class : Broswername = chrome
[INFO ] 2024-10-29 15:30:16.487 [TestNG-PoolService-2] LoggerLoad - Signed In user is in array page
[INFO ] 2024-10-29 15:30:18.460 [TestNG-PoolService-4] LoggerLoad - In Hooks Class : Broswername = chrome
[INFO ] 2024-10-29 15:30:18.568 [TestNG-PoolService-1] LoggerLoad - In Hooks Class : Broswername = chrome
[INFO ] 2024-10-29 15:30:19.797 [TestNG-PoolService-3] LoggerLoad - In Hooks Class : Broswername = chrome
[INFO ] 2024-10-29 15:30:19.804 [TestNG-PoolService-4] LoggerLoad - Signed In user is in array page
[INFO ] 2024-10-29 15:30:20.006 [TestNG-PoolService-1] LoggerLoad - Signed In user is in array page
[INFO ] 2024-10-29 15:30:21.041 [TestNG-PoolService-3] LoggerLoad - Signed In user is in array page
[INFO ] 2024-10-29 15:30:21.199 [TestNG-PoolService-2] LoggerLoad - In Hooks Class : Broswername = chrome
[INFO ] 2024-10-29 15:30:22.365 [TestNG-PoolService-2] LoggerLoad - Signed In user is in array page
[INFO ] 2024-10-29 15:30:24.189 [TestNG-PoolService-4] LoggerLoad - In Hooks Class : Broswername = chrome
[INFO ] 2024-10-29 15:30:25.243 [TestNG-PoolService-4] LoggerLoad - Signed In user is in array page
[INFO ] 2024-10-29 15:30:27.634 [TestNG-PoolService-1] LoggerLoad - Valid and Invalid code are validated
[INFO ] 2024-10-29 15:30:28.523 [TestNG-PoolService-3] LoggerLoad - Valid and Invalid code are validated
[INFO ] 2024-10-29 15:30:29.068 [TestNG-PoolService-1] LoggerLoad - In Hooks Class : Broswername = chrome
[INFO ] 2024-10-29 15:30:29.877 [TestNG-PoolService-2] LoggerLoad - Valid and Invalid code are validated
[INFO ] 2024-10-29 15:30:30.170 [TestNG-PoolService-3] LoggerLoad - In Hooks Class : Broswername = chrome
[INFO ] 2024-10-29 15:30:30.418 [TestNG-PoolService-1] LoggerLoad - Signed In user is in array page
[INFO ] 2024-10-29 15:30:31.363 [TestNG-PoolService-2] LoggerLoad - In Hooks Class : Broswername = chrome
[INFO ] 2024-10-29 15:30:31.537 [TestNG-PoolService-3] LoggerLoad - Signed In user is in array page
[INFO ] 2024-10-29 15:30:32.437 [TestNG-PoolService-2] LoggerLoad - Signed In user is in array page
[INFO ] 2024-10-29 15:30:32.649 [TestNG-PoolService-4] LoggerLoad - Valid and Invalid code are validated
[INFO ] 2024-10-29 15:30:34.363 [TestNG-PoolService-4] LoggerLoad - In Hooks Class : Broswername = chrome
[INFO ] 2024-10-29 15:30:35.491 [TestNG-PoolService-4] LoggerLoad - Signed In user is in array page
[INFO ] 2024-10-29 15:30:38.248 [TestNG-PoolService-1] LoggerLoad - Valid and Invalid code are validated
[INFO ] 2024-10-29 15:30:39.276 [TestNG-PoolService-1] LoggerLoad - In Hooks Class : Broswername = chrome
[INFO ] 2024-10-29 15:30:39.294 [TestNG-PoolService-3] LoggerLoad - Valid and Invalid code are validated
[INFO ] 2024-10-29 15:30:40.061 [TestNG-PoolService-2] LoggerLoad - Valid and Invalid code are validated
[INFO ] 2024-10-29 15:30:40.551 [TestNG-PoolService-3] LoggerLoad - In Hooks Class : Broswername = chrome
[INFO ] 2024-10-29 15:30:40.652 [TestNG-PoolService-1] LoggerLoad - Signed In user is in array page
[INFO ] 2024-10-29 15:30:41.545 [TestNG-PoolService-2] LoggerLoad - In Hooks Class : Broswername = chrome
[INFO ] 2024-10-29 15:30:41.824 [TestNG-PoolService-3] LoggerLoad - Signed In user is in array page
[INFO ] 2024-10-29 15:30:42.634 [TestNG-PoolService-2] LoggerLoad - Signed In user is in array page
[INFO ] 2024-10-29 15:30:42.675 [TestNG-PoolService-4] LoggerLoad - Valid and Invalid code are validated
[INFO ] 2024-10-29 15:30:44.320 [TestNG-PoolService-4] LoggerLoad - In Hooks Class : Broswername = chrome
[INFO ] 2024-10-29 15:30:45.434 [TestNG-PoolService-4] LoggerLoad - Signed In user is in array page
[INFO ] 2024-10-29 15:30:48.356 [TestNG-PoolService-1] LoggerLoad - Valid and Invalid code are validated
[INFO ] 2024-10-29 15:30:49.291 [TestNG-PoolService-1] LoggerLoad - In Hooks Class : Broswername = chrome
[INFO ] 2024-10-29 15:30:49.570 [TestNG-PoolService-3] LoggerLoad - Valid and Invalid code are validated
[INFO ] 2024-10-29 15:30:50.260 [TestNG-PoolService-2] LoggerLoad - Valid and Invalid code are validated
[INFO ] 2024-10-29 15:30:50.353 [TestNG-PoolService-1] LoggerLoad - Signed In user is in array page
[INFO ] 2024-10-29 15:30:50.821 [TestNG-PoolService-3] LoggerLoad - In Hooks Class : Broswername = chrome
[INFO ] 2024-10-29 15:30:51.529 [TestNG-PoolService-2] LoggerLoad - In Hooks Class : Broswername = chrome
[INFO ] 2024-10-29 15:30:51.866 [TestNG-PoolService-3] LoggerLoad - Signed In user is in array page
[INFO ] 2024-10-29 15:30:52.642 [TestNG-PoolService-4] LoggerLoad - Valid and Invalid code are validated
[INFO ] 2024-10-29 15:30:52.677 [TestNG-PoolService-2] LoggerLoad - Signed In user is in array page
[INFO ] 2024-10-29 15:30:53.841 [TestNG-PoolService-4] LoggerLoad - In Hooks Class : Broswername = chrome
[INFO ] 2024-10-29 15:30:54.894 [TestNG-PoolService-4] LoggerLoad - Signed In user is in array page
[INFO ] 2024-10-29 15:30:57.782 [TestNG-PoolService-1] LoggerLoad - Valid and Invalid code are validated
[INFO ] 2024-10-29 15:30:58.749 [TestNG-PoolService-1] LoggerLoad - In Hooks Class : Broswername = chrome
[INFO ] 2024-10-29 15:30:59.179 [TestNG-PoolService-3] LoggerLoad - Valid and Invalid code are validated
[INFO ] 2024-10-29 15:30:59.944 [TestNG-PoolService-1] LoggerLoad - Signed In user is in array page
[INFO ] 2024-10-29 15:31:00.070 [TestNG-PoolService-2] LoggerLoad - Valid and Invalid code are validated
[INFO ] 2024-10-29 15:31:00.392 [TestNG-PoolService-3] LoggerLoad - In Hooks Class : Broswername = chrome
[INFO ] 2024-10-29 15:31:01.020 [TestNG-PoolService-2] LoggerLoad - In Hooks Class : Broswername = chrome
[INFO ] 2024-10-29 15:31:01.475 [TestNG-PoolService-3] LoggerLoad - Signed In user is in array page
[INFO ] 2024-10-29 15:31:02.071 [TestNG-PoolService-2] LoggerLoad - Signed In user is in array page
[INFO ] 2024-10-29 15:31:02.179 [TestNG-PoolService-4] LoggerLoad - Valid and Invalid code are validated
[INFO ] 2024-10-29 15:31:03.230 [TestNG-PoolService-4] LoggerLoad - In Hooks Class : Broswername = chrome
[INFO ] 2024-10-29 15:31:04.367 [TestNG-PoolService-4] LoggerLoad - Signed In user is in array page
[INFO ] 2024-10-29 15:31:07.216 [TestNG-PoolService-1] LoggerLoad - Valid and Invalid code are validated
[INFO ] 2024-10-29 15:31:08.290 [TestNG-PoolService-1] LoggerLoad - In Hooks Class : Broswername = chrome
[INFO ] 2024-10-29 15:31:08.779 [TestNG-PoolService-3] LoggerLoad - Valid and Invalid code are validated
[INFO ] 2024-10-29 15:31:09.444 [TestNG-PoolService-1] LoggerLoad - Signed In user is in array page
[INFO ] 2024-10-29 15:31:09.781 [TestNG-PoolService-2] LoggerLoad - Valid and Invalid code are validated
[INFO ] 2024-10-29 15:31:09.840 [TestNG-PoolService-3] LoggerLoad - In Hooks Class : Broswername = chrome
[INFO ] 2024-10-29 15:31:10.976 [TestNG-PoolService-3] LoggerLoad - Signed In user is in array page
[INFO ] 2024-10-29 15:31:11.609 [TestNG-PoolService-2] LoggerLoad - In Hooks Class : Broswername = chrome
[INFO ] 2024-10-29 15:31:11.754 [TestNG-PoolService-4] LoggerLoad - Valid and Invalid code are validated
[INFO ] 2024-10-29 15:31:12.788 [TestNG-PoolService-2] LoggerLoad - Signed In user is in array page
[INFO ] 2024-10-29 15:31:12.959 [TestNG-PoolService-4] LoggerLoad - In Hooks Class : Broswername = chrome
[INFO ] 2024-10-29 15:31:14.098 [TestNG-PoolService-4] LoggerLoad - Signed In user is in array page
[INFO ] 2024-10-29 15:31:16.801 [TestNG-PoolService-1] LoggerLoad - Valid and Invalid code are validated
[INFO ] 2024-10-29 15:31:18.101 [TestNG-PoolService-1] LoggerLoad - In Hooks Class : Broswername = chrome
[INFO ] 2024-10-29 15:31:18.403 [TestNG-PoolService-3] LoggerLoad - Valid and Invalid code are validated
[INFO ] 2024-10-29 15:31:19.308 [TestNG-PoolService-1] LoggerLoad - Signed In user is in array page
[INFO ] 2024-10-29 15:31:19.517 [TestNG-PoolService-3] LoggerLoad - In Hooks Class : Broswername = chrome
[INFO ] 2024-10-29 15:31:20.131 [TestNG-PoolService-2] LoggerLoad - Valid and Invalid code are validated
[INFO ] 2024-10-29 15:31:20.553 [TestNG-PoolService-3] LoggerLoad - Signed In user is in array page
[INFO ] 2024-10-29 15:31:21.369 [TestNG-PoolService-4] LoggerLoad - Valid and Invalid code are validated
[INFO ] 2024-10-29 15:31:26.561 [TestNG-PoolService-1] LoggerLoad - Valid and Invalid code are validated
[INFO ] 2024-10-29 15:31:27.880 [TestNG-PoolService-3] LoggerLoad - Valid and Invalid code are validated
[INFO ] 2024-10-29 21:08:05.544 [TestNG-PoolService-6] LoggerLoad - In Hooks Class : Broswername = chrome
[INFO ] 2024-10-29 21:08:05.544 [TestNG-PoolService-7] LoggerLoad - In Hooks Class : Broswername = chrome
[INFO ] 2024-10-29 21:08:05.544 [TestNG-PoolService-10] LoggerLoad - In Hooks Class : Broswername = chrome
[INFO ] 2024-10-29 21:08:05.886 [TestNG-PoolService-8] LoggerLoad - In Hooks Class : Broswername = chrome
[INFO ] 2024-10-29 21:08:06.396 [TestNG-PoolService-2] LoggerLoad - In Hooks Class : Broswername = chrome
[INFO ] 2024-10-29 21:08:06.458 [TestNG-PoolService-1] LoggerLoad - In Hooks Class : Broswername = chrome
[INFO ] 2024-10-29 21:08:08.666 [TestNG-PoolService-5] LoggerLoad - In Hooks Class : Broswername = chrome
[INFO ] 2024-10-29 21:08:08.684 [TestNG-PoolService-9] LoggerLoad - In Hooks Class : Broswername = chrome
[INFO ] 2024-10-29 21:08:10.290 [TestNG-PoolService-4] LoggerLoad - In Hooks Class : Broswername = chrome
[INFO ] 2024-10-29 21:08:10.479 [TestNG-PoolService-3] LoggerLoad - In Hooks Class : Broswername = chrome
[INFO ] 2024-10-29 21:08:15.196 [TestNG-PoolService-3] LoggerLoad - Signed In user is in array page
[INFO ] 2024-10-29 21:08:15.314 [TestNG-PoolService-5] LoggerLoad - Signed In user is in array page
[INFO ] 2024-10-29 21:08:15.437 [TestNG-PoolService-8] LoggerLoad - Signed In user is in array page
[INFO ] 2024-10-29 21:08:15.532 [TestNG-PoolService-2] LoggerLoad - Signed In user is in array page
[INFO ] 2024-10-29 21:08:15.869 [TestNG-PoolService-8] LoggerLoad - Page Title is : Practice Questions
[INFO ] 2024-10-29 21:08:21.191 [TestNG-PoolService-3] LoggerLoad - In Array Page Text Editor
[INFO ] 2024-10-29 21:08:23.053 [TestNG-PoolService-5] LoggerLoad - In Array Page Text Editor
[INFO ] 2024-10-29 21:08:23.519 [TestNG-PoolService-2] LoggerLoad - In Array Page Text Editor
[INFO ] 2024-10-29 21:08:25.081 [TestNG-PoolService-4] LoggerLoad - Signed In user is in array page
[INFO ] 2024-10-29 21:08:25.105 [TestNG-PoolService-3] LoggerLoad - In Array Page Text Editor
[INFO ] 2024-10-29 21:08:26.800 [TestNG-PoolService-9] LoggerLoad - Signed In user is in array page
[INFO ] 2024-10-29 21:08:26.799 [TestNG-PoolService-6] LoggerLoad - Signed In user is in array page
[INFO ] 2024-10-29 21:08:27.444 [TestNG-PoolService-5] LoggerLoad - In Array Page Text Editor
[INFO ] 2024-10-29 21:08:27.691 [TestNG-PoolService-2] LoggerLoad - In Array Page Text Editor
[INFO ] 2024-10-29 21:08:29.000 [TestNG-PoolService-9] LoggerLoad - Page Title is : Practice Questions
[INFO ] 2024-10-29 21:08:29.734 [TestNG-PoolService-6] LoggerLoad - Page Title is : Practice Questions
[INFO ] 2024-10-29 21:08:30.002 [TestNG-PoolService-7] LoggerLoad - Signed In user is in array page
[INFO ] 2024-10-29 21:08:30.506 [TestNG-PoolService-7] LoggerLoad - Page Title is : Practice Questions
[INFO ] 2024-10-29 21:08:30.844 [TestNG-PoolService-1] LoggerLoad - In Hooks Class : Broswername = chrome
[INFO ] 2024-10-29 21:08:36.980 [TestNG-PoolService-6] LoggerLoad - Python code
[INFO ] 2024-10-29 21:08:37.061 [TestNG-PoolService-9] LoggerLoad - Python code
[INFO ] 2024-10-29 21:08:37.244 [TestNG-PoolService-9] LoggerLoad - Page Title is : Assessment
[INFO ] 2024-10-29 21:08:37.262 [TestNG-PoolService-6] LoggerLoad - Page Title is : Assessment
[INFO ] 2024-10-29 21:08:37.542 [TestNG-PoolService-4] LoggerLoad - In Array Page Text Editor
[INFO ] 2024-10-29 21:08:37.971 [TestNG-PoolService-7] LoggerLoad - Python code
[INFO ] 2024-10-29 21:08:38.242 [TestNG-PoolService-7] LoggerLoad - Page Title is : Assessment
[INFO ] 2024-10-29 21:08:38.561 [TestNG-PoolService-8] LoggerLoad - Python code
[INFO ] 2024-10-29 21:08:38.667 [TestNG-PoolService-8] LoggerLoad - Page Title is : Assessment
[INFO ] 2024-10-29 21:08:41.331 [TestNG-PoolService-2] LoggerLoad - In Hooks Class : Broswername = chrome
[INFO ] 2024-10-29 21:08:41.548 [TestNG-PoolService-7] LoggerLoad - In Hooks Class : Broswername = chrome
[INFO ] 2024-10-29 21:08:41.695 [TestNG-PoolService-8] LoggerLoad - In Hooks Class : Broswername = chrome
[INFO ] 2024-10-29 21:08:41.834 [TestNG-PoolService-1] LoggerLoad - In Hooks Class : Broswername = chrome
[INFO ] 2024-10-29 21:08:51.938 [TestNG-PoolService-9] LoggerLoad - In Hooks Class : Broswername = chrome
[INFO ] 2024-10-29 21:08:51.974 [TestNG-PoolService-4] LoggerLoad - In Array Page Text Editor
[INFO ] 2024-10-29 21:08:53.059 [TestNG-PoolService-10] LoggerLoad - In Hooks Class : Broswername = chrome
[INFO ] 2024-10-29 21:08:53.295 [TestNG-PoolService-6] LoggerLoad - In Hooks Class : Broswername = chrome
[INFO ] 2024-10-29 21:08:54.578 [TestNG-PoolService-2] LoggerLoad - Signed In user is in array page
[INFO ] 2024-10-29 21:08:54.869 [TestNG-PoolService-5] LoggerLoad - In Hooks Class : Broswername = chrome
[INFO ] 2024-10-29 21:08:55.649 [TestNG-PoolService-3] LoggerLoad - In Hooks Class : Broswername = chrome
[INFO ] 2024-10-29 21:08:56.792 [TestNG-PoolService-6] LoggerLoad - Signed In user is in array page
[INFO ] 2024-10-29 21:08:57.130 [TestNG-PoolService-10] LoggerLoad - Signed In user is in array page
[INFO ] 2024-10-29 21:08:57.184 [TestNG-PoolService-9] LoggerLoad - Signed In user is in array page
[INFO ] 2024-10-29 21:08:57.398 [TestNG-PoolService-8] LoggerLoad - Signed In user is in array page
[INFO ] 2024-10-29 21:08:58.777 [TestNG-PoolService-3] LoggerLoad - Signed In user is in array page
[INFO ] 2024-10-29 21:08:58.994 [TestNG-PoolService-5] LoggerLoad - Signed In user is in array page
[INFO ] 2024-10-29 21:09:04.517 [TestNG-PoolService-9] LoggerLoad - In Hooks Class : Broswername = chrome
[INFO ] 2024-10-29 21:09:04.571 [TestNG-PoolService-1] LoggerLoad - In Hooks Class : Broswername = chrome
[INFO ] 2024-10-29 21:09:04.606 [TestNG-PoolService-7] LoggerLoad - In Hooks Class : Broswername = chrome
[INFO ] 2024-10-29 21:09:04.731 [TestNG-PoolService-2] LoggerLoad - In Hooks Class : Broswername = chrome
[INFO ] 2024-10-29 21:09:04.824 [TestNG-PoolService-8] LoggerLoad - In Hooks Class : Broswername = chrome
[INFO ] 2024-10-29 21:09:05.833 [TestNG-PoolService-4] LoggerLoad - In Hooks Class : Broswername = chrome
[INFO ] 2024-10-29 21:09:06.496 [TestNG-PoolService-6] LoggerLoad - Valid and Invalid code are validated
[INFO ] 2024-10-29 21:09:06.681 [TestNG-PoolService-8] LoggerLoad - Signed In user is in array page
[INFO ] 2024-10-29 21:09:06.895 [TestNG-PoolService-9] LoggerLoad - Signed In user is in array page
[INFO ] 2024-10-29 21:09:06.950 [TestNG-PoolService-1] LoggerLoad - Signed In user is in array page
[INFO ] 2024-10-29 21:09:07.029 [TestNG-PoolService-2] LoggerLoad - Signed In user is in array page
[INFO ] 2024-10-29 21:09:07.251 [TestNG-PoolService-3] LoggerLoad - Valid and Invalid code are validated
[INFO ] 2024-10-29 21:09:07.848 [TestNG-PoolService-4] LoggerLoad - Signed In user is in array page
[INFO ] 2024-10-29 21:09:08.345 [TestNG-PoolService-5] LoggerLoad - In Hooks Class : Broswername = chrome
[INFO ] 2024-10-29 21:09:10.641 [TestNG-PoolService-7] LoggerLoad - In Hooks Class : Broswername = chrome
[INFO ] 2024-10-29 21:09:10.761 [TestNG-PoolService-10] LoggerLoad - In Hooks Class : Broswername = chrome
[INFO ] 2024-10-29 21:09:12.025 [TestNG-PoolService-5] LoggerLoad - Signed In user is in array page
[INFO ] 2024-10-29 21:09:12.577 [TestNG-PoolService-6] LoggerLoad - In Hooks Class : Broswername = chrome
[INFO ] 2024-10-29 21:09:12.605 [TestNG-PoolService-3] LoggerLoad - In Hooks Class : Broswername = chrome
[INFO ] 2024-10-29 21:09:12.728 [TestNG-PoolService-4] LoggerLoad - In Hooks Class : Broswername = chrome
[INFO ] 2024-10-29 21:09:23.634 [TestNG-PoolService-1] LoggerLoad - In Hooks Class : Broswername = chrome
[INFO ] 2024-10-29 21:09:24.090 [TestNG-PoolService-7] LoggerLoad - Signed In user is in array page
[INFO ] 2024-10-29 21:09:24.652 [TestNG-PoolService-3] LoggerLoad - Signed In user is in array page
[INFO ] 2024-10-29 21:09:26.425 [TestNG-PoolService-4] LoggerLoad - Signed In user is in array page
[INFO ] 2024-10-29 21:09:28.870 [TestNG-PoolService-9] LoggerLoad - Valid and Invalid code are validated
[INFO ] 2024-10-29 21:09:29.438 [TestNG-PoolService-10] LoggerLoad - Signed In user is in array page
[INFO ] 2024-10-29 21:09:30.329 [TestNG-PoolService-1] LoggerLoad - Signed In user is in array page
[INFO ] 2024-10-29 21:09:30.689 [TestNG-PoolService-8] LoggerLoad - Valid and Invalid code are validated
[INFO ] 2024-10-29 21:09:33.014 [TestNG-PoolService-6] LoggerLoad - Signed In user is in array page
[INFO ] 2024-10-29 21:09:38.503 [TestNG-PoolService-2] LoggerLoad - In Hooks Class : Broswername = chrome
[INFO ] 2024-10-29 21:09:40.469 [TestNG-PoolService-2] LoggerLoad - Signed In user is in array page
[INFO ] 2024-10-29 21:09:41.352 [TestNG-PoolService-3] LoggerLoad - In Hooks Class : Broswername = chrome
[INFO ] 2024-10-29 21:09:41.484 [TestNG-PoolService-8] LoggerLoad - In Hooks Class : Broswername = chrome
[INFO ] 2024-10-29 21:09:41.550 [TestNG-PoolService-9] LoggerLoad - In Hooks Class : Broswername = chrome
[INFO ] 2024-10-29 21:09:41.597 [TestNG-PoolService-4] LoggerLoad - In Hooks Class : Broswername = chrome
[INFO ] 2024-10-29 21:09:41.785 [TestNG-PoolService-5] LoggerLoad - In Hooks Class : Broswername = chrome
[INFO ] 2024-10-29 21:10:02.402 [TestNG-PoolService-1] LoggerLoad - Valid and Invalid code are validated
[INFO ] 2024-10-29 21:10:03.048 [TestNG-PoolService-7] LoggerLoad - In Hooks Class : Broswername = chrome
[INFO ] 2024-10-29 21:10:03.630 [TestNG-PoolService-3] LoggerLoad - Signed In user is in array page
[INFO ] 2024-10-29 21:10:03.969 [TestNG-PoolService-8] LoggerLoad - Signed In user is in array page
[INFO ] 2024-10-29 21:10:04.070 [TestNG-PoolService-4] LoggerLoad - Signed In user is in array page
[INFO ] 2024-10-29 21:10:04.961 [TestNG-PoolService-6] LoggerLoad - Valid and Invalid code are validated
[INFO ] 2024-10-29 21:10:05.326 [TestNG-PoolService-10] LoggerLoad - Valid and Invalid code are validated
[INFO ] 2024-10-29 21:10:06.380 [TestNG-PoolService-9] LoggerLoad - Signed In user is in array page
[INFO ] 2024-10-29 21:10:06.394 [TestNG-PoolService-5] LoggerLoad - Signed In user is in array page
[INFO ] 2024-10-29 21:10:07.672 [TestNG-PoolService-7] LoggerLoad - Signed In user is in array page
[INFO ] 2024-10-29 21:10:10.274 [TestNG-PoolService-2] LoggerLoad - Valid and Invalid code are validated
[INFO ] 2024-10-29 21:10:13.723 [TestNG-PoolService-8] LoggerLoad - Valid and Invalid code are validated
[INFO ] 2024-10-29 21:10:14.323 [TestNG-PoolService-10] LoggerLoad - In Hooks Class : Broswername = chrome
[INFO ] 2024-10-29 21:10:14.543 [TestNG-PoolService-3] LoggerLoad - In Hooks Class : Broswername = chrome
[INFO ] 2024-10-29 21:10:14.880 [TestNG-PoolService-1] LoggerLoad - In Hooks Class : Broswername = chrome
[INFO ] 2024-10-29 21:10:25.037 [TestNG-PoolService-6] LoggerLoad - In Hooks Class : Broswername = chrome
[INFO ] 2024-10-29 21:10:25.170 [TestNG-PoolService-4] LoggerLoad - In Hooks Class : Broswername = chrome
[INFO ] 2024-10-29 21:10:27.133 [TestNG-PoolService-10] LoggerLoad - Signed In user is in array page
[INFO ] 2024-10-29 21:10:27.641 [TestNG-PoolService-3] LoggerLoad - Signed In user is in array page
[INFO ] 2024-10-29 21:10:27.815 [TestNG-PoolService-7] LoggerLoad - In Hooks Class : Broswername = chrome
[INFO ] 2024-10-29 21:10:28.461 [TestNG-PoolService-2] LoggerLoad - In Hooks Class : Broswername = chrome
[INFO ] 2024-10-29 21:10:28.975 [TestNG-PoolService-4] LoggerLoad - Signed In user is in array page
[INFO ] 2024-10-29 21:10:29.027 [TestNG-PoolService-6] LoggerLoad - Signed In user is in array page
[INFO ] 2024-10-29 21:10:29.244 [TestNG-PoolService-9] LoggerLoad - Valid and Invalid code are validated
[INFO ] 2024-10-29 21:10:29.477 [TestNG-PoolService-1] LoggerLoad - Signed In user is in array page
[INFO ] 2024-10-29 21:10:31.028 [TestNG-PoolService-7] LoggerLoad - Signed In user is in array page
[INFO ] 2024-10-29 21:10:31.177 [TestNG-PoolService-2] LoggerLoad - Signed In user is in array page
[INFO ] 2024-10-29 21:10:39.370 [TestNG-PoolService-5] LoggerLoad - In Hooks Class : Broswername = chrome
[INFO ] 2024-10-29 21:10:39.644 [TestNG-PoolService-8] LoggerLoad - In Hooks Class : Broswername = chrome
[INFO ] 2024-10-29 21:10:39.932 [TestNG-PoolService-10] LoggerLoad - Valid and Invalid code are validated
[INFO ] 2024-10-29 21:10:40.054 [TestNG-PoolService-2] LoggerLoad - Valid and Invalid code are validated
[INFO ] 2024-10-29 21:10:42.266 [TestNG-PoolService-5] LoggerLoad - Signed In user is in array page
[INFO ] 2024-10-29 21:10:42.834 [TestNG-PoolService-4] LoggerLoad - Valid and Invalid code are validated
[INFO ] 2024-10-29 21:10:42.853 [TestNG-PoolService-9] LoggerLoad - In Hooks Class : Broswername = chrome
[INFO ] 2024-10-29 21:10:43.020 [TestNG-PoolService-3] LoggerLoad - Valid and Invalid code are validated
[INFO ] 2024-10-29 21:10:43.151 [TestNG-PoolService-6] LoggerLoad - In Hooks Class : Broswername = chrome
[INFO ] 2024-10-29 21:10:43.168 [TestNG-PoolService-7] LoggerLoad - In Hooks Class : Broswername = chrome
[INFO ] 2024-10-29 21:10:43.601 [TestNG-PoolService-1] LoggerLoad - In Hooks Class : Broswername = chrome
[INFO ] 2024-10-29 21:10:44.580 [TestNG-PoolService-8] LoggerLoad - Signed In user is in array page
[INFO ] 2024-10-29 21:10:44.882 [TestNG-PoolService-6] LoggerLoad - Signed In user is in array page
[INFO ] 2024-10-29 21:10:44.907 [TestNG-PoolService-9] LoggerLoad - Signed In user is in array page
[INFO ] 2024-10-29 21:10:45.380 [TestNG-PoolService-1] LoggerLoad - Signed In user is in array page
[INFO ] 2024-10-29 21:10:45.431 [TestNG-PoolService-7] LoggerLoad - Signed In user is in array page
[INFO ] 2024-10-29 21:10:57.355 [TestNG-PoolService-3] LoggerLoad - In Hooks Class : Broswername = chrome
[INFO ] 2024-10-29 21:10:57.557 [TestNG-PoolService-2] LoggerLoad - In Hooks Class : Broswername = chrome
[INFO ] 2024-10-29 21:10:59.932 [TestNG-PoolService-4] LoggerLoad - In Hooks Class : Broswername = chrome
[INFO ] 2024-10-29 21:11:01.785 [TestNG-PoolService-10] LoggerLoad - In Hooks Class : Broswername = chrome
[INFO ] 2024-10-29 21:11:02.938 [TestNG-PoolService-9] LoggerLoad - Valid and Invalid code are validated
[INFO ] 2024-10-29 21:11:03.511 [TestNG-PoolService-10] LoggerLoad - Signed In user is in array page
[INFO ] 2024-10-29 21:11:03.535 [TestNG-PoolService-2] LoggerLoad - Signed In user is in array page
[INFO ] 2024-10-29 21:11:03.719 [TestNG-PoolService-5] LoggerLoad - Valid and Invalid code are validated
[INFO ] 2024-10-29 21:11:03.803 [TestNG-PoolService-3] LoggerLoad - Signed In user is in array page
[INFO ] 2024-10-29 21:11:04.137 [TestNG-PoolService-4] LoggerLoad - Signed In user is in array page
[INFO ] 2024-10-29 21:11:08.528 [TestNG-PoolService-1] LoggerLoad - In Hooks Class : Broswername = chrome
[INFO ] 2024-10-29 21:11:08.899 [TestNG-PoolService-8] LoggerLoad - In Hooks Class : Broswername = chrome
[INFO ] 2024-10-29 21:11:08.949 [TestNG-PoolService-3] LoggerLoad - In Hooks Class : Broswername = chrome
[INFO ] 2024-10-29 21:11:11.969 [TestNG-PoolService-6] LoggerLoad - Valid and Invalid code are validated
[INFO ] 2024-10-29 21:11:12.395 [TestNG-PoolService-3] LoggerLoad - Signed In user is in array page
[INFO ] 2024-10-29 21:11:12.860 [TestNG-PoolService-8] LoggerLoad - Signed In user is in array page
[INFO ] 2024-10-29 21:11:12.970 [TestNG-PoolService-2] LoggerLoad - Valid and Invalid code are validated
[INFO ] 2024-10-29 21:11:13.361 [TestNG-PoolService-9] LoggerLoad - In Hooks Class : Broswername = chrome
[INFO ] 2024-10-29 21:11:13.377 [TestNG-PoolService-5] LoggerLoad - In Hooks Class : Broswername = chrome
[INFO ] 2024-10-29 21:11:13.877 [TestNG-PoolService-7] LoggerLoad - In Hooks Class : Broswername = chrome
[INFO ] 2024-10-29 21:11:14.512 [TestNG-PoolService-4] LoggerLoad - In Hooks Class : Broswername = chrome
[INFO ] 2024-10-29 21:11:14.994 [TestNG-PoolService-1] LoggerLoad - Signed In user is in array page
[INFO ] 2024-10-29 21:11:16.786 [TestNG-PoolService-9] LoggerLoad - Signed In user is in array page
[INFO ] 2024-10-29 21:11:16.818 [TestNG-PoolService-5] LoggerLoad - Signed In user is in array page
[INFO ] 2024-10-29 21:11:16.951 [TestNG-PoolService-4] LoggerLoad - Signed In user is in array page
[INFO ] 2024-10-29 21:11:17.491 [TestNG-PoolService-10] LoggerLoad - In Hooks Class : Broswername = chrome
[INFO ] 2024-10-29 21:11:17.787 [TestNG-PoolService-7] LoggerLoad - Signed In user is in array page
[INFO ] 2024-10-29 21:11:20.487 [TestNG-PoolService-10] LoggerLoad - Signed In user is in array page
[INFO ] 2024-10-29 21:11:21.705 [TestNG-PoolService-6] LoggerLoad - In Hooks Class : Broswername = chrome
[INFO ] 2024-10-29 21:11:23.617 [TestNG-PoolService-2] LoggerLoad - In Hooks Class : Broswername = chrome
[INFO ] 2024-10-29 21:11:24.145 [TestNG-PoolService-6] LoggerLoad - Signed In user is in array page
[INFO ] 2024-10-29 21:11:25.267 [TestNG-PoolService-3] LoggerLoad - In Hooks Class : Broswername = chrome
[INFO ] 2024-10-29 21:11:26.002 [TestNG-PoolService-4] LoggerLoad - Valid and Invalid code are validated
[INFO ] 2024-10-29 21:11:26.309 [TestNG-PoolService-2] LoggerLoad - Signed In user is in array page
[INFO ] 2024-10-29 21:11:27.926 [TestNG-PoolService-8] LoggerLoad - In Hooks Class : Broswername = chrome
[INFO ] 2024-10-29 21:11:28.560 [TestNG-PoolService-1] LoggerLoad - In Hooks Class : Broswername = chrome
[INFO ] 2024-10-29 21:11:29.931 [TestNG-PoolService-5] LoggerLoad - Valid and Invalid code are validated
[INFO ] 2024-10-29 21:11:29.931 [TestNG-PoolService-9] LoggerLoad - Valid and Invalid code are validated
[INFO ] 2024-10-29 21:11:29.949 [TestNG-PoolService-7] LoggerLoad - Valid and Invalid code are validated
[INFO ] 2024-10-29 21:11:30.497 [TestNG-PoolService-3] LoggerLoad - Signed In user is in array page
[INFO ] 2024-10-29 21:11:30.554 [TestNG-PoolService-10] LoggerLoad - Valid and Invalid code are validated
[INFO ] 2024-10-29 21:11:35.162 [TestNG-PoolService-7] LoggerLoad - In Hooks Class : Broswername = chrome
[INFO ] 2024-10-29 21:11:35.736 [TestNG-PoolService-5] LoggerLoad - In Hooks Class : Broswername = chrome
[INFO ] 2024-10-29 21:11:36.556 [TestNG-PoolService-6] LoggerLoad - Valid and Invalid code are validated
[INFO ] 2024-10-29 21:11:38.710 [TestNG-PoolService-8] LoggerLoad - In Hooks Class : Broswername = chrome
[INFO ] 2024-10-29 21:11:40.320 [TestNG-PoolService-4] LoggerLoad - In Hooks Class : Broswername = chrome
[INFO ] 2024-10-29 21:11:40.360 [TestNG-PoolService-10] LoggerLoad - In Hooks Class : Broswername = chrome
[INFO ] 2024-10-29 21:11:40.551 [TestNG-PoolService-9] LoggerLoad - In Hooks Class : Broswername = chrome
[INFO ] 2024-10-29 21:11:41.472 [TestNG-PoolService-1] LoggerLoad - In Hooks Class : Broswername = chrome
[INFO ] 2024-10-29 21:11:41.567 [TestNG-PoolService-3] LoggerLoad - Valid and Invalid code are validated
[INFO ] 2024-10-29 21:11:42.336 [TestNG-PoolService-2] LoggerLoad - Valid and Invalid code are validated
[INFO ] 2024-10-29 21:11:45.133 [TestNG-PoolService-2] LoggerLoad - In Hooks Class : Broswername = chrome
[INFO ] 2024-10-29 21:11:45.262 [TestNG-PoolService-6] LoggerLoad - In Hooks Class : Broswername = chrome
[INFO ] 2024-10-29 21:11:45.815 [TestNG-PoolService-1] LoggerLoad - In Hooks Class : Broswername = chrome
[INFO ] 2024-10-29 21:11:47.029 [TestNG-PoolService-6] LoggerLoad - Signed In user is in array page
[INFO ] 2024-10-29 21:11:47.567 [TestNG-PoolService-3] LoggerLoad - In Hooks Class : Broswername = chrome
[INFO ] 2024-10-29 21:11:49.040 [TestNG-PoolService-3] LoggerLoad - Signed In user is in array page
[INFO ] 2024-10-29 21:11:49.329 [TestNG-PoolService-5] LoggerLoad - In Hooks Class : Broswername = chrome
[INFO ] 2024-10-29 21:11:50.871 [TestNG-PoolService-7] LoggerLoad - In Hooks Class : Broswername = chrome
[INFO ] 2024-10-29 21:11:50.934 [TestNG-PoolService-6] LoggerLoad - In Hooks Class : Broswername = chrome
[INFO ] 2024-10-29 21:11:51.548 [TestNG-PoolService-5] LoggerLoad - Signed In user is in array page
[INFO ] 2024-10-29 21:11:52.723 [TestNG-PoolService-2] LoggerLoad - In Hooks Class : Broswername = chrome
[INFO ] 2024-10-29 21:11:53.068 [TestNG-PoolService-9] LoggerLoad - In Hooks Class : Broswername = chrome
[INFO ] 2024-10-29 21:11:54.099 [TestNG-PoolService-1] LoggerLoad - In Hooks Class : Broswername = chrome
[INFO ] 2024-10-29 21:11:54.640 [TestNG-PoolService-10] LoggerLoad - In Hooks Class : Broswername = chrome
[INFO ] 2024-10-29 21:11:54.691 [TestNG-PoolService-6] LoggerLoad - Signed In user is in array page
[INFO ] 2024-10-29 21:11:54.739 [TestNG-PoolService-7] LoggerLoad - Signed In user is in array page
[INFO ] 2024-10-29 21:11:56.437 [TestNG-PoolService-8] LoggerLoad - In Hooks Class : Broswername = chrome
[INFO ] 2024-10-29 21:11:56.441 [TestNG-PoolService-3] LoggerLoad - In Hooks Class : Broswername = chrome
[INFO ] 2024-10-29 21:11:56.627 [TestNG-PoolService-1] LoggerLoad - Signed In user is in array page
[INFO ] 2024-10-29 21:11:56.973 [TestNG-PoolService-4] LoggerLoad - In Hooks Class : Broswername = chrome
[INFO ] 2024-10-29 21:11:57.255 [TestNG-PoolService-10] LoggerLoad - Signed In user is in array page
[INFO ] 2024-10-29 21:11:57.759 [TestNG-PoolService-9] LoggerLoad - Signed In user is in array page
[INFO ] 2024-10-29 21:11:58.466 [TestNG-PoolService-2] LoggerLoad - Signed In user is in array page
[INFO ] 2024-10-29 21:11:59.004 [TestNG-PoolService-3] LoggerLoad - Signed In user is in array page
[INFO ] 2024-10-29 21:11:59.120 [TestNG-PoolService-8] LoggerLoad - Signed In user is in array page
[INFO ] 2024-10-29 21:11:59.385 [TestNG-PoolService-4] LoggerLoad - Signed In user is in array page
[INFO ] 2024-10-29 21:12:03.880 [TestNG-PoolService-5] LoggerLoad - In Hooks Class : Broswername = chrome
[INFO ] 2024-10-29 21:12:04.872 [TestNG-PoolService-6] LoggerLoad - In Hooks Class : Broswername = chrome
[INFO ] 2024-10-29 21:12:06.243 [TestNG-PoolService-7] LoggerLoad - In Hooks Class : Broswername = chrome
[INFO ] 2024-10-29 21:12:06.249 [TestNG-PoolService-9] LoggerLoad - In Hooks Class : Broswername = chrome
[INFO ] 2024-10-29 21:12:06.318 [TestNG-PoolService-1] LoggerLoad - Valid and Invalid code are validated
[INFO ] 2024-10-29 21:12:06.319 [TestNG-PoolService-10] LoggerLoad - Valid and Invalid code are validated
[INFO ] 2024-10-29 21:12:06.807 [TestNG-PoolService-5] LoggerLoad - Signed In user is in array page
[INFO ] 2024-10-29 21:12:07.734 [TestNG-PoolService-2] LoggerLoad - In Hooks Class : Broswername = chrome
[INFO ] 2024-10-29 21:12:07.979 [TestNG-PoolService-6] LoggerLoad - Signed In user is in array page
[INFO ] 2024-10-29 21:12:08.241 [TestNG-PoolService-8] LoggerLoad - Valid and Invalid code are validated
[INFO ] 2024-10-29 21:12:08.284 [TestNG-PoolService-9] LoggerLoad - Signed In user is in array page
[INFO ] 2024-10-29 21:12:08.597 [TestNG-PoolService-3] LoggerLoad - Valid and Invalid code are validated
[INFO ] 2024-10-29 21:12:08.663 [TestNG-PoolService-7] LoggerLoad - Signed In user is in array page
[INFO ] 2024-10-29 21:12:08.681 [TestNG-PoolService-4] LoggerLoad - Valid and Invalid code are validated
[INFO ] 2024-10-29 21:12:09.590 [TestNG-PoolService-2] LoggerLoad - Signed In user is in array page
[INFO ] 2024-10-29 21:12:12.509 [TestNG-PoolService-1] LoggerLoad - In Hooks Class : Broswername = chrome
[INFO ] 2024-10-29 21:12:12.882 [TestNG-PoolService-8] LoggerLoad - In Hooks Class : Broswername = chrome
[INFO ] 2024-10-29 21:12:13.358 [TestNG-PoolService-4] LoggerLoad - In Hooks Class : Broswername = chrome
[INFO ] 2024-10-29 21:12:13.426 [TestNG-PoolService-3] LoggerLoad - In Hooks Class : Broswername = chrome
[INFO ] 2024-10-29 21:12:13.494 [TestNG-PoolService-10] LoggerLoad - In Hooks Class : Broswername = chrome
[INFO ] 2024-10-29 21:12:14.934 [TestNG-PoolService-1] LoggerLoad - Signed In user is in array page
[INFO ] 2024-10-29 21:12:15.553 [TestNG-PoolService-4] LoggerLoad - Signed In user is in array page
[INFO ] 2024-10-29 21:12:15.671 [TestNG-PoolService-10] LoggerLoad - Signed In user is in array page
[INFO ] 2024-10-29 21:12:15.775 [TestNG-PoolService-8] LoggerLoad - Signed In user is in array page
[INFO ] 2024-10-29 21:12:15.803 [TestNG-PoolService-3] LoggerLoad - Signed In user is in array page
[INFO ] 2024-10-29 21:12:16.280 [TestNG-PoolService-5] LoggerLoad - Valid and Invalid code are validated
[INFO ] 2024-10-29 21:12:17.176 [TestNG-PoolService-2] LoggerLoad - In Hooks Class : Broswername = chrome
[INFO ] 2024-10-29 21:12:18.591 [TestNG-PoolService-7] LoggerLoad - In Hooks Class : Broswername = chrome
[INFO ] 2024-10-29 21:12:19.976 [TestNG-PoolService-6] LoggerLoad - Valid and Invalid code are validated
[INFO ] 2024-10-29 21:12:20.627 [TestNG-PoolService-9] LoggerLoad - Valid and Invalid code are validated
[INFO ] 2024-10-29 21:12:21.273 [TestNG-PoolService-7] LoggerLoad - Signed In user is in array page
[INFO ] 2024-10-29 21:12:21.803 [TestNG-PoolService-2] LoggerLoad - Signed In user is in array page
[INFO ] 2024-10-29 21:12:23.506 [TestNG-PoolService-5] LoggerLoad - In Hooks Class : Broswername = chrome
[INFO ] 2024-10-29 21:12:26.312 [TestNG-PoolService-4] LoggerLoad - In Hooks Class : Broswername = chrome
[INFO ] 2024-10-29 21:12:26.571 [TestNG-PoolService-5] LoggerLoad - Signed In user is in array page
[INFO ] 2024-10-29 21:12:26.775 [TestNG-PoolService-3] LoggerLoad - In Hooks Class : Broswername = chrome
[INFO ] 2024-10-29 21:12:26.881 [TestNG-PoolService-8] LoggerLoad - In Hooks Class : Broswername = chrome
[INFO ] 2024-10-29 21:12:27.353 [TestNG-PoolService-1] LoggerLoad - In Hooks Class : Broswername = chrome
[INFO ] 2024-10-29 21:12:27.906 [TestNG-PoolService-10] LoggerLoad - In Hooks Class : Broswername = chrome
[INFO ] 2024-10-29 21:12:29.438 [TestNG-PoolService-9] LoggerLoad - In Hooks Class : Broswername = chrome
[INFO ] 2024-10-29 21:12:29.711 [TestNG-PoolService-6] LoggerLoad - In Hooks Class : Broswername = chrome
[INFO ] 2024-10-29 21:12:30.298 [TestNG-PoolService-3] LoggerLoad - Signed In user is in array page
[INFO ] 2024-10-29 21:12:31.060 [TestNG-PoolService-10] LoggerLoad - Signed In user is in array page
[INFO ] 2024-10-29 21:12:31.232 [TestNG-PoolService-4] LoggerLoad - Signed In user is in array page
[INFO ] 2024-10-29 21:12:31.545 [TestNG-PoolService-8] LoggerLoad - Signed In user is in array page
[INFO ] 2024-10-29 21:12:31.649 [TestNG-PoolService-1] LoggerLoad - Signed In user is in array page
[INFO ] 2024-10-29 21:12:31.775 [TestNG-PoolService-9] LoggerLoad - Signed In user is in array page
[INFO ] 2024-10-29 21:12:31.828 [TestNG-PoolService-6] LoggerLoad - Signed In user is in array page
[INFO ] 2024-10-29 21:12:44.451 [TestNG-PoolService-2] LoggerLoad - In Hooks Class : Broswername = chrome
[INFO ] 2024-10-29 21:12:44.597 [TestNG-PoolService-7] LoggerLoad - In Hooks Class : Broswername = chrome
[INFO ] 2024-10-29 21:12:50.680 [TestNG-PoolService-7] LoggerLoad - Signed In user is in array page
[INFO ] 2024-10-29 21:12:54.340 [TestNG-PoolService-2] LoggerLoad - Signed In user is in array page
[INFO ] 2024-10-29 21:13:00.456 [TestNG-PoolService-5] LoggerLoad - In Hooks Class : Broswername = chrome
[INFO ] 2024-10-29 21:13:03.900 [TestNG-PoolService-9] LoggerLoad - Valid and Invalid code are validated
[INFO ] 2024-10-29 21:13:04.963 [TestNG-PoolService-3] LoggerLoad - In Hooks Class : Broswername = chrome
[INFO ] 2024-10-29 21:13:06.657 [TestNG-PoolService-5] LoggerLoad - Signed In user is in array page
[INFO ] 2024-10-29 21:13:06.881 [TestNG-PoolService-3] LoggerLoad - Signed In user is in array page
[INFO ] 2024-10-29 21:13:06.886 [TestNG-PoolService-8] LoggerLoad - In Hooks Class : Broswername = chrome
[INFO ] 2024-10-29 21:13:07.082 [TestNG-PoolService-1] LoggerLoad - In Hooks Class : Broswername = chrome
[INFO ] 2024-10-29 21:13:07.215 [TestNG-PoolService-6] LoggerLoad - Valid and Invalid code are validated
[INFO ] 2024-10-29 21:13:08.267 [TestNG-PoolService-10] LoggerLoad - In Hooks Class : Broswername = chrome
[INFO ] 2024-10-29 21:13:09.157 [TestNG-PoolService-1] LoggerLoad - Signed In user is in array page
[INFO ] 2024-10-29 21:13:09.177 [TestNG-PoolService-8] LoggerLoad - Signed In user is in array page
[INFO ] 2024-10-29 21:13:09.260 [TestNG-PoolService-2] LoggerLoad - Valid and Invalid code are validated
[INFO ] 2024-10-29 21:13:09.751 [TestNG-PoolService-10] LoggerLoad - Signed In user is in array page
[INFO ] 2024-10-29 21:13:11.633 [TestNG-PoolService-4] LoggerLoad - In Hooks Class : Broswername = chrome
[INFO ] 2024-10-29 21:13:11.845 [TestNG-PoolService-9] LoggerLoad - In Hooks Class : Broswername = chrome
[INFO ] 2024-10-29 21:13:11.888 [TestNG-PoolService-6] LoggerLoad - In Hooks Class : Broswername = chrome
[INFO ] 2024-10-29 21:13:14.482 [TestNG-PoolService-6] LoggerLoad - Signed In user is in array page
[INFO ] 2024-10-29 21:13:14.961 [TestNG-PoolService-7] LoggerLoad - Valid and Invalid code are validated
[INFO ] 2024-10-29 21:13:15.592 [TestNG-PoolService-9] LoggerLoad - Signed In user is in array page
[INFO ] 2024-10-29 21:13:16.209 [TestNG-PoolService-4] LoggerLoad - Signed In user is in array page
[INFO ] 2024-10-29 21:13:18.349 [TestNG-PoolService-2] LoggerLoad - In Hooks Class : Broswername = chrome
[INFO ] 2024-10-29 21:13:18.592 [TestNG-PoolService-7] LoggerLoad - In Hooks Class : Broswername = chrome
[INFO ] 2024-10-29 21:13:19.207 [TestNG-PoolService-5] LoggerLoad - Valid and Invalid code are validated
[INFO ] 2024-10-29 21:13:21.150 [TestNG-PoolService-3] LoggerLoad - Valid and Invalid code are validated
[INFO ] 2024-10-29 21:13:21.435 [TestNG-PoolService-7] LoggerLoad - Signed In user is in array page
[INFO ] 2024-10-29 21:13:21.528 [TestNG-PoolService-10] LoggerLoad - Valid and Invalid code are validated
[INFO ] 2024-10-29 21:13:21.767 [TestNG-PoolService-1] LoggerLoad - Valid and Invalid code are validated
[INFO ] 2024-10-29 21:13:22.247 [TestNG-PoolService-8] LoggerLoad - Valid and Invalid code are validated
[INFO ] 2024-10-29 21:13:22.322 [TestNG-PoolService-2] LoggerLoad - Signed In user is in array page
[INFO ] 2024-10-29 21:13:24.949 [TestNG-PoolService-8] LoggerLoad - In Hooks Class : Broswername = chrome
[INFO ] 2024-10-29 21:13:26.044 [TestNG-PoolService-3] LoggerLoad - In Hooks Class : Broswername = chrome
[INFO ] 2024-10-29 21:13:26.973 [TestNG-PoolService-10] LoggerLoad - In Hooks Class : Broswername = chrome
[INFO ] 2024-10-29 21:13:26.987 [TestNG-PoolService-5] LoggerLoad - In Hooks Class : Broswername = chrome
[INFO ] 2024-10-29 21:13:27.894 [TestNG-PoolService-1] LoggerLoad - In Hooks Class : Broswername = chrome
[INFO ] 2024-10-29 21:13:28.977 [TestNG-PoolService-4] LoggerLoad - Valid and Invalid code are validated
[INFO ] 2024-10-29 21:13:29.953 [TestNG-PoolService-6] LoggerLoad - Valid and Invalid code are validated
[INFO ] 2024-10-29 21:13:30.146 [TestNG-PoolService-8] LoggerLoad - Signed In user is in array page
[INFO ] 2024-10-29 21:13:30.617 [TestNG-PoolService-9] LoggerLoad - Valid and Invalid code are validated
[INFO ] 2024-10-29 21:13:31.913 [TestNG-PoolService-1] LoggerLoad - Signed In user is in array page
[INFO ] 2024-10-29 21:13:32.146 [TestNG-PoolService-3] LoggerLoad - Signed In user is in array page
[INFO ] 2024-10-29 21:13:32.329 [TestNG-PoolService-5] LoggerLoad - Signed In user is in array page
[INFO ] 2024-10-29 21:13:32.329 [TestNG-PoolService-10] LoggerLoad - Signed In user is in array page
[INFO ] 2024-10-29 21:13:36.405 [TestNG-PoolService-9] LoggerLoad - In Hooks Class : Broswername = chrome
[INFO ] 2024-10-29 21:13:37.129 [TestNG-PoolService-4] LoggerLoad - In Hooks Class : Broswername = chrome
[INFO ] 2024-10-29 21:13:38.127 [TestNG-PoolService-6] LoggerLoad - In Hooks Class : Broswername = chrome
[INFO ] 2024-10-29 21:13:41.400 [TestNG-PoolService-7] LoggerLoad - Valid and Invalid code are validated
[INFO ] 2024-10-29 21:13:41.481 [TestNG-PoolService-9] LoggerLoad - Signed In user is in array page
[INFO ] 2024-10-29 21:13:44.412 [TestNG-PoolService-2] LoggerLoad - Valid and Invalid code are validated
[INFO ] 2024-10-29 21:13:45.284 [TestNG-PoolService-8] LoggerLoad - Valid and Invalid code are validated
[INFO ] 2024-10-29 21:13:45.421 [TestNG-PoolService-4] LoggerLoad - Signed In user is in array page
[INFO ] 2024-10-29 21:13:45.484 [TestNG-PoolService-6] LoggerLoad - Signed In user is in array page
[INFO ] 2024-10-29 21:13:48.024 [TestNG-PoolService-3] LoggerLoad - Valid and Invalid code are validated
[INFO ] 2024-10-29 21:13:50.018 [TestNG-PoolService-8] LoggerLoad - In Hooks Class : Broswername = chrome
[INFO ] 2024-10-29 21:13:50.380 [TestNG-PoolService-2] LoggerLoad - In Hooks Class : Broswername = chrome
[INFO ] 2024-10-29 21:13:51.158 [TestNG-PoolService-1] LoggerLoad - Valid and Invalid code are validated
[INFO ] 2024-10-29 21:13:53.097 [TestNG-PoolService-7] LoggerLoad - In Hooks Class : Broswername = chrome
[INFO ] 2024-10-29 21:13:55.865 [TestNG-PoolService-8] LoggerLoad - Signed In user is in array page
[INFO ] 2024-10-29 21:13:56.598 [TestNG-PoolService-5] LoggerLoad - Valid and Invalid code are validated
[INFO ] 2024-10-29 21:13:56.620 [TestNG-PoolService-10] LoggerLoad - Valid and Invalid code are validated
[INFO ] 2024-10-29 21:13:58.414 [TestNG-PoolService-2] LoggerLoad - Signed In user is in array page
[INFO ] 2024-10-29 21:13:58.500 [TestNG-PoolService-7] LoggerLoad - Signed In user is in array page
[INFO ] 2024-10-29 21:13:59.555 [TestNG-PoolService-6] LoggerLoad - Valid and Invalid code are validated
[INFO ] 2024-10-29 21:13:59.897 [TestNG-PoolService-4] LoggerLoad - Valid and Invalid code are validated
[INFO ] 2024-10-29 21:14:01.571 [TestNG-PoolService-9] LoggerLoad - Valid and Invalid code are validated
[INFO ] 2024-10-29 21:14:02.449 [TestNG-PoolService-3] LoggerLoad - In Hooks Class : Broswername = chrome
[INFO ] 2024-10-29 21:14:04.188 [TestNG-PoolService-3] LoggerLoad - Signed In user is in array page
[INFO ] 2024-10-29 21:14:05.809 [TestNG-PoolService-8] LoggerLoad - Valid and Invalid code are validated
[INFO ] 2024-10-29 21:14:08.355 [TestNG-PoolService-7] LoggerLoad - Valid and Invalid code are validated
[INFO ] 2024-10-29 21:14:08.754 [TestNG-PoolService-2] LoggerLoad - Valid and Invalid code are validated
[INFO ] 2024-10-29 21:14:11.505 [TestNG-PoolService-3] LoggerLoad - Valid and Invalid code are validated
[INFO ] 2024-10-29 21:48:44.783 [TestNG-PoolService-4] LoggerLoad - In Hooks Class : Broswername = chrome
[INFO ] 2024-10-29 21:48:44.783 [TestNG-PoolService-2] LoggerLoad - In Hooks Class : Broswername = chrome
[INFO ] 2024-10-29 21:48:44.783 [TestNG-PoolService-1] LoggerLoad - In Hooks Class : Broswername = chrome
[INFO ] 2024-10-29 21:48:44.783 [TestNG-PoolService-3] LoggerLoad - In Hooks Class : Broswername = chrome
[INFO ] 2024-10-29 21:48:46.563 [TestNG-PoolService-2] LoggerLoad - Signed In user is in array page
[INFO ] 2024-10-29 21:48:46.568 [TestNG-PoolService-4] LoggerLoad - Signed In user is in array page
[INFO ] 2024-10-29 21:48:46.611 [TestNG-PoolService-3] LoggerLoad - Signed In user is in array page
[INFO ] 2024-10-29 21:48:46.619 [TestNG-PoolService-1] LoggerLoad - Signed In user is in array page
[INFO ] 2024-10-29 21:48:48.479 [TestNG-PoolService-1] LoggerLoad - In Hooks Class : Broswername = chrome
[INFO ] 2024-10-29 21:48:49.426 [TestNG-PoolService-1] LoggerLoad - Signed In user is in array page
[INFO ] 2024-10-29 21:48:49.513 [TestNG-PoolService-1] LoggerLoad - Page Title is : Practice Questions
[INFO ] 2024-10-29 21:48:50.291 [TestNG-PoolService-4] LoggerLoad - In Array Page Text Editor
[INFO ] 2024-10-29 21:48:50.440 [TestNG-PoolService-2] LoggerLoad - In Array Page Text Editor
[INFO ] 2024-10-29 21:48:50.552 [TestNG-PoolService-3] LoggerLoad - In Array Page Text Editor
[INFO ] 2024-10-29 21:48:50.772 [TestNG-PoolService-1] LoggerLoad - Python code
[INFO ] 2024-10-29 21:48:50.858 [TestNG-PoolService-1] LoggerLoad - Page Title is : Assessment
[INFO ] 2024-10-29 21:48:51.640 [TestNG-PoolService-1] LoggerLoad - In Hooks Class : Broswername = chrome
[INFO ] 2024-10-29 21:48:52.528 [TestNG-PoolService-1] LoggerLoad - Signed In user is in array page
[INFO ] 2024-10-29 21:48:52.634 [TestNG-PoolService-1] LoggerLoad - Page Title is : Practice Questions
[INFO ] 2024-10-29 21:48:52.818 [TestNG-PoolService-4] LoggerLoad - In Array Page Text Editor
[INFO ] 2024-10-29 21:48:52.969 [TestNG-PoolService-2] LoggerLoad - In Array Page Text Editor
[INFO ] 2024-10-29 21:48:53.166 [TestNG-PoolService-3] LoggerLoad - In Array Page Text Editor
[INFO ] 2024-10-29 21:48:55.087 [TestNG-PoolService-4] LoggerLoad - In Hooks Class : Broswername = chrome
[INFO ] 2024-10-29 21:48:55.174 [TestNG-PoolService-1] LoggerLoad - Python code
[INFO ] 2024-10-29 21:48:55.254 [TestNG-PoolService-2] LoggerLoad - In Hooks Class : Broswername = chrome
[INFO ] 2024-10-29 21:48:55.265 [TestNG-PoolService-1] LoggerLoad - Page Title is : Assessment
[INFO ] 2024-10-29 21:48:55.435 [TestNG-PoolService-3] LoggerLoad - In Hooks Class : Broswername = chrome
[INFO ] 2024-10-29 21:48:56.323 [TestNG-PoolService-4] LoggerLoad - Signed In user is in array page
[INFO ] 2024-10-29 21:48:56.451 [TestNG-PoolService-4] LoggerLoad - Page Title is : Practice Questions
[INFO ] 2024-10-29 21:48:56.611 [TestNG-PoolService-2] LoggerLoad - Signed In user is in array page
[INFO ] 2024-10-29 21:48:56.701 [TestNG-PoolService-1] LoggerLoad - In Hooks Class : Broswername = chrome
[INFO ] 2024-10-29 21:48:56.772 [TestNG-PoolService-2] LoggerLoad - Page Title is : Practice Questions
[INFO ] 2024-10-29 21:48:57.864 [TestNG-PoolService-3] LoggerLoad - In Hooks Class : Broswername = chrome
[INFO ] 2024-10-29 21:48:58.734 [TestNG-PoolService-4] LoggerLoad - Python code
[INFO ] 2024-10-29 21:48:58.837 [TestNG-PoolService-1] LoggerLoad - In Hooks Class : Broswername = chrome
[INFO ] 2024-10-29 21:48:58.848 [TestNG-PoolService-4] LoggerLoad - Page Title is : Assessment
[INFO ] 2024-10-29 21:48:59.108 [TestNG-PoolService-2] LoggerLoad - Python code
[INFO ] 2024-10-29 21:48:59.266 [TestNG-PoolService-2] LoggerLoad - Page Title is : Assessment
[INFO ] 2024-10-29 21:49:00.409 [TestNG-PoolService-4] LoggerLoad - In Hooks Class : Broswername = chrome
[INFO ] 2024-10-29 21:49:00.983 [TestNG-PoolService-3] LoggerLoad - In Hooks Class : Broswername = chrome
[INFO ] 2024-10-29 21:49:01.203 [TestNG-PoolService-2] LoggerLoad - In Hooks Class : Broswername = chrome
[INFO ] 2024-10-29 21:49:01.706 [TestNG-PoolService-1] LoggerLoad - In Hooks Class : Broswername = chrome
[INFO ] 2024-10-29 21:49:02.115 [TestNG-PoolService-3] LoggerLoad - Signed In user is in array page
[INFO ] 2024-10-29 21:49:02.533 [TestNG-PoolService-4] LoggerLoad - In Hooks Class : Broswername = chrome
[INFO ] 2024-10-29 21:49:02.583 [TestNG-PoolService-2] LoggerLoad - Signed In user is in array page
[INFO ] 2024-10-29 21:49:02.811 [TestNG-PoolService-1] LoggerLoad - Signed In user is in array page
[INFO ] 2024-10-29 21:49:03.635 [TestNG-PoolService-3] LoggerLoad - In Hooks Class : Broswername = chrome
[INFO ] 2024-10-29 21:49:03.805 [TestNG-PoolService-4] LoggerLoad - Signed In user is in array page
[INFO ] 2024-10-29 21:49:03.980 [TestNG-PoolService-2] LoggerLoad - In Hooks Class : Broswername = chrome
[INFO ] 2024-10-29 21:49:04.965 [TestNG-PoolService-3] LoggerLoad - Signed In user is in array page
[INFO ] 2024-10-29 21:49:05.180 [TestNG-PoolService-2] LoggerLoad - Signed In user is in array page
[INFO ] 2024-10-29 21:49:05.673 [TestNG-PoolService-1] LoggerLoad - In Hooks Class : Broswername = chrome
[INFO ] 2024-10-29 21:49:06.881 [TestNG-PoolService-1] LoggerLoad - Signed In user is in array page
[INFO ] 2024-10-29 21:49:07.329 [TestNG-PoolService-4] LoggerLoad - In Hooks Class : Broswername = chrome
[INFO ] 2024-10-29 21:49:08.333 [TestNG-PoolService-4] LoggerLoad - Signed In user is in array page
[INFO ] 2024-10-29 21:49:08.956 [TestNG-PoolService-1] LoggerLoad - In Hooks Class : Broswername = chrome
[INFO ] 2024-10-29 21:49:09.948 [TestNG-PoolService-1] LoggerLoad - Signed In user is in array page
[INFO ] 2024-10-29 21:49:10.867 [TestNG-PoolService-4] LoggerLoad - In Hooks Class : Broswername = chrome
[INFO ] 2024-10-29 21:49:11.529 [TestNG-PoolService-3] LoggerLoad - Valid and Invalid code are validated
[INFO ] 2024-10-29 21:49:11.786 [TestNG-PoolService-2] LoggerLoad - Valid and Invalid code are validated
[INFO ] 2024-10-29 21:49:11.934 [TestNG-PoolService-4] LoggerLoad - Signed In user is in array page
[INFO ] 2024-10-29 21:49:12.821 [TestNG-PoolService-3] LoggerLoad - In Hooks Class : Broswername = chrome
[INFO ] 2024-10-29 21:49:13.111 [TestNG-PoolService-2] LoggerLoad - In Hooks Class : Broswername = chrome
[INFO ] 2024-10-29 21:49:14.234 [TestNG-PoolService-2] LoggerLoad - Signed In user is in array page
[INFO ] 2024-10-29 21:49:14.676 [TestNG-PoolService-3] LoggerLoad - In Hooks Class : Broswername = chrome
[INFO ] 2024-10-29 21:49:15.599 [TestNG-PoolService-2] LoggerLoad - In Hooks Class : Broswername = chrome
[INFO ] 2024-10-29 21:49:15.986 [TestNG-PoolService-3] LoggerLoad - Signed In user is in array page
[INFO ] 2024-10-29 21:49:16.112 [TestNG-PoolService-1] LoggerLoad - Valid and Invalid code are validated
[INFO ] 2024-10-29 21:49:16.857 [TestNG-PoolService-2] LoggerLoad - Signed In user is in array page
[INFO ] 2024-10-29 21:49:17.675 [TestNG-PoolService-1] LoggerLoad - In Hooks Class : Broswername = chrome
[INFO ] 2024-10-29 21:49:17.753 [TestNG-PoolService-3] LoggerLoad - In Hooks Class : Broswername = chrome
[INFO ] 2024-10-29 21:49:18.418 [TestNG-PoolService-4] LoggerLoad - Valid and Invalid code are validated
[INFO ] 2024-10-29 21:49:18.789 [TestNG-PoolService-1] LoggerLoad - Signed In user is in array page
[INFO ] 2024-10-29 21:49:18.900 [TestNG-PoolService-3] LoggerLoad - Signed In user is in array page
[INFO ] 2024-10-29 21:49:20.062 [TestNG-PoolService-2] LoggerLoad - In Hooks Class : Broswername = chrome
[INFO ] 2024-10-29 21:49:20.062 [TestNG-PoolService-4] LoggerLoad - In Hooks Class : Broswername = chrome
[INFO ] 2024-10-29 21:49:21.216 [TestNG-PoolService-4] LoggerLoad - Signed In user is in array page
[INFO ] 2024-10-29 21:49:21.234 [TestNG-PoolService-2] LoggerLoad - Signed In user is in array page
[INFO ] 2024-10-29 21:49:22.379 [TestNG-PoolService-1] LoggerLoad - In Hooks Class : Broswername = chrome
[INFO ] 2024-10-29 21:49:23.401 [TestNG-PoolService-1] LoggerLoad - Signed In user is in array page
[INFO ] 2024-10-29 21:49:23.644 [TestNG-PoolService-2] LoggerLoad - In Hooks Class : Broswername = chrome
[INFO ] 2024-10-29 21:49:24.562 [TestNG-PoolService-2] LoggerLoad - Signed In user is in array page
[INFO ] 2024-10-29 21:49:25.855 [TestNG-PoolService-3] LoggerLoad - Valid and Invalid code are validated
[INFO ] 2024-10-29 21:49:25.934 [TestNG-PoolService-1] LoggerLoad - In Hooks Class : Broswername = chrome
[INFO ] 2024-10-29 21:49:26.755 [TestNG-PoolService-3] LoggerLoad - In Hooks Class : Broswername = chrome
[INFO ] 2024-10-29 21:49:27.092 [TestNG-PoolService-1] LoggerLoad - Signed In user is in array page
[INFO ] 2024-10-29 21:49:27.508 [TestNG-PoolService-4] LoggerLoad - Valid and Invalid code are validated
[INFO ] 2024-10-29 21:49:27.731 [TestNG-PoolService-3] LoggerLoad - Signed In user is in array page
[INFO ] 2024-10-29 21:49:28.711 [TestNG-PoolService-4] LoggerLoad - In Hooks Class : Broswername = chrome
[INFO ] 2024-10-29 21:49:29.747 [TestNG-PoolService-4] LoggerLoad - Signed In user is in array page
[INFO ] 2024-10-29 21:49:29.896 [TestNG-PoolService-3] LoggerLoad - In Hooks Class : Broswername = chrome
[INFO ] 2024-10-29 21:49:30.492 [TestNG-PoolService-2] LoggerLoad - Valid and Invalid code are validated
[INFO ] 2024-10-29 21:49:30.966 [TestNG-PoolService-3] LoggerLoad - Signed In user is in array page
[INFO ] 2024-10-29 21:49:32.157 [TestNG-PoolService-2] LoggerLoad - In Hooks Class : Broswername = chrome
[INFO ] 2024-10-29 21:49:33.344 [TestNG-PoolService-4] LoggerLoad - In Hooks Class : Broswername = chrome
[INFO ] 2024-10-29 21:49:33.415 [TestNG-PoolService-1] LoggerLoad - Valid and Invalid code are validated
[INFO ] 2024-10-29 21:49:33.581 [TestNG-PoolService-2] LoggerLoad - Signed In user is in array page
[INFO ] 2024-10-29 21:49:34.421 [TestNG-PoolService-1] LoggerLoad - In Hooks Class : Broswername = chrome
[INFO ] 2024-10-29 21:49:34.484 [TestNG-PoolService-4] LoggerLoad - Signed In user is in array page
[INFO ] 2024-10-29 21:49:35.494 [TestNG-PoolService-1] LoggerLoad - Signed In user is in array page
[INFO ] 2024-10-29 21:49:36.592 [TestNG-PoolService-4] LoggerLoad - In Hooks Class : Broswername = chrome
[INFO ] 2024-10-29 21:49:37.653 [TestNG-PoolService-4] LoggerLoad - Signed In user is in array page
[INFO ] 2024-10-29 21:49:38.033 [TestNG-PoolService-3] LoggerLoad - Valid and Invalid code are validated
[INFO ] 2024-10-29 21:49:38.320 [TestNG-PoolService-1] LoggerLoad - In Hooks Class : Broswername = chrome
[INFO ] 2024-10-29 21:49:39.302 [TestNG-PoolService-3] LoggerLoad - In Hooks Class : Broswername = chrome
[INFO ] 2024-10-29 21:49:39.549 [TestNG-PoolService-1] LoggerLoad - Signed In user is in array page
[INFO ] 2024-10-29 21:49:39.742 [TestNG-PoolService-2] LoggerLoad - Valid and Invalid code are validated
[INFO ] 2024-10-29 21:49:40.296 [TestNG-PoolService-3] LoggerLoad - Signed In user is in array page
[INFO ] 2024-10-29 21:49:40.974 [TestNG-PoolService-2] LoggerLoad - In Hooks Class : Broswername = chrome
[INFO ] 2024-10-29 21:49:42.074 [TestNG-PoolService-2] LoggerLoad - Signed In user is in array page
[INFO ] 2024-10-29 21:49:42.669 [TestNG-PoolService-3] LoggerLoad - In Hooks Class : Broswername = chrome
[INFO ] 2024-10-29 21:49:43.741 [TestNG-PoolService-3] LoggerLoad - Signed In user is in array page
[INFO ] 2024-10-29 21:49:44.018 [TestNG-PoolService-4] LoggerLoad - Valid and Invalid code are validated
[INFO ] 2024-10-29 21:49:44.539 [TestNG-PoolService-2] LoggerLoad - In Hooks Class : Broswername = chrome
[INFO ] 2024-10-29 21:49:45.077 [TestNG-PoolService-4] LoggerLoad - In Hooks Class : Broswername = chrome
[INFO ] 2024-10-29 21:49:45.747 [TestNG-PoolService-2] LoggerLoad - Signed In user is in array page
[INFO ] 2024-10-29 21:49:45.914 [TestNG-PoolService-1] LoggerLoad - Valid and Invalid code are validated
[INFO ] 2024-10-29 21:49:46.166 [TestNG-PoolService-4] LoggerLoad - Signed In user is in array page
[INFO ] 2024-10-29 21:49:46.964 [TestNG-PoolService-1] LoggerLoad - In Hooks Class : Broswername = chrome
[INFO ] 2024-10-29 21:49:48.111 [TestNG-PoolService-1] LoggerLoad - Signed In user is in array page
[INFO ] 2024-10-29 21:49:48.456 [TestNG-PoolService-4] LoggerLoad - In Hooks Class : Broswername = chrome
[INFO ] 2024-10-29 21:49:49.439 [TestNG-PoolService-4] LoggerLoad - Signed In user is in array page
[INFO ] 2024-10-29 21:49:49.949 [TestNG-PoolService-3] LoggerLoad - Valid and Invalid code are validated
[INFO ] 2024-10-29 21:49:50.868 [TestNG-PoolService-1] LoggerLoad - In Hooks Class : Broswername = chrome
[INFO ] 2024-10-29 21:49:51.398 [TestNG-PoolService-3] LoggerLoad - In Hooks Class : Broswername = chrome
[INFO ] 2024-10-29 21:49:51.971 [TestNG-PoolService-1] LoggerLoad - Signed In user is in array page
[INFO ] 2024-10-29 21:49:51.980 [TestNG-PoolService-2] LoggerLoad - Valid and Invalid code are validated
[INFO ] 2024-10-29 21:49:52.388 [TestNG-PoolService-3] LoggerLoad - Signed In user is in array page
[INFO ] 2024-10-29 21:49:53.033 [TestNG-PoolService-2] LoggerLoad - In Hooks Class : Broswername = chrome
[INFO ] 2024-10-29 21:49:54.212 [TestNG-PoolService-2] LoggerLoad - Signed In user is in array page
[INFO ] 2024-10-29 21:49:54.585 [TestNG-PoolService-3] LoggerLoad - In Hooks Class : Broswername = chrome
[INFO ] 2024-10-29 21:49:55.529 [TestNG-PoolService-3] LoggerLoad - Signed In user is in array page
[INFO ] 2024-10-29 21:49:55.736 [TestNG-PoolService-4] LoggerLoad - Valid and Invalid code are validated
[INFO ] 2024-10-29 21:49:57.201 [TestNG-PoolService-2] LoggerLoad - In Hooks Class : Broswername = chrome
[INFO ] 2024-10-29 21:49:57.201 [TestNG-PoolService-4] LoggerLoad - In Hooks Class : Broswername = chrome
[INFO ] 2024-10-29 21:49:58.082 [TestNG-PoolService-1] LoggerLoad - Valid and Invalid code are validated
[INFO ] 2024-10-29 21:49:58.252 [TestNG-PoolService-4] LoggerLoad - Signed In user is in array page
[INFO ] 2024-10-29 21:49:58.264 [TestNG-PoolService-2] LoggerLoad - Signed In user is in array page
[INFO ] 2024-10-29 21:49:59.299 [TestNG-PoolService-1] LoggerLoad - In Hooks Class : Broswername = chrome
[INFO ] 2024-10-29 21:50:00.059 [TestNG-PoolService-2] LoggerLoad - In Hooks Class : Broswername = chrome
[INFO ] 2024-10-29 21:50:00.412 [TestNG-PoolService-1] LoggerLoad - Signed In user is in array page
[INFO ] 2024-10-29 21:50:01.040 [TestNG-PoolService-2] LoggerLoad - Signed In user is in array page
[INFO ] 2024-10-29 21:50:01.541 [TestNG-PoolService-1] LoggerLoad - In Hooks Class : Broswername = chrome
[INFO ] 2024-10-29 21:50:02.040 [TestNG-PoolService-3] LoggerLoad - Valid and Invalid code are validated
[INFO ] 2024-10-29 21:50:02.696 [TestNG-PoolService-1] LoggerLoad - Signed In user is in array page
[INFO ] 2024-10-29 21:50:03.553 [TestNG-PoolService-3] LoggerLoad - In Hooks Class : Broswername = chrome
[INFO ] 2024-10-29 21:50:04.559 [TestNG-PoolService-4] LoggerLoad - Valid and Invalid code are validated
[INFO ] 2024-10-29 21:50:04.568 [TestNG-PoolService-2] LoggerLoad - In Hooks Class : Broswername = chrome
[INFO ] 2024-10-29 21:50:04.762 [TestNG-PoolService-3] LoggerLoad - Signed In user is in array page
[INFO ] 2024-10-29 21:50:05.966 [TestNG-PoolService-2] LoggerLoad - Signed In user is in array page
[INFO ] 2024-10-29 21:50:06.442 [TestNG-PoolService-4] LoggerLoad - In Hooks Class : Broswername = chrome
[INFO ] 2024-10-29 21:50:06.511 [TestNG-PoolService-1] LoggerLoad - In Hooks Class : Broswername = chrome
[INFO ] 2024-10-29 21:50:07.794 [TestNG-PoolService-4] LoggerLoad - Signed In user is in array page
[INFO ] 2024-10-29 21:50:07.890 [TestNG-PoolService-1] LoggerLoad - Signed In user is in array page
[INFO ] 2024-10-29 21:50:08.525 [TestNG-PoolService-3] LoggerLoad - In Hooks Class : Broswername = chrome
[INFO ] 2024-10-29 21:50:09.677 [TestNG-PoolService-2] LoggerLoad - In Hooks Class : Broswername = chrome
[INFO ] 2024-10-29 21:50:09.935 [TestNG-PoolService-3] LoggerLoad - Signed In user is in array page
[INFO ] 2024-10-29 21:50:10.806 [TestNG-PoolService-2] LoggerLoad - Signed In user is in array page
[INFO ] 2024-10-29 21:50:15.278 [TestNG-PoolService-1] LoggerLoad - Valid and Invalid code are validated
[INFO ] 2024-10-29 21:50:15.372 [TestNG-PoolService-4] LoggerLoad - Valid and Invalid code are validated
[INFO ] 2024-10-29 21:50:16.077 [TestNG-PoolService-3] LoggerLoad - Valid and Invalid code are validated
[INFO ] 2024-10-29 21:50:17.430 [TestNG-PoolService-2] LoggerLoad - Valid and Invalid code are validated
[INFO ] 2024-10-29 21:50:18.576 [TestNG-PoolService-1] LoggerLoad - In Hooks Class : Broswername = chrome
[INFO ] 2024-10-29 21:50:18.709 [TestNG-PoolService-4] LoggerLoad - In Hooks Class : Broswername = chrome
[INFO ] 2024-10-29 21:50:19.975 [TestNG-PoolService-3] LoggerLoad - In Hooks Class : Broswername = chrome
[INFO ] 2024-10-29 21:50:21.141 [TestNG-PoolService-1] LoggerLoad - Signed In user is in array page
[INFO ] 2024-10-29 21:50:21.141 [TestNG-PoolService-4] LoggerLoad - Signed In user is in array page
[INFO ] 2024-10-29 21:50:21.247 [TestNG-PoolService-2] LoggerLoad - In Hooks Class : Broswername = chrome
[INFO ] 2024-10-29 21:50:22.435 [TestNG-PoolService-3] LoggerLoad - Signed In user is in array page
[INFO ] 2024-10-29 21:50:22.781 [TestNG-PoolService-2] LoggerLoad - Signed In user is in array page
[INFO ] 2024-10-29 21:50:28.543 [TestNG-PoolService-4] LoggerLoad - Valid and Invalid code are validated
[INFO ] 2024-10-29 21:50:29.206 [TestNG-PoolService-1] LoggerLoad - Valid and Invalid code are validated
[INFO ] 2024-10-29 21:50:29.293 [TestNG-PoolService-3] LoggerLoad - Valid and Invalid code are validated
[INFO ] 2024-10-29 21:50:29.484 [TestNG-PoolService-4] LoggerLoad - In Hooks Class : Broswername = chrome
[INFO ] 2024-10-29 21:50:29.488 [TestNG-PoolService-2] LoggerLoad - Valid and Invalid code are validated
[INFO ] 2024-10-29 21:50:30.675 [TestNG-PoolService-1] LoggerLoad - In Hooks Class : Broswername = chrome
[INFO ] 2024-10-29 21:50:31.316 [TestNG-PoolService-2] LoggerLoad - In Hooks Class : Broswername = chrome
[INFO ] 2024-10-29 21:50:31.377 [TestNG-PoolService-3] LoggerLoad - In Hooks Class : Broswername = chrome
[INFO ] 2024-10-29 21:50:33.164 [TestNG-PoolService-4] LoggerLoad - In Hooks Class : Broswername = chrome
[INFO ] 2024-10-29 21:50:35.674 [TestNG-PoolService-1] LoggerLoad - In Hooks Class : Broswername = chrome
[INFO ] 2024-10-29 21:50:36.883 [TestNG-PoolService-3] LoggerLoad - In Hooks Class : Broswername = chrome
[INFO ] 2024-10-29 21:50:37.069 [TestNG-PoolService-2] LoggerLoad - In Hooks Class : Broswername = chrome
[INFO ] 2024-10-29 21:50:40.813 [TestNG-PoolService-4] LoggerLoad - In Hooks Class : Broswername = chrome
[INFO ] 2024-10-29 21:50:41.707 [TestNG-PoolService-2] LoggerLoad - In Hooks Class : Broswername = chrome
[INFO ] 2024-10-29 21:50:42.088 [TestNG-PoolService-4] LoggerLoad - In Hooks Class : Broswername = chrome
[INFO ] 2024-10-29 21:50:43.422 [TestNG-PoolService-1] LoggerLoad - In Hooks Class : Broswername = chrome
[INFO ] 2024-10-29 21:50:43.440 [TestNG-PoolService-2] LoggerLoad - In Hooks Class : Broswername = chrome
[INFO ] 2024-10-29 21:50:44.030 [TestNG-PoolService-4] LoggerLoad - In Hooks Class : Broswername = chrome
[INFO ] 2024-10-29 21:50:44.525 [TestNG-PoolService-1] LoggerLoad - Signed In user is in array page
[INFO ] 2024-10-29 21:50:44.544 [TestNG-PoolService-2] LoggerLoad - Signed In user is in array page
[INFO ] 2024-10-29 21:50:44.723 [TestNG-PoolService-3] LoggerLoad - In Hooks Class : Broswername = chrome
[INFO ] 2024-10-29 21:50:45.124 [TestNG-PoolService-4] LoggerLoad - Signed In user is in array page
[INFO ] 2024-10-29 21:50:46.150 [TestNG-PoolService-1] LoggerLoad - In Hooks Class : Broswername = chrome
[INFO ] 2024-10-29 21:50:46.212 [TestNG-PoolService-2] LoggerLoad - In Hooks Class : Broswername = chrome
[INFO ] 2024-10-29 21:50:46.259 [TestNG-PoolService-3] LoggerLoad - Signed In user is in array page
[INFO ] 2024-10-29 21:50:47.202 [TestNG-PoolService-4] LoggerLoad - In Hooks Class : Broswername = chrome
[INFO ] 2024-10-29 21:50:47.521 [TestNG-PoolService-1] LoggerLoad - Signed In user is in array page
[INFO ] 2024-10-29 21:50:47.602 [TestNG-PoolService-2] LoggerLoad - Signed In user is in array page
[INFO ] 2024-10-29 21:50:48.393 [TestNG-PoolService-4] LoggerLoad - Signed In user is in array page
[INFO ] 2024-10-29 21:50:49.827 [TestNG-PoolService-3] LoggerLoad - In Hooks Class : Broswername = chrome
[INFO ] 2024-10-29 21:50:50.972 [TestNG-PoolService-1] LoggerLoad - In Hooks Class : Broswername = chrome
[INFO ] 2024-10-29 21:50:51.079 [TestNG-PoolService-2] LoggerLoad - In Hooks Class : Broswername = chrome
[INFO ] 2024-10-29 21:50:51.332 [TestNG-PoolService-3] LoggerLoad - Signed In user is in array page
[INFO ] 2024-10-29 21:50:51.856 [TestNG-PoolService-4] LoggerLoad - In Hooks Class : Broswername = chrome
[INFO ] 2024-10-29 21:50:52.144 [TestNG-PoolService-1] LoggerLoad - Signed In user is in array page
[INFO ] 2024-10-29 21:50:52.233 [TestNG-PoolService-2] LoggerLoad - Signed In user is in array page
[INFO ] 2024-10-29 21:50:53.047 [TestNG-PoolService-4] LoggerLoad - Signed In user is in array page
[INFO ] 2024-10-29 21:50:57.427 [TestNG-PoolService-3] LoggerLoad - Valid and Invalid code are validated
[INFO ] 2024-10-29 21:50:58.094 [TestNG-PoolService-1] LoggerLoad - Valid and Invalid code are validated
[INFO ] 2024-10-29 21:50:58.217 [TestNG-PoolService-2] LoggerLoad - Valid and Invalid code are validated
[INFO ] 2024-10-29 21:50:58.234 [TestNG-PoolService-3] LoggerLoad - In Hooks Class : Broswername = chrome
[INFO ] 2024-10-29 21:50:59.132 [TestNG-PoolService-1] LoggerLoad - In Hooks Class : Broswername = chrome
[INFO ] 2024-10-29 21:50:59.220 [TestNG-PoolService-4] LoggerLoad - Valid and Invalid code are validated
[INFO ] 2024-10-29 21:50:59.331 [TestNG-PoolService-2] LoggerLoad - In Hooks Class : Broswername = chrome
[INFO ] 2024-10-29 21:50:59.511 [TestNG-PoolService-3] LoggerLoad - Signed In user is in array page
[INFO ] 2024-10-29 21:51:00.112 [TestNG-PoolService-4] LoggerLoad - In Hooks Class : Broswername = chrome
[INFO ] 2024-10-29 21:51:00.308 [TestNG-PoolService-1] LoggerLoad - Signed In user is in array page
[INFO ] 2024-10-29 21:51:00.584 [TestNG-PoolService-2] LoggerLoad - Signed In user is in array page
[INFO ] 2024-10-29 21:51:01.212 [TestNG-PoolService-4] LoggerLoad - Signed In user is in array page
[INFO ] 2024-10-29 21:51:05.711 [TestNG-PoolService-3] LoggerLoad - Valid and Invalid code are validated
[INFO ] 2024-10-29 21:51:06.461 [TestNG-PoolService-1] LoggerLoad - Valid and Invalid code are validated
[INFO ] 2024-10-29 21:51:06.462 [TestNG-PoolService-2] LoggerLoad - Valid and Invalid code are validated
[INFO ] 2024-10-29 21:51:06.469 [TestNG-PoolService-3] LoggerLoad - In Hooks Class : Broswername = chrome
[INFO ] 2024-10-29 21:51:07.325 [TestNG-PoolService-4] LoggerLoad - Valid and Invalid code are validated
[INFO ] 2024-10-29 21:51:07.834 [TestNG-PoolService-3] LoggerLoad - Signed In user is in array page
[INFO ] 2024-10-29 21:51:10.006 [TestNG-PoolService-2] LoggerLoad - In Hooks Class : Broswername = chrome
[INFO ] 2024-10-29 21:51:10.084 [TestNG-PoolService-1] LoggerLoad - In Hooks Class : Broswername = chrome
[INFO ] 2024-10-29 21:51:11.547 [TestNG-PoolService-2] LoggerLoad - Signed In user is in array page
[INFO ] 2024-10-29 21:51:11.614 [TestNG-PoolService-4] LoggerLoad - In Hooks Class : Broswername = chrome
[INFO ] 2024-10-29 21:51:11.651 [TestNG-PoolService-3] LoggerLoad - In Hooks Class : Broswername = chrome
[INFO ] 2024-10-29 21:51:11.965 [TestNG-PoolService-1] LoggerLoad - Signed In user is in array page
[INFO ] 2024-10-29 21:51:12.647 [TestNG-PoolService-4] LoggerLoad - Signed In user is in array page
[INFO ] 2024-10-29 21:51:12.647 [TestNG-PoolService-3] LoggerLoad - Signed In user is in array page
[INFO ] 2024-10-29 21:51:13.223 [TestNG-PoolService-1] LoggerLoad - In Hooks Class : Broswername = chrome
[INFO ] 2024-10-29 21:51:14.172 [TestNG-PoolService-1] LoggerLoad - Signed In user is in array page
[INFO ] 2024-10-29 21:51:15.488 [TestNG-PoolService-2] LoggerLoad - In Hooks Class : Broswername = chrome
[INFO ] 2024-10-29 21:51:16.924 [TestNG-PoolService-2] LoggerLoad - Signed In user is in array page
[INFO ] 2024-10-29 21:51:17.249 [TestNG-PoolService-3] LoggerLoad - In Hooks Class : Broswername = chrome
[INFO ] 2024-10-29 21:51:17.406 [TestNG-PoolService-4] LoggerLoad - In Hooks Class : Broswername = chrome
[INFO ] 2024-10-29 21:51:18.408 [TestNG-PoolService-3] LoggerLoad - Signed In user is in array page
[INFO ] 2024-10-29 21:51:18.423 [TestNG-PoolService-4] LoggerLoad - Signed In user is in array page
[INFO ] 2024-10-29 21:51:18.799 [TestNG-PoolService-1] LoggerLoad - In Hooks Class : Broswername = chrome
[INFO ] 2024-10-29 21:51:19.762 [TestNG-PoolService-1] LoggerLoad - Signed In user is in array page
[INFO ] 2024-10-29 21:51:20.978 [TestNG-PoolService-2] LoggerLoad - In Hooks Class : Broswername = chrome
[INFO ] 2024-10-29 21:51:22.440 [TestNG-PoolService-2] LoggerLoad - Signed In user is in array page
[INFO ] 2024-10-29 21:51:23.029 [TestNG-PoolService-4] LoggerLoad - In Hooks Class : Broswername = chrome
[INFO ] 2024-10-29 21:51:23.233 [TestNG-PoolService-3] LoggerLoad - In Hooks Class : Broswername = chrome
[INFO ] 2024-10-29 21:51:24.412 [TestNG-PoolService-1] LoggerLoad - In Hooks Class : Broswername = chrome
[INFO ] 2024-10-29 21:51:24.664 [TestNG-PoolService-3] LoggerLoad - Signed In user is in array page
[INFO ] 2024-10-29 21:51:24.665 [TestNG-PoolService-4] LoggerLoad - Signed In user is in array page
[INFO ] 2024-10-29 21:51:25.659 [TestNG-PoolService-1] LoggerLoad - Signed In user is in array page
[INFO ] 2024-10-29 21:51:26.647 [TestNG-PoolService-2] LoggerLoad - In Hooks Class : Broswername = chrome
[INFO ] 2024-10-29 21:51:27.684 [TestNG-PoolService-2] LoggerLoad - Signed In user is in array page
[INFO ] 2024-10-29 21:51:29.015 [TestNG-PoolService-3] LoggerLoad - In Hooks Class : Broswername = chrome
[INFO ] 2024-10-29 21:51:29.124 [TestNG-PoolService-4] LoggerLoad - In Hooks Class : Broswername = chrome
[INFO ] 2024-10-29 21:51:29.997 [TestNG-PoolService-1] LoggerLoad - In Hooks Class : Broswername = chrome
[INFO ] 2024-10-29 21:51:30.252 [TestNG-PoolService-3] LoggerLoad - Signed In user is in array page
[INFO ] 2024-10-29 21:51:30.359 [TestNG-PoolService-4] LoggerLoad - Signed In user is in array page
[INFO ] 2024-10-29 21:51:31.117 [TestNG-PoolService-1] LoggerLoad - Signed In user is in array page
[INFO ] 2024-10-29 21:51:31.759 [TestNG-PoolService-2] LoggerLoad - In Hooks Class : Broswername = chrome
[INFO ] 2024-10-29 21:51:32.676 [TestNG-PoolService-2] LoggerLoad - Signed In user is in array page
[INFO ] 2024-10-29 21:51:37.296 [TestNG-PoolService-3] LoggerLoad - Valid and Invalid code are validated
[INFO ] 2024-10-29 21:51:37.340 [TestNG-PoolService-4] LoggerLoad - Valid and Invalid code are validated
[INFO ] 2024-10-29 21:51:38.203 [TestNG-PoolService-3] LoggerLoad - In Hooks Class : Broswername = chrome
[INFO ] 2024-10-29 21:51:38.338 [TestNG-PoolService-1] LoggerLoad - Valid and Invalid code are validated
[INFO ] 2024-10-29 21:51:38.372 [TestNG-PoolService-4] LoggerLoad - In Hooks Class : Broswername = chrome
[INFO ] 2024-10-29 21:51:39.201 [TestNG-PoolService-1] LoggerLoad - In Hooks Class : Broswername = chrome
[INFO ] 2024-10-29 21:51:39.314 [TestNG-PoolService-3] LoggerLoad - Signed In user is in array page
[INFO ] 2024-10-29 21:51:39.489 [TestNG-PoolService-4] LoggerLoad - Signed In user is in array page
[INFO ] 2024-10-29 21:51:39.562 [TestNG-PoolService-2] LoggerLoad - Valid and Invalid code are validated
[INFO ] 2024-10-29 21:51:40.256 [TestNG-PoolService-1] LoggerLoad - Signed In user is in array page
[INFO ] 2024-10-29 21:51:40.612 [TestNG-PoolService-2] LoggerLoad - In Hooks Class : Broswername = chrome
[INFO ] 2024-10-29 21:51:41.634 [TestNG-PoolService-2] LoggerLoad - Signed In user is in array page
[INFO ] 2024-10-29 21:51:46.439 [TestNG-PoolService-3] LoggerLoad - Valid and Invalid code are validated
[INFO ] 2024-10-29 21:51:46.691 [TestNG-PoolService-4] LoggerLoad - Valid and Invalid code are validated
[INFO ] 2024-10-29 21:51:47.408 [TestNG-PoolService-3] LoggerLoad - In Hooks Class : Broswername = chrome
[INFO ] 2024-10-29 21:51:47.510 [TestNG-PoolService-1] LoggerLoad - Valid and Invalid code are validated
[INFO ] 2024-10-29 21:51:47.743 [TestNG-PoolService-4] LoggerLoad - In Hooks Class : Broswername = chrome
[INFO ] 2024-10-29 21:51:48.420 [TestNG-PoolService-1] LoggerLoad - In Hooks Class : Broswername = chrome
[INFO ] 2024-10-29 21:51:48.534 [TestNG-PoolService-3] LoggerLoad - Signed In user is in array page
[INFO ] 2024-10-29 21:51:48.621 [TestNG-PoolService-2] LoggerLoad - Valid and Invalid code are validated
[INFO ] 2024-10-29 21:51:48.750 [TestNG-PoolService-4] LoggerLoad - Signed In user is in array page
[INFO ] 2024-10-29 21:51:49.618 [TestNG-PoolService-1] LoggerLoad - Signed In user is in array page
[INFO ] 2024-10-29 21:51:49.993 [TestNG-PoolService-2] LoggerLoad - In Hooks Class : Broswername = chrome
[INFO ] 2024-10-29 21:51:50.918 [TestNG-PoolService-2] LoggerLoad - Signed In user is in array page
[INFO ] 2024-10-29 21:51:55.901 [TestNG-PoolService-3] LoggerLoad - Valid and Invalid code are validated
[INFO ] 2024-10-29 21:51:55.975 [TestNG-PoolService-4] LoggerLoad - Valid and Invalid code are validated
[INFO ] 2024-10-29 21:51:56.862 [TestNG-PoolService-1] LoggerLoad - Valid and Invalid code are validated
[INFO ] 2024-10-29 21:51:57.017 [TestNG-PoolService-3] LoggerLoad - In Hooks Class : Broswername = chrome
[INFO ] 2024-10-29 21:51:57.110 [TestNG-PoolService-4] LoggerLoad - In Hooks Class : Broswername = chrome
[INFO ] 2024-10-29 21:51:57.798 [TestNG-PoolService-1] LoggerLoad - In Hooks Class : Broswername = chrome
[INFO ] 2024-10-29 21:51:57.864 [TestNG-PoolService-2] LoggerLoad - Valid and Invalid code are validated
[INFO ] 2024-10-29 21:51:58.100 [TestNG-PoolService-3] LoggerLoad - Signed In user is in array page
[INFO ] 2024-10-29 21:51:58.155 [TestNG-PoolService-4] LoggerLoad - Signed In user is in array page
[INFO ] 2024-10-29 21:51:58.843 [TestNG-PoolService-2] LoggerLoad - In Hooks Class : Broswername = chrome
[INFO ] 2024-10-29 21:51:59.022 [TestNG-PoolService-1] LoggerLoad - Signed In user is in array page
[INFO ] 2024-10-29 21:51:59.723 [TestNG-PoolService-2] LoggerLoad - Signed In user is in array page
[INFO ] 2024-10-29 21:52:05.208 [TestNG-PoolService-3] LoggerLoad - Valid and Invalid code are validated
[INFO ] 2024-10-29 21:52:05.354 [TestNG-PoolService-4] LoggerLoad - Valid and Invalid code are validated
[INFO ] 2024-10-29 21:52:06.223 [TestNG-PoolService-1] LoggerLoad - Valid and Invalid code are validated
[INFO ] 2024-10-29 21:52:06.558 [TestNG-PoolService-2] LoggerLoad - Valid and Invalid code are validated
[INFO ] 2024-10-29 21:52:06.561 [TestNG-PoolService-4] LoggerLoad - In Hooks Class : Broswername = chrome
[INFO ] 2024-10-29 21:52:06.576 [TestNG-PoolService-3] LoggerLoad - In Hooks Class : Broswername = chrome
[INFO ] 2024-10-29 21:52:07.912 [TestNG-PoolService-4] LoggerLoad - Signed In user is in array page
[INFO ] 2024-10-29 21:52:07.965 [TestNG-PoolService-1] LoggerLoad - In Hooks Class : Broswername = chrome
[INFO ] 2024-10-29 21:52:08.071 [TestNG-PoolService-3] LoggerLoad - Signed In user is in array page
[INFO ] 2024-10-29 21:52:08.120 [TestNG-PoolService-2] LoggerLoad - In Hooks Class : Broswername = chrome
[INFO ] 2024-10-29 21:52:09.066 [TestNG-PoolService-1] LoggerLoad - Signed In user is in array page
[INFO ] 2024-10-29 21:52:09.220 [TestNG-PoolService-2] LoggerLoad - Signed In user is in array page
[INFO ] 2024-10-29 21:52:15.082 [TestNG-PoolService-4] LoggerLoad - Valid and Invalid code are validated
[INFO ] 2024-10-29 21:52:15.117 [TestNG-PoolService-3] LoggerLoad - Valid and Invalid code are validated
[INFO ] 2024-10-29 21:52:16.364 [TestNG-PoolService-2] LoggerLoad - Valid and Invalid code are validated
[INFO ] 2024-10-29 21:52:16.369 [TestNG-PoolService-1] LoggerLoad - Valid and Invalid code are validated
[INFO ] 2024-10-29 21:52:16.550 [TestNG-PoolService-4] LoggerLoad - In Hooks Class : Broswername = chrome
[INFO ] 2024-10-29 21:52:16.753 [TestNG-PoolService-3] LoggerLoad - In Hooks Class : Broswername = chrome
[INFO ] 2024-10-29 21:52:18.094 [TestNG-PoolService-1] LoggerLoad - In Hooks Class : Broswername = chrome
[INFO ] 2024-10-29 21:52:18.207 [TestNG-PoolService-2] LoggerLoad - In Hooks Class : Broswername = chrome
[INFO ] 2024-10-29 21:52:18.272 [TestNG-PoolService-3] LoggerLoad - Signed In user is in array page
[INFO ] 2024-10-29 21:52:18.275 [TestNG-PoolService-4] LoggerLoad - Signed In user is in array page
[INFO ] 2024-10-29 21:52:19.451 [TestNG-PoolService-1] LoggerLoad - Signed In user is in array page
[INFO ] 2024-10-29 21:52:20.055 [TestNG-PoolService-2] LoggerLoad - Signed In user is in array page
[INFO ] 2024-10-29 21:52:25.451 [TestNG-PoolService-3] LoggerLoad - Valid and Invalid code are validated
[INFO ] 2024-10-29 21:52:25.451 [TestNG-PoolService-4] LoggerLoad - Valid and Invalid code are validated
[INFO ] 2024-10-29 21:52:26.488 [TestNG-PoolService-1] LoggerLoad - Valid and Invalid code are validated
[INFO ] 2024-10-29 21:52:26.655 [TestNG-PoolService-3] LoggerLoad - In Hooks Class : Broswername = chrome
[INFO ] 2024-10-29 21:52:26.655 [TestNG-PoolService-4] LoggerLoad - In Hooks Class : Broswername = chrome
[INFO ] 2024-10-29 21:52:26.909 [TestNG-PoolService-2] LoggerLoad - Valid and Invalid code are validated
[INFO ] 2024-10-29 21:52:27.588 [TestNG-PoolService-3] LoggerLoad - Signed In user is in array page
[INFO ] 2024-10-29 21:52:27.629 [TestNG-PoolService-4] LoggerLoad - Signed In user is in array page
[INFO ] 2024-10-29 21:52:34.361 [TestNG-PoolService-3] LoggerLoad - Valid and Invalid code are validated
[INFO ] 2024-10-29 21:52:34.391 [TestNG-PoolService-4] LoggerLoad - Valid and Invalid code are validated
[INFO ] 2024-10-29 21:54:06.717 [TestNG-PoolService-2] LoggerLoad - In Hooks Class : Broswername = chrome
[INFO ] 2024-10-29 21:54:06.717 [TestNG-PoolService-1] LoggerLoad - In Hooks Class : Broswername = chrome
[INFO ] 2024-10-29 21:54:06.717 [TestNG-PoolService-4] LoggerLoad - In Hooks Class : Broswername = chrome
[INFO ] 2024-10-29 21:54:06.717 [TestNG-PoolService-7] LoggerLoad - In Hooks Class : Broswername = chrome
[INFO ] 2024-10-29 21:54:06.717 [TestNG-PoolService-5] LoggerLoad - In Hooks Class : Broswername = chrome
[INFO ] 2024-10-29 21:54:06.717 [TestNG-PoolService-10] LoggerLoad - In Hooks Class : Broswername = chrome
[INFO ] 2024-10-29 21:54:06.717 [TestNG-PoolService-8] LoggerLoad - In Hooks Class : Broswername = chrome
[INFO ] 2024-10-29 21:54:06.717 [TestNG-PoolService-6] LoggerLoad - In Hooks Class : Broswername = chrome
[INFO ] 2024-10-29 21:54:06.717 [TestNG-PoolService-3] LoggerLoad - In Hooks Class : Broswername = chrome
[INFO ] 2024-10-29 21:54:06.717 [TestNG-PoolService-9] LoggerLoad - In Hooks Class : Broswername = chrome
[INFO ] 2024-10-29 21:54:10.571 [TestNG-PoolService-2] LoggerLoad - Signed In user is in array page
[INFO ] 2024-10-29 21:54:10.586 [TestNG-PoolService-9] LoggerLoad - Signed In user is in array page
[INFO ] 2024-10-29 21:54:10.973 [TestNG-PoolService-8] LoggerLoad - Signed In user is in array page
[INFO ] 2024-10-29 21:54:11.032 [TestNG-PoolService-4] LoggerLoad - Signed In user is in array page
[INFO ] 2024-10-29 21:54:11.145 [TestNG-PoolService-6] LoggerLoad - Signed In user is in array page
[INFO ] 2024-10-29 21:54:11.156 [TestNG-PoolService-9] LoggerLoad - Page Title is : Practice Questions
[INFO ] 2024-10-29 21:54:11.235 [TestNG-PoolService-5] LoggerLoad - Signed In user is in array page
[INFO ] 2024-10-29 21:54:11.236 [TestNG-PoolService-7] LoggerLoad - Signed In user is in array page
[INFO ] 2024-10-29 21:54:11.247 [TestNG-PoolService-3] LoggerLoad - Signed In user is in array page
[INFO ] 2024-10-29 21:54:11.396 [TestNG-PoolService-8] LoggerLoad - Page Title is : Practice Questions
[INFO ] 2024-10-29 21:54:11.618 [TestNG-PoolService-6] LoggerLoad - Page Title is : Practice Questions
[INFO ] 2024-10-29 21:54:11.640 [TestNG-PoolService-7] LoggerLoad - Page Title is : Practice Questions
[INFO ] 2024-10-29 21:54:14.262 [TestNG-PoolService-10] LoggerLoad - In Hooks Class : Broswername = chrome
[INFO ] 2024-10-29 21:54:17.227 [TestNG-PoolService-2] LoggerLoad - In Array Page Text Editor
[INFO ] 2024-10-29 21:54:17.300 [TestNG-PoolService-8] LoggerLoad - Python code
[INFO ] 2024-10-29 21:54:17.367 [TestNG-PoolService-1] LoggerLoad - In Hooks Class : Broswername = chrome
[INFO ] 2024-10-29 21:54:17.434 [TestNG-PoolService-9] LoggerLoad - Python code
[INFO ] 2024-10-29 21:54:17.639 [TestNG-PoolService-8] LoggerLoad - Page Title is : Assessment
[INFO ] 2024-10-29 21:54:17.692 [TestNG-PoolService-9] LoggerLoad - Page Title is : Assessment
[INFO ] 2024-10-29 21:54:20.129 [TestNG-PoolService-3] LoggerLoad - In Array Page Text Editor
[INFO ] 2024-10-29 21:54:20.433 [TestNG-PoolService-2] LoggerLoad - In Array Page Text Editor
[INFO ] 2024-10-29 21:54:20.618 [TestNG-PoolService-5] LoggerLoad - In Array Page Text Editor
[INFO ] 2024-10-29 21:54:20.811 [TestNG-PoolService-4] LoggerLoad - In Array Page Text Editor
[INFO ] 2024-10-29 21:54:21.078 [TestNG-PoolService-6] LoggerLoad - Python code
[INFO ] 2024-10-29 21:54:22.059 [TestNG-PoolService-7] LoggerLoad - Python code
[INFO ] 2024-10-29 21:54:22.105 [TestNG-PoolService-6] LoggerLoad - Page Title is : Assessment
[INFO ] 2024-10-29 21:54:22.513 [TestNG-PoolService-7] LoggerLoad - Page Title is : Assessment
[INFO ] 2024-10-29 21:54:25.513 [TestNG-PoolService-1] LoggerLoad - In Hooks Class : Broswername = chrome
[INFO ] 2024-10-29 21:54:25.596 [TestNG-PoolService-5] LoggerLoad - In Array Page Text Editor
[INFO ] 2024-10-29 21:54:25.691 [TestNG-PoolService-3] LoggerLoad - In Array Page Text Editor
[INFO ] 2024-10-29 21:54:28.791 [TestNG-PoolService-10] LoggerLoad - In Hooks Class : Broswername = chrome
[INFO ] 2024-10-29 21:54:29.776 [TestNG-PoolService-2] LoggerLoad - In Hooks Class : Broswername = chrome
[INFO ] 2024-10-29 21:54:31.316 [TestNG-PoolService-9] LoggerLoad - In Hooks Class : Broswername = chrome
[INFO ] 2024-10-29 21:54:31.620 [TestNG-PoolService-10] LoggerLoad - Signed In user is in array page
[INFO ] 2024-10-29 21:54:32.308 [TestNG-PoolService-8] LoggerLoad - In Hooks Class : Broswername = chrome
[INFO ] 2024-10-29 21:54:32.547 [TestNG-PoolService-4] LoggerLoad - In Hooks Class : Broswername = chrome
[INFO ] 2024-10-29 21:54:33.162 [TestNG-PoolService-6] LoggerLoad - In Hooks Class : Broswername = chrome
[INFO ] 2024-10-29 21:54:33.244 [TestNG-PoolService-1] LoggerLoad - In Hooks Class : Broswername = chrome
[INFO ] 2024-10-29 21:54:33.859 [TestNG-PoolService-7] LoggerLoad - In Hooks Class : Broswername = chrome
[INFO ] 2024-10-29 21:54:34.795 [TestNG-PoolService-5] LoggerLoad - In Hooks Class : Broswername = chrome
[INFO ] 2024-10-29 21:54:36.302 [TestNG-PoolService-4] LoggerLoad - Signed In user is in array page
[INFO ] 2024-10-29 21:54:36.984 [TestNG-PoolService-7] LoggerLoad - Signed In user is in array page
[INFO ] 2024-10-29 21:54:37.000 [TestNG-PoolService-1] LoggerLoad - Signed In user is in array page
[INFO ] 2024-10-29 21:54:37.055 [TestNG-PoolService-9] LoggerLoad - Signed In user is in array page
[INFO ] 2024-10-29 21:54:47.087 [TestNG-PoolService-8] LoggerLoad - Signed In user is in array page
[INFO ] 2024-10-29 21:54:47.087 [TestNG-PoolService-6] LoggerLoad - Signed In user is in array page
[INFO ] 2024-10-29 21:54:47.302 [TestNG-PoolService-3] LoggerLoad - In Hooks Class : Broswername = chrome
[INFO ] 2024-10-29 21:54:47.944 [TestNG-PoolService-2] LoggerLoad - Signed In user is in array page
[INFO ] 2024-10-29 21:54:48.057 [TestNG-PoolService-5] LoggerLoad - Signed In user is in array page
[INFO ] 2024-10-29 21:54:51.806 [TestNG-PoolService-3] LoggerLoad - Signed In user is in array page
[INFO ] 2024-10-29 21:54:53.740 [TestNG-PoolService-10] LoggerLoad - In Hooks Class : Broswername = chrome
[INFO ] 2024-10-29 21:55:04.219 [TestNG-PoolService-5] LoggerLoad - Valid and Invalid code are validated
[INFO ] 2024-10-29 21:55:04.229 [TestNG-PoolService-7] LoggerLoad - Valid and Invalid code are validated
[INFO ] 2024-10-29 21:55:05.321 [TestNG-PoolService-2] LoggerLoad - In Hooks Class : Broswername = chrome
[INFO ] 2024-10-29 21:55:06.747 [TestNG-PoolService-10] LoggerLoad - In Hooks Class : Broswername = chrome
[INFO ] 2024-10-29 21:55:06.958 [TestNG-PoolService-4] LoggerLoad - In Hooks Class : Broswername = chrome
[INFO ] 2024-10-29 21:55:08.908 [TestNG-PoolService-9] LoggerLoad - In Hooks Class : Broswername = chrome
[INFO ] 2024-10-29 21:55:09.192 [TestNG-PoolService-6] LoggerLoad - Valid and Invalid code are validated
[INFO ] 2024-10-29 21:55:09.392 [TestNG-PoolService-1] LoggerLoad - In Hooks Class : Broswername = chrome
[INFO ] 2024-10-29 21:55:09.457 [TestNG-PoolService-8] LoggerLoad - In Hooks Class : Broswername = chrome
[INFO ] 2024-10-29 21:55:10.877 [TestNG-PoolService-5] LoggerLoad - In Hooks Class : Broswername = chrome
[INFO ] 2024-10-29 21:55:10.965 [TestNG-PoolService-3] LoggerLoad - Valid and Invalid code are validated
[INFO ] 2024-10-29 21:55:11.696 [TestNG-PoolService-4] LoggerLoad - Signed In user is in array page
[INFO ] 2024-10-29 21:55:11.698 [TestNG-PoolService-10] LoggerLoad - Signed In user is in array page
[INFO ] 2024-10-29 21:55:11.749 [TestNG-PoolService-2] LoggerLoad - Signed In user is in array page
[INFO ] 2024-10-29 21:55:11.867 [TestNG-PoolService-9] LoggerLoad - Signed In user is in array page
[INFO ] 2024-10-29 21:55:12.238 [TestNG-PoolService-1] LoggerLoad - Signed In user is in array page
[INFO ] 2024-10-29 21:55:12.484 [TestNG-PoolService-8] LoggerLoad - Signed In user is in array page
[INFO ] 2024-10-29 21:55:13.685 [TestNG-PoolService-5] LoggerLoad - Signed In user is in array page
[INFO ] 2024-10-29 21:55:14.552 [TestNG-PoolService-7] LoggerLoad - In Hooks Class : Broswername = chrome
[INFO ] 2024-10-29 21:55:17.501 [TestNG-PoolService-4] LoggerLoad - In Hooks Class : Broswername = chrome
[INFO ] 2024-10-29 21:55:17.531 [TestNG-PoolService-3] LoggerLoad - In Hooks Class : Broswername = chrome
[INFO ] 2024-10-29 21:55:17.571 [TestNG-PoolService-2] LoggerLoad - In Hooks Class : Broswername = chrome
[INFO ] 2024-10-29 21:55:18.016 [TestNG-PoolService-6] LoggerLoad - In Hooks Class : Broswername = chrome
[INFO ] 2024-10-29 21:55:20.312 [TestNG-PoolService-2] LoggerLoad - Signed In user is in array page
[INFO ] 2024-10-29 21:55:20.511 [TestNG-PoolService-7] LoggerLoad - Signed In user is in array page
[INFO ] 2024-10-29 21:55:20.680 [TestNG-PoolService-4] LoggerLoad - Signed In user is in array page
[INFO ] 2024-10-29 21:55:21.147 [TestNG-PoolService-3] LoggerLoad - Signed In user is in array page
[INFO ] 2024-10-29 21:55:21.445 [TestNG-PoolService-6] LoggerLoad - Signed In user is in array page
[INFO ] 2024-10-29 21:55:23.673 [TestNG-PoolService-10] LoggerLoad - In Hooks Class : Broswername = chrome
[INFO ] 2024-10-29 21:55:24.970 [TestNG-PoolService-5] LoggerLoad - In Hooks Class : Broswername = chrome
[INFO ] 2024-10-29 21:55:26.581 [TestNG-PoolService-8] LoggerLoad - Valid and Invalid code are validated
[INFO ] 2024-10-29 21:55:26.903 [TestNG-PoolService-1] LoggerLoad - Valid and Invalid code are validated
[INFO ] 2024-10-29 21:55:27.077 [TestNG-PoolService-9] LoggerLoad - In Hooks Class : Broswername = chrome
[INFO ] 2024-10-29 21:55:27.357 [TestNG-PoolService-10] LoggerLoad - Signed In user is in array page
[INFO ] 2024-10-29 21:55:28.178 [TestNG-PoolService-5] LoggerLoad - Signed In user is in array page
[INFO ] 2024-10-29 21:55:28.878 [TestNG-PoolService-9] LoggerLoad - Signed In user is in array page
[INFO ] 2024-10-29 21:55:32.947 [TestNG-PoolService-4] LoggerLoad - In Hooks Class : Broswername = chrome
[INFO ] 2024-10-29 21:55:33.043 [TestNG-PoolService-2] LoggerLoad - In Hooks Class : Broswername = chrome
[INFO ] 2024-10-29 21:55:33.050 [TestNG-PoolService-1] LoggerLoad - In Hooks Class : Broswername = chrome
[INFO ] 2024-10-29 21:55:33.266 [TestNG-PoolService-7] LoggerLoad - In Hooks Class : Broswername = chrome
[INFO ] 2024-10-29 21:55:33.406 [TestNG-PoolService-8] LoggerLoad - In Hooks Class : Broswername = chrome
[INFO ] 2024-10-29 21:55:35.623 [TestNG-PoolService-6] LoggerLoad - Valid and Invalid code are validated
[INFO ] 2024-10-29 21:55:35.860 [TestNG-PoolService-3] LoggerLoad - Valid and Invalid code are validated
[INFO ] 2024-10-29 21:55:36.563 [TestNG-PoolService-4] LoggerLoad - Signed In user is in array page
[INFO ] 2024-10-29 21:55:36.601 [TestNG-PoolService-10] LoggerLoad - Valid and Invalid code are validated
[INFO ] 2024-10-29 21:55:36.984 [TestNG-PoolService-7] LoggerLoad - Signed In user is in array page
[INFO ] 2024-10-29 21:55:37.255 [TestNG-PoolService-8] LoggerLoad - Signed In user is in array page
[INFO ] 2024-10-29 21:55:37.352 [TestNG-PoolService-1] LoggerLoad - Signed In user is in array page
[INFO ] 2024-10-29 21:55:37.640 [TestNG-PoolService-2] LoggerLoad - Signed In user is in array page
[INFO ] 2024-10-29 21:55:42.302 [TestNG-PoolService-3] LoggerLoad - In Hooks Class : Broswername = chrome
[INFO ] 2024-10-29 21:55:42.675 [TestNG-PoolService-10] LoggerLoad - In Hooks Class : Broswername = chrome
[INFO ] 2024-10-29 21:55:43.346 [TestNG-PoolService-5] LoggerLoad - In Hooks Class : Broswername = chrome
[INFO ] 2024-10-29 21:55:43.815 [TestNG-PoolService-9] LoggerLoad - Valid and Invalid code are validated
[INFO ] 2024-10-29 21:55:43.856 [TestNG-PoolService-6] LoggerLoad - In Hooks Class : Broswername = chrome
[INFO ] 2024-10-29 21:55:45.222 [TestNG-PoolService-3] LoggerLoad - Signed In user is in array page
[INFO ] 2024-10-29 21:55:45.300 [TestNG-PoolService-10] LoggerLoad - Signed In user is in array page
[INFO ] 2024-10-29 21:55:45.357 [TestNG-PoolService-5] LoggerLoad - Signed In user is in array page
[INFO ] 2024-10-29 21:55:45.700 [TestNG-PoolService-6] LoggerLoad - Signed In user is in array page
[INFO ] 2024-10-29 21:55:48.835 [TestNG-PoolService-7] LoggerLoad - In Hooks Class : Broswername = chrome
[INFO ] 2024-10-29 21:55:48.835 [TestNG-PoolService-9] LoggerLoad - In Hooks Class : Broswername = chrome
[INFO ] 2024-10-29 21:55:49.323 [TestNG-PoolService-8] LoggerLoad - In Hooks Class : Broswername = chrome
[INFO ] 2024-10-29 21:55:50.067 [TestNG-PoolService-4] LoggerLoad - In Hooks Class : Broswername = chrome
[INFO ] 2024-10-29 21:55:51.849 [TestNG-PoolService-2] LoggerLoad - Valid and Invalid code are validated
[INFO ] 2024-10-29 21:55:51.907 [TestNG-PoolService-1] LoggerLoad - Valid and Invalid code are validated
[INFO ] 2024-10-29 21:55:53.001 [TestNG-PoolService-8] LoggerLoad - Signed In user is in array page
[INFO ] 2024-10-29 21:55:53.287 [TestNG-PoolService-7] LoggerLoad - Signed In user is in array page
[INFO ] 2024-10-29 21:55:53.932 [TestNG-PoolService-4] LoggerLoad - Signed In user is in array page
[INFO ] 2024-10-29 21:55:53.968 [TestNG-PoolService-9] LoggerLoad - Signed In user is in array page
[INFO ] 2024-10-29 21:55:57.777 [TestNG-PoolService-6] LoggerLoad - In Hooks Class : Broswername = chrome
[INFO ] 2024-10-29 21:55:57.804 [TestNG-PoolService-10] LoggerLoad - In Hooks Class : Broswername = chrome
[INFO ] 2024-10-29 21:55:57.853 [TestNG-PoolService-1] LoggerLoad - In Hooks Class : Broswername = chrome
[INFO ] 2024-10-29 21:55:59.683 [TestNG-PoolService-2] LoggerLoad - In Hooks Class : Broswername = chrome
[INFO ] 2024-10-29 21:55:59.957 [TestNG-PoolService-5] LoggerLoad - Valid and Invalid code are validated
[INFO ] 2024-10-29 21:56:00.250 [TestNG-PoolService-3] LoggerLoad - Valid and Invalid code are validated
[INFO ] 2024-10-29 21:56:00.862 [TestNG-PoolService-1] LoggerLoad - Signed In user is in array page
[INFO ] 2024-10-29 21:56:01.010 [TestNG-PoolService-10] LoggerLoad - Signed In user is in array page
[INFO ] 2024-10-29 21:56:01.606 [TestNG-PoolService-6] LoggerLoad - Signed In user is in array page
[INFO ] 2024-10-29 21:56:02.280 [TestNG-PoolService-2] LoggerLoad - Signed In user is in array page
[INFO ] 2024-10-29 21:56:06.042 [TestNG-PoolService-8] LoggerLoad - In Hooks Class : Broswername = chrome
[INFO ] 2024-10-29 21:56:06.160 [TestNG-PoolService-3] LoggerLoad - In Hooks Class : Broswername = chrome
[INFO ] 2024-10-29 21:56:06.779 [TestNG-PoolService-5] LoggerLoad - In Hooks Class : Broswername = chrome
[INFO ] 2024-10-29 21:56:07.071 [TestNG-PoolService-7] LoggerLoad - In Hooks Class : Broswername = chrome
[INFO ] 2024-10-29 21:56:07.454 [TestNG-PoolService-10] LoggerLoad - In Hooks Class : Broswername = chrome
[INFO ] 2024-10-29 21:56:08.240 [TestNG-PoolService-4] LoggerLoad - Valid and Invalid code are validated
[INFO ] 2024-10-29 21:56:08.724 [TestNG-PoolService-9] LoggerLoad - Valid and Invalid code are validated
[INFO ] 2024-10-29 21:56:09.774 [TestNG-PoolService-2] LoggerLoad - In Hooks Class : Broswername = chrome
[INFO ] 2024-10-29 21:56:10.860 [TestNG-PoolService-8] LoggerLoad - Signed In user is in array page
[INFO ] 2024-10-29 21:56:10.869 [TestNG-PoolService-3] LoggerLoad - Signed In user is in array page
[INFO ] 2024-10-29 21:56:10.881 [TestNG-PoolService-5] LoggerLoad - Signed In user is in array page
[INFO ] 2024-10-29 21:56:10.948 [TestNG-PoolService-7] LoggerLoad - Signed In user is in array page
[INFO ] 2024-10-29 21:56:11.112 [TestNG-PoolService-10] LoggerLoad - Signed In user is in array page
[INFO ] 2024-10-29 21:56:11.524 [TestNG-PoolService-2] LoggerLoad - Signed In user is in array page
[INFO ] 2024-10-29 21:56:11.903 [TestNG-PoolService-1] LoggerLoad - Valid and Invalid code are validated
[INFO ] 2024-10-29 21:56:12.871 [TestNG-PoolService-4] LoggerLoad - In Hooks Class : Broswername = chrome
[INFO ] 2024-10-29 21:56:13.282 [TestNG-PoolService-6] LoggerLoad - Valid and Invalid code are validated
[INFO ] 2024-10-29 21:56:14.472 [TestNG-PoolService-9] LoggerLoad - In Hooks Class : Broswername = chrome
[INFO ] 2024-10-29 21:56:16.714 [TestNG-PoolService-9] LoggerLoad - Signed In user is in array page
[INFO ] 2024-10-29 21:56:18.188 [TestNG-PoolService-4] LoggerLoad - Signed In user is in array page
[INFO ] 2024-10-29 21:56:22.663 [TestNG-PoolService-7] LoggerLoad - In Hooks Class : Broswername = chrome
[INFO ] 2024-10-29 21:56:22.796 [TestNG-PoolService-3] LoggerLoad - In Hooks Class : Broswername = chrome
[INFO ] 2024-10-29 21:56:22.980 [TestNG-PoolService-6] LoggerLoad - In Hooks Class : Broswername = chrome
[INFO ] 2024-10-29 21:56:23.181 [TestNG-PoolService-1] LoggerLoad - In Hooks Class : Broswername = chrome
[INFO ] 2024-10-29 21:56:23.245 [TestNG-PoolService-5] LoggerLoad - In Hooks Class : Broswername = chrome
[INFO ] 2024-10-29 21:56:23.825 [TestNG-PoolService-2] LoggerLoad - Valid and Invalid code are validated
[INFO ] 2024-10-29 21:56:25.484 [TestNG-PoolService-8] LoggerLoad - In Hooks Class : Broswername = chrome
[INFO ] 2024-10-29 21:56:26.257 [TestNG-PoolService-9] LoggerLoad - Valid and Invalid code are validated
[INFO ] 2024-10-29 21:56:26.519 [TestNG-PoolService-10] LoggerLoad - Valid and Invalid code are validated
[INFO ] 2024-10-29 21:56:26.774 [TestNG-PoolService-5] LoggerLoad - Signed In user is in array page
[INFO ] 2024-10-29 21:56:27.146 [TestNG-PoolService-3] LoggerLoad - Signed In user is in array page
[INFO ] 2024-10-29 21:56:27.196 [TestNG-PoolService-4] LoggerLoad - Valid and Invalid code are validated
[INFO ] 2024-10-29 21:56:27.430 [TestNG-PoolService-6] LoggerLoad - Signed In user is in array page
[INFO ] 2024-10-29 21:56:27.807 [TestNG-PoolService-1] LoggerLoad - Signed In user is in array page
[INFO ] 2024-10-29 21:56:31.030 [TestNG-PoolService-10] LoggerLoad - In Hooks Class : Broswername = chrome
[INFO ] 2024-10-29 21:56:31.042 [TestNG-PoolService-7] LoggerLoad - In Hooks Class : Broswername = chrome
[INFO ] 2024-10-29 21:56:31.082 [TestNG-PoolService-2] LoggerLoad - In Hooks Class : Broswername = chrome
[INFO ] 2024-10-29 21:56:35.393 [TestNG-PoolService-4] LoggerLoad - In Hooks Class : Broswername = chrome
[INFO ] 2024-10-29 21:56:35.426 [TestNG-PoolService-9] LoggerLoad - In Hooks Class : Broswername = chrome
[INFO ] 2024-10-29 21:56:35.626 [TestNG-PoolService-3] LoggerLoad - Valid and Invalid code are validated
[INFO ] 2024-10-29 21:56:35.768 [TestNG-PoolService-6] LoggerLoad - Valid and Invalid code are validated
[INFO ] 2024-10-29 21:56:36.347 [TestNG-PoolService-5] LoggerLoad - Valid and Invalid code are validated
[INFO ] 2024-10-29 21:56:36.400 [TestNG-PoolService-8] LoggerLoad - In Hooks Class : Broswername = chrome
[INFO ] 2024-10-29 21:56:36.836 [TestNG-PoolService-1] LoggerLoad - Valid and Invalid code are validated
[INFO ] 2024-10-29 21:56:39.601 [TestNG-PoolService-1] LoggerLoad - In Hooks Class : Broswername = chrome
[INFO ] 2024-10-29 21:56:39.705 [TestNG-PoolService-3] LoggerLoad - In Hooks Class : Broswername = chrome
[INFO ] 2024-10-29 21:56:40.557 [TestNG-PoolService-5] LoggerLoad - In Hooks Class : Broswername = chrome
[INFO ] 2024-10-29 21:56:40.664 [TestNG-PoolService-6] LoggerLoad - In Hooks Class : Broswername = chrome
[INFO ] 2024-10-29 21:56:42.353 [TestNG-PoolService-5] LoggerLoad - Signed In user is in array page
[INFO ] 2024-10-29 21:56:45.239 [TestNG-PoolService-7] LoggerLoad - In Hooks Class : Broswername = chrome
[INFO ] 2024-10-29 21:56:45.411 [TestNG-PoolService-2] LoggerLoad - In Hooks Class : Broswername = chrome
[INFO ] 2024-10-29 21:56:45.595 [TestNG-PoolService-3] LoggerLoad - In Hooks Class : Broswername = chrome
[INFO ] 2024-10-29 21:56:45.881 [TestNG-PoolService-10] LoggerLoad - In Hooks Class : Broswername = chrome
[INFO ] 2024-10-29 21:56:46.156 [TestNG-PoolService-1] LoggerLoad - In Hooks Class : Broswername = chrome
[INFO ] 2024-10-29 21:56:46.509 [TestNG-PoolService-6] LoggerLoad - In Hooks Class : Broswername = chrome
[INFO ] 2024-10-29 21:56:48.311 [TestNG-PoolService-1] LoggerLoad - Signed In user is in array page
[INFO ] 2024-10-29 21:56:48.829 [TestNG-PoolService-7] LoggerLoad - Signed In user is in array page
[INFO ] 2024-10-29 21:56:48.921 [TestNG-PoolService-3] LoggerLoad - Signed In user is in array page
[INFO ] 2024-10-29 21:56:49.322 [TestNG-PoolService-2] LoggerLoad - Signed In user is in array page
[INFO ] 2024-10-29 21:56:49.523 [TestNG-PoolService-6] LoggerLoad - Signed In user is in array page
[INFO ] 2024-10-29 21:56:49.743 [TestNG-PoolService-10] LoggerLoad - Signed In user is in array page
[INFO ] 2024-10-29 21:56:51.569 [TestNG-PoolService-9] LoggerLoad - In Hooks Class : Broswername = chrome
[INFO ] 2024-10-29 21:56:52.929 [TestNG-PoolService-5] LoggerLoad - In Hooks Class : Broswername = chrome
[INFO ] 2024-10-29 21:56:53.673 [TestNG-PoolService-9] LoggerLoad - Signed In user is in array page
[INFO ] 2024-10-29 21:56:53.939 [TestNG-PoolService-7] LoggerLoad - In Hooks Class : Broswername = chrome
[INFO ] 2024-10-29 21:56:54.832 [TestNG-PoolService-5] LoggerLoad - Signed In user is in array page
[INFO ] 2024-10-29 21:56:55.349 [TestNG-PoolService-2] LoggerLoad - In Hooks Class : Broswername = chrome
[INFO ] 2024-10-29 21:56:56.535 [TestNG-PoolService-4] LoggerLoad - In Hooks Class : Broswername = chrome
[INFO ] 2024-10-29 21:56:56.551 [TestNG-PoolService-8] LoggerLoad - In Hooks Class : Broswername = chrome
[INFO ] 2024-10-29 21:56:58.040 [TestNG-PoolService-7] LoggerLoad - Signed In user is in array page
[INFO ] 2024-10-29 21:57:18.721 [TestNG-PoolService-3] LoggerLoad - In Hooks Class : Broswername = chrome
[INFO ] 2024-10-29 21:57:18.721 [TestNG-PoolService-2] LoggerLoad - Signed In user is in array page
[INFO ] 2024-10-29 21:57:18.774 [TestNG-PoolService-6] LoggerLoad - In Hooks Class : Broswername = chrome
[INFO ] 2024-10-29 21:57:19.393 [TestNG-PoolService-10] LoggerLoad - In Hooks Class : Broswername = chrome
[INFO ] 2024-10-29 21:57:19.514 [TestNG-PoolService-9] LoggerLoad - Valid and Invalid code are validated
[INFO ] 2024-10-29 21:57:19.847 [TestNG-PoolService-4] LoggerLoad - Signed In user is in array page
[INFO ] 2024-10-29 21:57:22.078 [TestNG-PoolService-1] LoggerLoad - In Hooks Class : Broswername = chrome
[INFO ] 2024-10-29 21:57:22.576 [TestNG-PoolService-8] LoggerLoad - Signed In user is in array page
[INFO ] 2024-10-29 21:57:24.025 [TestNG-PoolService-1] LoggerLoad - Signed In user is in array page
[INFO ] 2024-10-29 21:57:24.035 [TestNG-PoolService-3] LoggerLoad - Signed In user is in array page
[INFO ] 2024-10-29 21:57:24.044 [TestNG-PoolService-6] LoggerLoad - Signed In user is in array page
[INFO ] 2024-10-29 21:57:24.588 [TestNG-PoolService-10] LoggerLoad - Signed In user is in array page
[INFO ] 2024-10-29 21:57:30.623 [TestNG-PoolService-5] LoggerLoad - Valid and Invalid code are validated
[INFO ] 2024-10-29 21:57:34.305 [TestNG-PoolService-7] LoggerLoad - Valid and Invalid code are validated
[INFO ] 2024-10-29 21:57:38.896 [TestNG-PoolService-9] LoggerLoad - In Hooks Class : Broswername = chrome
[INFO ] 2024-10-29 21:57:38.995 [TestNG-PoolService-1] LoggerLoad - In Hooks Class : Broswername = chrome
[INFO ] 2024-10-29 21:57:39.532 [TestNG-PoolService-4] LoggerLoad - Valid and Invalid code are validated
[INFO ] 2024-10-29 21:57:39.778 [TestNG-PoolService-2] LoggerLoad - Valid and Invalid code are validated
[INFO ] 2024-10-29 21:57:40.117 [TestNG-PoolService-10] LoggerLoad - Valid and Invalid code are validated
[INFO ] 2024-10-29 21:57:40.971 [TestNG-PoolService-6] LoggerLoad - In Hooks Class : Broswername = chrome
[INFO ] 2024-10-29 21:57:41.216 [TestNG-PoolService-1] LoggerLoad - Signed In user is in array page
[INFO ] 2024-10-29 21:57:41.591 [TestNG-PoolService-9] LoggerLoad - Signed In user is in array page
[INFO ] 2024-10-29 21:57:41.846 [TestNG-PoolService-8] LoggerLoad - Valid and Invalid code are validated
[INFO ] 2024-10-29 21:57:42.238 [TestNG-PoolService-3] LoggerLoad - Valid and Invalid code are validated
[INFO ] 2024-10-29 21:57:42.692 [TestNG-PoolService-6] LoggerLoad - Signed In user is in array page
[INFO ] 2024-10-29 21:57:45.041 [TestNG-PoolService-10] LoggerLoad - In Hooks Class : Broswername = chrome
[INFO ] 2024-10-29 21:57:46.883 [TestNG-PoolService-7] LoggerLoad - In Hooks Class : Broswername = chrome
[INFO ] 2024-10-29 21:57:47.204 [TestNG-PoolService-8] LoggerLoad - In Hooks Class : Broswername = chrome
[INFO ] 2024-10-29 21:57:47.394 [TestNG-PoolService-4] LoggerLoad - In Hooks Class : Broswername = chrome
[INFO ] 2024-10-29 21:57:47.424 [TestNG-PoolService-2] LoggerLoad - In Hooks Class : Broswername = chrome
[INFO ] 2024-10-29 21:57:47.561 [TestNG-PoolService-3] LoggerLoad - In Hooks Class : Broswername = chrome
[INFO ] 2024-10-29 21:57:49.295 [TestNG-PoolService-5] LoggerLoad - In Hooks Class : Broswername = chrome
[INFO ] 2024-10-29 21:57:50.196 [TestNG-PoolService-7] LoggerLoad - Signed In user is in array page
[INFO ] 2024-10-29 21:57:50.647 [TestNG-PoolService-10] LoggerLoad - Signed In user is in array page
[INFO ] 2024-10-29 21:57:51.037 [TestNG-PoolService-2] LoggerLoad - Signed In user is in array page
[INFO ] 2024-10-29 21:57:51.092 [TestNG-PoolService-4] LoggerLoad - Signed In user is in array page
[INFO ] 2024-10-29 21:57:51.093 [TestNG-PoolService-8] LoggerLoad - Signed In user is in array page
[INFO ] 2024-10-29 21:57:51.330 [TestNG-PoolService-5] LoggerLoad - Signed In user is in array page
[INFO ] 2024-10-29 21:57:51.879 [TestNG-PoolService-3] LoggerLoad - Signed In user is in array page
[INFO ] 2024-10-29 21:57:55.070 [TestNG-PoolService-9] LoggerLoad - In Hooks Class : Broswername = chrome
[INFO ] 2024-10-29 21:57:55.074 [TestNG-PoolService-6] LoggerLoad - In Hooks Class : Broswername = chrome
[INFO ] 2024-10-29 21:57:55.203 [TestNG-PoolService-1] LoggerLoad - In Hooks Class : Broswername = chrome
[INFO ] 2024-10-29 21:57:58.579 [TestNG-PoolService-9] LoggerLoad - Signed In user is in array page
[INFO ] 2024-10-29 21:57:58.907 [TestNG-PoolService-6] LoggerLoad - Signed In user is in array page
[INFO ] 2024-10-29 21:57:59.688 [TestNG-PoolService-1] LoggerLoad - Signed In user is in array page
[INFO ] 2024-10-29 21:58:04.062 [TestNG-PoolService-5] LoggerLoad - In Hooks Class : Broswername = chrome
[INFO ] 2024-10-29 21:58:04.365 [TestNG-PoolService-4] LoggerLoad - In Hooks Class : Broswername = chrome
[INFO ] 2024-10-29 21:58:04.400 [TestNG-PoolService-10] LoggerLoad - In Hooks Class : Broswername = chrome
[INFO ] 2024-10-29 21:58:05.440 [TestNG-PoolService-7] LoggerLoad - In Hooks Class : Broswername = chrome
[INFO ] 2024-10-29 21:58:05.671 [TestNG-PoolService-3] LoggerLoad - In Hooks Class : Broswername = chrome
[INFO ] 2024-10-29 21:58:06.480 [TestNG-PoolService-8] LoggerLoad - In Hooks Class : Broswername = chrome
[INFO ] 2024-10-29 21:58:06.928 [TestNG-PoolService-2] LoggerLoad - In Hooks Class : Broswername = chrome
[INFO ] 2024-10-29 21:58:07.994 [TestNG-PoolService-5] LoggerLoad - Signed In user is in array page
[INFO ] 2024-10-29 21:58:08.453 [TestNG-PoolService-8] LoggerLoad - Signed In user is in array page
[INFO ] 2024-10-29 21:58:08.696 [TestNG-PoolService-7] LoggerLoad - Signed In user is in array page
[INFO ] 2024-10-29 21:58:08.740 [TestNG-PoolService-4] LoggerLoad - Signed In user is in array page
[INFO ] 2024-10-29 21:58:08.963 [TestNG-PoolService-10] LoggerLoad - Signed In user is in array page
[INFO ] 2024-10-29 21:58:08.963 [TestNG-PoolService-3] LoggerLoad - Signed In user is in array page
[INFO ] 2024-10-29 21:58:08.966 [TestNG-PoolService-2] LoggerLoad - Signed In user is in array page
[INFO ] 2024-10-29 21:58:21.790 [TestNG-PoolService-6] LoggerLoad - In Hooks Class : Broswername = chrome
[INFO ] 2024-10-29 21:58:21.804 [TestNG-PoolService-9] LoggerLoad - In Hooks Class : Broswername = chrome
[INFO ] 2024-10-29 21:58:22.621 [TestNG-PoolService-1] LoggerLoad - In Hooks Class : Broswername = chrome
[INFO ] 2024-10-29 21:58:31.579 [TestNG-PoolService-1] LoggerLoad - Signed In user is in array page
[INFO ] 2024-10-29 21:58:31.631 [TestNG-PoolService-6] LoggerLoad - Signed In user is in array page
[INFO ] 2024-10-29 21:58:31.763 [TestNG-PoolService-9] LoggerLoad - Signed In user is in array page
[INFO ] 2024-10-29 21:58:34.788 [TestNG-PoolService-5] LoggerLoad - Valid and Invalid code are validated
[INFO ] 2024-10-29 21:58:35.435 [TestNG-PoolService-10] LoggerLoad - Valid and Invalid code are validated
[INFO ] 2024-10-29 21:58:37.256 [TestNG-PoolService-8] LoggerLoad - Valid and Invalid code are validated
[INFO ] 2024-10-29 21:58:41.015 [TestNG-PoolService-3] LoggerLoad - Valid and Invalid code are validated
[INFO ] 2024-10-29 21:58:43.338 [TestNG-PoolService-2] LoggerLoad - Valid and Invalid code are validated
[INFO ] 2024-10-29 21:58:44.316 [TestNG-PoolService-1] LoggerLoad - Valid and Invalid code are validated
[INFO ] 2024-10-29 21:58:44.361 [TestNG-PoolService-4] LoggerLoad - Valid and Invalid code are validated
[INFO ] 2024-10-29 21:58:45.003 [TestNG-PoolService-7] LoggerLoad - Valid and Invalid code are validated
[INFO ] 2024-10-29 21:58:46.036 [TestNG-PoolService-6] LoggerLoad - Valid and Invalid code are validated
[INFO ] 2024-10-29 21:58:49.903 [TestNG-PoolService-10] LoggerLoad - In Hooks Class : Broswername = chrome
[INFO ] 2024-10-29 21:58:50.431 [TestNG-PoolService-1] LoggerLoad - In Hooks Class : Broswername = chrome
[INFO ] 2024-10-29 21:58:52.055 [TestNG-PoolService-3] LoggerLoad - In Hooks Class : Broswername = chrome
[INFO ] 2024-10-29 21:58:52.361 [TestNG-PoolService-8] LoggerLoad - In Hooks Class : Broswername = chrome
[INFO ] 2024-10-29 21:58:52.619 [TestNG-PoolService-6] LoggerLoad - In Hooks Class : Broswername = chrome
[INFO ] 2024-10-29 21:58:53.177 [TestNG-PoolService-10] LoggerLoad - Signed In user is in array page
[INFO ] 2024-10-29 21:58:54.416 [TestNG-PoolService-5] LoggerLoad - In Hooks Class : Broswername = chrome
[INFO ] 2024-10-29 21:58:54.573 [TestNG-PoolService-2] LoggerLoad - In Hooks Class : Broswername = chrome
[INFO ] 2024-10-29 21:58:54.744 [TestNG-PoolService-4] LoggerLoad - In Hooks Class : Broswername = chrome
[INFO ] 2024-10-29 21:58:55.435 [TestNG-PoolService-1] LoggerLoad - Signed In user is in array page
[INFO ] 2024-10-29 21:58:55.858 [TestNG-PoolService-8] LoggerLoad - Signed In user is in array page
[INFO ] 2024-10-29 21:58:56.249 [TestNG-PoolService-7] LoggerLoad - In Hooks Class : Broswername = chrome
[INFO ] 2024-10-29 21:58:57.258 [TestNG-PoolService-9] LoggerLoad - Valid and Invalid code are validated
[INFO ] 2024-10-29 21:58:58.239 [TestNG-PoolService-3] LoggerLoad - Signed In user is in array page
[INFO ] 2024-10-29 21:58:58.586 [TestNG-PoolService-4] LoggerLoad - Signed In user is in array page
[INFO ] 2024-10-29 21:58:58.709 [TestNG-PoolService-5] LoggerLoad - Signed In user is in array page
[INFO ] 2024-10-29 21:58:58.998 [TestNG-PoolService-6] LoggerLoad - Signed In user is in array page
[INFO ] 2024-10-29 21:58:59.026 [TestNG-PoolService-2] LoggerLoad - Signed In user is in array page
[INFO ] 2024-10-29 21:59:00.569 [TestNG-PoolService-7] LoggerLoad - Signed In user is in array page
[INFO ] 2024-10-29 21:59:03.522 [TestNG-PoolService-10] LoggerLoad - Valid and Invalid code are validated
[INFO ] 2024-10-29 21:59:05.864 [TestNG-PoolService-1] LoggerLoad - Valid and Invalid code are validated
[INFO ] 2024-10-29 21:59:08.029 [TestNG-PoolService-8] LoggerLoad - Valid and Invalid code are validated
[INFO ] 2024-10-29 21:59:17.015 [TestNG-PoolService-7] LoggerLoad - Valid and Invalid code are validated
[INFO ] 2024-10-29 21:59:19.090 [TestNG-PoolService-9] LoggerLoad - In Hooks Class : Broswername = chrome
[INFO ] 2024-10-29 21:59:20.265 [TestNG-PoolService-3] LoggerLoad - Valid and Invalid code are validated
[INFO ] 2024-10-29 21:59:20.586 [TestNG-PoolService-9] LoggerLoad - Signed In user is in array page
[INFO ] 2024-10-29 21:59:21.282 [TestNG-PoolService-1] LoggerLoad - In Hooks Class : Broswername = chrome
[INFO ] 2024-10-29 21:59:21.326 [TestNG-PoolService-4] LoggerLoad - Valid and Invalid code are validated
[INFO ] 2024-10-29 21:59:22.734 [TestNG-PoolService-7] LoggerLoad - In Hooks Class : Broswername = chrome
[INFO ] 2024-10-29 21:59:22.936 [TestNG-PoolService-5] LoggerLoad - Valid and Invalid code are validated
[INFO ] 2024-10-29 21:59:23.018 [TestNG-PoolService-8] LoggerLoad - In Hooks Class : Broswername = chrome
[INFO ] 2024-10-29 21:59:23.315 [TestNG-PoolService-6] LoggerLoad - Valid and Invalid code are validated
[INFO ] 2024-10-29 21:59:23.545 [TestNG-PoolService-2] LoggerLoad - Valid and Invalid code are validated
[INFO ] 2024-10-29 21:59:24.789 [TestNG-PoolService-1] LoggerLoad - Signed In user is in array page
[INFO ] 2024-10-29 21:59:24.821 [TestNG-PoolService-8] LoggerLoad - Signed In user is in array page
[INFO ] 2024-10-29 21:59:25.130 [TestNG-PoolService-10] LoggerLoad - In Hooks Class : Broswername = chrome
[INFO ] 2024-10-29 21:59:25.294 [TestNG-PoolService-7] LoggerLoad - Signed In user is in array page
[INFO ] 2024-10-29 21:59:26.786 [TestNG-PoolService-10] LoggerLoad - Signed In user is in array page
[INFO ] 2024-10-29 21:59:27.969 [TestNG-PoolService-2] LoggerLoad - In Hooks Class : Broswername = chrome
[INFO ] 2024-10-29 21:59:27.986 [TestNG-PoolService-4] LoggerLoad - In Hooks Class : Broswername = chrome
[INFO ] 2024-10-29 21:59:30.908 [TestNG-PoolService-4] LoggerLoad - Signed In user is in array page
[INFO ] 2024-10-29 21:59:31.480 [TestNG-PoolService-2] LoggerLoad - Signed In user is in array page
[INFO ] 2024-10-29 21:59:31.549 [TestNG-PoolService-9] LoggerLoad - Valid and Invalid code are validated
[INFO ] 2024-10-29 21:59:34.443 [TestNG-PoolService-7] LoggerLoad - Valid and Invalid code are validated
[INFO ] 2024-10-29 21:59:35.056 [TestNG-PoolService-8] LoggerLoad - Valid and Invalid code are validated
[INFO ] 2024-10-29 21:59:35.952 [TestNG-PoolService-1] LoggerLoad - Valid and Invalid code are validated
[INFO ] 2024-10-29 21:59:37.432 [TestNG-PoolService-10] LoggerLoad - Valid and Invalid code are validated
[INFO ] 2024-10-29 21:59:38.271 [TestNG-PoolService-4] LoggerLoad - Valid and Invalid code are validated
[INFO ] 2024-10-29 21:59:39.001 [TestNG-PoolService-2] LoggerLoad - Valid and Invalid code are validated
[INFO ] 2024-10-30 11:41:12.358 [TestNG-PoolService-2] LoggerLoad - In Hooks Class : Broswername = chrome
[INFO ] 2024-10-30 11:41:12.358 [TestNG-PoolService-3] LoggerLoad - In Hooks Class : Broswername = chrome
[INFO ] 2024-10-30 11:41:12.358 [TestNG-PoolService-4] LoggerLoad - In Hooks Class : Broswername = chrome
[INFO ] 2024-10-30 11:41:12.358 [TestNG-PoolService-1] LoggerLoad - In Hooks Class : Broswername = chrome
[INFO ] 2024-10-30 11:41:15.545 [TestNG-PoolService-2] LoggerLoad - Signed In user is in array page
[INFO ] 2024-10-30 11:41:15.576 [TestNG-PoolService-1] LoggerLoad - Signed In user is in array page
[INFO ] 2024-10-30 11:41:15.601 [TestNG-PoolService-3] LoggerLoad - Signed In user is in array page
[INFO ] 2024-10-30 11:41:15.620 [TestNG-PoolService-4] LoggerLoad - Signed In user is in array page
[INFO ] 2024-10-30 11:41:20.789 [TestNG-PoolService-1] LoggerLoad - In Array Page Text Editor
[INFO ] 2024-10-30 11:41:20.806 [TestNG-PoolService-2] LoggerLoad - In Array Page Text Editor
[INFO ] 2024-10-30 11:41:20.989 [TestNG-PoolService-3] LoggerLoad - In Array Page Text Editor
[INFO ] 2024-10-30 11:41:21.090 [TestNG-PoolService-4] LoggerLoad - In Array Page Text Editor
[INFO ] 2024-10-30 11:41:23.765 [TestNG-PoolService-1] LoggerLoad - In Array Page Text Editor
[INFO ] 2024-10-30 11:41:23.915 [TestNG-PoolService-2] LoggerLoad - In Array Page Text Editor
[INFO ] 2024-10-30 11:41:24.077 [TestNG-PoolService-3] LoggerLoad - In Array Page Text Editor
[INFO ] 2024-10-30 11:41:24.096 [TestNG-PoolService-4] LoggerLoad - In Array Page Text Editor
[INFO ] 2024-10-30 11:41:26.195 [TestNG-PoolService-1] LoggerLoad - In Hooks Class : Broswername = chrome
[INFO ] 2024-10-30 11:41:26.195 [TestNG-PoolService-2] LoggerLoad - In Hooks Class : Broswername = chrome
[INFO ] 2024-10-30 11:41:26.467 [TestNG-PoolService-3] LoggerLoad - In Hooks Class : Broswername = chrome
[INFO ] 2024-10-30 11:41:26.680 [TestNG-PoolService-4] LoggerLoad - In Hooks Class : Broswername = chrome
[INFO ] 2024-10-30 11:41:27.957 [TestNG-PoolService-1] LoggerLoad - Signed In user is in array page
[INFO ] 2024-10-30 11:41:27.963 [TestNG-PoolService-2] LoggerLoad - Signed In user is in array page
[INFO ] 2024-10-30 11:41:27.994 [TestNG-PoolService-4] LoggerLoad - Signed In user is in array page
[INFO ] 2024-10-30 11:41:27.998 [TestNG-PoolService-3] LoggerLoad - Signed In user is in array page
[INFO ] 2024-10-30 11:41:28.163 [TestNG-PoolService-2] LoggerLoad - Page Title is : Practice Questions
[INFO ] 2024-10-30 11:41:28.171 [TestNG-PoolService-1] LoggerLoad - Page Title is : Practice Questions
[INFO ] 2024-10-30 11:41:28.192 [TestNG-PoolService-4] LoggerLoad - Page Title is : Practice Questions
[INFO ] 2024-10-30 11:41:28.240 [TestNG-PoolService-3] LoggerLoad - Page Title is : Practice Questions
[INFO ] 2024-10-30 11:41:30.941 [TestNG-PoolService-1] LoggerLoad - Python code
[INFO ] 2024-10-30 11:41:31.130 [TestNG-PoolService-1] LoggerLoad - Page Title is : Assessment
[INFO ] 2024-10-30 11:41:31.257 [TestNG-PoolService-3] LoggerLoad - Python code
[INFO ] 2024-10-30 11:41:31.380 [TestNG-PoolService-3] LoggerLoad - Page Title is : Assessment
[INFO ] 2024-10-30 11:41:31.448 [TestNG-PoolService-2] LoggerLoad - Python code
[INFO ] 2024-10-30 11:41:31.514 [TestNG-PoolService-4] LoggerLoad - Python code
[INFO ] 2024-10-30 11:41:31.601 [TestNG-PoolService-2] LoggerLoad - Page Title is : Assessment
[INFO ] 2024-10-30 11:41:31.660 [TestNG-PoolService-4] LoggerLoad - Page Title is : Assessment
[INFO ] 2024-10-30 11:41:33.279 [TestNG-PoolService-1] LoggerLoad - In Hooks Class : Broswername = chrome
[INFO ] 2024-10-30 11:41:33.303 [TestNG-PoolService-3] LoggerLoad - In Hooks Class : Broswername = chrome
[INFO ] 2024-10-30 11:41:33.690 [TestNG-PoolService-2] LoggerLoad - In Hooks Class : Broswername = chrome
[INFO ] 2024-10-30 11:41:33.847 [TestNG-PoolService-4] LoggerLoad - In Hooks Class : Broswername = chrome
[INFO ] 2024-10-30 11:41:36.407 [TestNG-PoolService-3] LoggerLoad - In Hooks Class : Broswername = chrome
[INFO ] 2024-10-30 11:41:36.667 [TestNG-PoolService-1] LoggerLoad - In Hooks Class : Broswername = chrome
[INFO ] 2024-10-30 11:41:36.833 [TestNG-PoolService-2] LoggerLoad - In Hooks Class : Broswername = chrome
[INFO ] 2024-10-30 11:41:36.847 [TestNG-PoolService-4] LoggerLoad - In Hooks Class : Broswername = chrome
[INFO ] 2024-10-30 11:41:38.031 [TestNG-PoolService-1] LoggerLoad - Signed In user is in array page
[INFO ] 2024-10-30 11:41:38.038 [TestNG-PoolService-2] LoggerLoad - Signed In user is in array page
[INFO ] 2024-10-30 11:41:38.189 [TestNG-PoolService-4] LoggerLoad - Signed In user is in array page
[INFO ] 2024-10-30 11:41:38.680 [TestNG-PoolService-3] LoggerLoad - In Hooks Class : Broswername = chrome
[INFO ] 2024-10-30 11:41:39.979 [TestNG-PoolService-4] LoggerLoad - In Hooks Class : Broswername = chrome
[INFO ] 2024-10-30 11:41:40.057 [TestNG-PoolService-1] LoggerLoad - In Hooks Class : Broswername = chrome
[INFO ] 2024-10-30 11:41:40.190 [TestNG-PoolService-3] LoggerLoad - Signed In user is in array page
[INFO ] 2024-10-30 11:41:41.110 [TestNG-PoolService-2] LoggerLoad - In Hooks Class : Broswername = chrome
[INFO ] 2024-10-30 11:41:41.380 [TestNG-PoolService-4] LoggerLoad - Signed In user is in array page
[INFO ] 2024-10-30 11:41:41.487 [TestNG-PoolService-1] LoggerLoad - Signed In user is in array page
[INFO ] 2024-10-30 11:41:42.311 [TestNG-PoolService-2] LoggerLoad - Signed In user is in array page
[INFO ] 2024-10-30 11:41:43.908 [TestNG-PoolService-3] LoggerLoad - In Hooks Class : Broswername = chrome
[INFO ] 2024-10-30 11:41:44.970 [TestNG-PoolService-2] LoggerLoad - In Hooks Class : Broswername = chrome
[INFO ] 2024-10-30 11:41:45.068 [TestNG-PoolService-3] LoggerLoad - Signed In user is in array page
[INFO ] 2024-10-30 11:41:45.949 [TestNG-PoolService-2] LoggerLoad - Signed In user is in array page
[INFO ] 2024-10-30 11:41:47.995 [TestNG-PoolService-4] LoggerLoad - Valid and Invalid code are validated
[INFO ] 2024-10-30 11:41:48.081 [TestNG-PoolService-3] LoggerLoad - In Hooks Class : Broswername = chrome
[INFO ] 2024-10-30 11:41:48.110 [TestNG-PoolService-1] LoggerLoad - Valid and Invalid code are validated
[INFO ] 2024-10-30 11:41:49.371 [TestNG-PoolService-4] LoggerLoad - In Hooks Class : Broswername = chrome
[INFO ] 2024-10-30 11:41:49.462 [TestNG-PoolService-1] LoggerLoad - In Hooks Class : Broswername = chrome
[INFO ] 2024-10-30 11:41:49.536 [TestNG-PoolService-3] LoggerLoad - Signed In user is in array page
[INFO ] 2024-10-30 11:41:50.746 [TestNG-PoolService-1] LoggerLoad - Signed In user is in array page
[INFO ] 2024-10-30 11:41:51.343 [TestNG-PoolService-4] LoggerLoad - In Hooks Class : Broswername = chrome
[INFO ] 2024-10-30 11:41:52.360 [TestNG-PoolService-2] LoggerLoad - Valid and Invalid code are validated
[INFO ] 2024-10-30 11:41:52.449 [TestNG-PoolService-1] LoggerLoad - In Hooks Class : Broswername = chrome
[INFO ] 2024-10-30 11:41:52.565 [TestNG-PoolService-4] LoggerLoad - Signed In user is in array page
[INFO ] 2024-10-30 11:41:53.696 [TestNG-PoolService-1] LoggerLoad - Signed In user is in array page
[INFO ] 2024-10-30 11:41:53.792 [TestNG-PoolService-2] LoggerLoad - In Hooks Class : Broswername = chrome
[INFO ] 2024-10-30 11:41:53.948 [TestNG-PoolService-4] LoggerLoad - In Hooks Class : Broswername = chrome
[INFO ] 2024-10-30 11:41:55.092 [TestNG-PoolService-2] LoggerLoad - Signed In user is in array page
[INFO ] 2024-10-30 11:41:55.420 [TestNG-PoolService-4] LoggerLoad - Signed In user is in array page
[INFO ] 2024-10-30 11:41:56.296 [TestNG-PoolService-3] LoggerLoad - Valid and Invalid code are validated
[INFO ] 2024-10-30 11:41:56.893 [TestNG-PoolService-1] LoggerLoad - In Hooks Class : Broswername = chrome
[INFO ] 2024-10-30 11:41:58.381 [TestNG-PoolService-1] LoggerLoad - Signed In user is in array page
[INFO ] 2024-10-30 11:41:58.381 [TestNG-PoolService-3] LoggerLoad - In Hooks Class : Broswername = chrome
[INFO ] 2024-10-30 11:41:58.852 [TestNG-PoolService-2] LoggerLoad - In Hooks Class : Broswername = chrome
[INFO ] 2024-10-30 11:41:59.378 [TestNG-PoolService-3] LoggerLoad - Signed In user is in array page
[INFO ] 2024-10-30 11:41:59.861 [TestNG-PoolService-2] LoggerLoad - Signed In user is in array page
[INFO ] 2024-10-30 11:42:01.517 [TestNG-PoolService-3] LoggerLoad - In Hooks Class : Broswername = chrome
[INFO ] 2024-10-30 11:42:02.090 [TestNG-PoolService-4] LoggerLoad - Valid and Invalid code are validated
[INFO ] 2024-10-30 11:42:02.603 [TestNG-PoolService-3] LoggerLoad - Signed In user is in array page
[INFO ] 2024-10-30 11:42:03.193 [TestNG-PoolService-2] LoggerLoad - In Hooks Class : Broswername = chrome
[INFO ] 2024-10-30 11:42:03.643 [TestNG-PoolService-4] LoggerLoad - In Hooks Class : Broswername = chrome
[INFO ] 2024-10-30 11:42:04.387 [TestNG-PoolService-2] LoggerLoad - Signed In user is in array page
[INFO ] 2024-10-30 11:42:04.595 [TestNG-PoolService-1] LoggerLoad - Valid and Invalid code are validated
[INFO ] 2024-10-30 11:42:04.656 [TestNG-PoolService-4] LoggerLoad - Signed In user is in array page
[INFO ] 2024-10-30 11:42:05.930 [TestNG-PoolService-1] LoggerLoad - In Hooks Class : Broswername = chrome
[INFO ] 2024-10-30 11:42:07.118 [TestNG-PoolService-1] LoggerLoad - Signed In user is in array page
[INFO ] 2024-10-30 11:42:07.126 [TestNG-PoolService-4] LoggerLoad - In Hooks Class : Broswername = chrome
[INFO ] 2024-10-30 11:42:08.170 [TestNG-PoolService-4] LoggerLoad - Signed In user is in array page
[INFO ] 2024-10-30 11:42:09.336 [TestNG-PoolService-3] LoggerLoad - Valid and Invalid code are validated
[INFO ] 2024-10-30 11:42:10.273 [TestNG-PoolService-1] LoggerLoad - In Hooks Class : Broswername = chrome
[INFO ] 2024-10-30 11:42:10.855 [TestNG-PoolService-2] LoggerLoad - Valid and Invalid code are validated
[INFO ] 2024-10-30 11:42:10.901 [TestNG-PoolService-3] LoggerLoad - In Hooks Class : Broswername = chrome
[INFO ] 2024-10-30 11:42:11.469 [TestNG-PoolService-1] LoggerLoad - Signed In user is in array page
[INFO ] 2024-10-30 11:42:12.121 [TestNG-PoolService-3] LoggerLoad - Signed In user is in array page
[INFO ] 2024-10-30 11:42:12.319 [TestNG-PoolService-2] LoggerLoad - In Hooks Class : Broswername = chrome
[INFO ] 2024-10-30 11:42:14.330 [TestNG-PoolService-2] LoggerLoad - Signed In user is in array page
[INFO ] 2024-10-30 11:42:14.602 [TestNG-PoolService-4] LoggerLoad - Valid and Invalid code are validated
[INFO ] 2024-10-30 11:42:16.471 [TestNG-PoolService-3] LoggerLoad - In Hooks Class : Broswername = chrome
[INFO ] 2024-10-30 11:42:17.265 [TestNG-PoolService-4] LoggerLoad - In Hooks Class : Broswername = chrome
[INFO ] 2024-10-30 11:42:18.270 [TestNG-PoolService-3] LoggerLoad - Signed In user is in array page
[INFO ] 2024-10-30 11:42:18.587 [TestNG-PoolService-4] LoggerLoad - Signed In user is in array page
[INFO ] 2024-10-30 11:42:18.854 [TestNG-PoolService-1] LoggerLoad - Valid and Invalid code are validated
[INFO ] 2024-10-30 11:42:19.056 [TestNG-PoolService-2] LoggerLoad - In Hooks Class : Broswername = chrome
[INFO ] 2024-10-30 11:42:20.512 [TestNG-PoolService-1] LoggerLoad - In Hooks Class : Broswername = chrome
[INFO ] 2024-10-30 11:42:20.898 [TestNG-PoolService-2] LoggerLoad - Signed In user is in array page
[INFO ] 2024-10-30 11:42:21.767 [TestNG-PoolService-1] LoggerLoad - Signed In user is in array page
[INFO ] 2024-10-30 11:42:24.333 [TestNG-PoolService-2] LoggerLoad - In Hooks Class : Broswername = chrome
[INFO ] 2024-10-30 11:42:25.709 [TestNG-PoolService-2] LoggerLoad - Signed In user is in array page
[INFO ] 2024-10-30 11:42:25.914 [TestNG-PoolService-3] LoggerLoad - Valid and Invalid code are validated
[INFO ] 2024-10-30 11:42:26.226 [TestNG-PoolService-4] LoggerLoad - Valid and Invalid code are validated
[INFO ] 2024-10-30 11:42:26.378 [TestNG-PoolService-1] LoggerLoad - In Hooks Class : Broswername = chrome
[INFO ] 2024-10-30 11:42:28.517 [TestNG-PoolService-4] LoggerLoad - In Hooks Class : Broswername = chrome
[INFO ] 2024-10-30 11:42:28.630 [TestNG-PoolService-1] LoggerLoad - Signed In user is in array page
[INFO ] 2024-10-30 11:42:28.658 [TestNG-PoolService-3] LoggerLoad - In Hooks Class : Broswername = chrome
[INFO ] 2024-10-30 11:42:29.701 [TestNG-PoolService-3] LoggerLoad - Signed In user is in array page
[INFO ] 2024-10-30 11:42:29.878 [TestNG-PoolService-4] LoggerLoad - Signed In user is in array page
[INFO ] 2024-10-30 11:42:31.895 [TestNG-PoolService-4] LoggerLoad - In Hooks Class : Broswername = chrome
[INFO ] 2024-10-30 11:42:32.664 [TestNG-PoolService-3] LoggerLoad - In Hooks Class : Broswername = chrome
[INFO ] 2024-10-30 11:42:32.950 [TestNG-PoolService-4] LoggerLoad - Signed In user is in array page
[INFO ] 2024-10-30 11:42:33.386 [TestNG-PoolService-2] LoggerLoad - Valid and Invalid code are validated
[INFO ] 2024-10-30 11:42:33.664 [TestNG-PoolService-3] LoggerLoad - Signed In user is in array page
[INFO ] 2024-10-30 11:42:34.567 [TestNG-PoolService-2] LoggerLoad - In Hooks Class : Broswername = chrome
[INFO ] 2024-10-30 11:42:34.975 [TestNG-PoolService-1] LoggerLoad - Valid and Invalid code are validated
[INFO ] 2024-10-30 11:42:35.711 [TestNG-PoolService-2] LoggerLoad - Signed In user is in array page
[INFO ] 2024-10-30 11:42:36.241 [TestNG-PoolService-1] LoggerLoad - In Hooks Class : Broswername = chrome
[INFO ] 2024-10-30 11:42:37.247 [TestNG-PoolService-1] LoggerLoad - Signed In user is in array page
[INFO ] 2024-10-30 11:42:37.873 [TestNG-PoolService-2] LoggerLoad - In Hooks Class : Broswername = chrome
[INFO ] 2024-10-30 11:42:38.874 [TestNG-PoolService-2] LoggerLoad - Signed In user is in array page
[INFO ] 2024-10-30 11:42:39.189 [TestNG-PoolService-4] LoggerLoad - Valid and Invalid code are validated
[INFO ] 2024-10-30 11:42:40.263 [TestNG-PoolService-3] LoggerLoad - Valid and Invalid code are validated
[INFO ] 2024-10-30 11:42:40.405 [TestNG-PoolService-1] LoggerLoad - In Hooks Class : Broswername = chrome
[INFO ] 2024-10-30 11:42:40.608 [TestNG-PoolService-4] LoggerLoad - In Hooks Class : Broswername = chrome
[INFO ] 2024-10-30 11:42:41.389 [TestNG-PoolService-3] LoggerLoad - In Hooks Class : Broswername = chrome
[INFO ] 2024-10-30 11:42:41.750 [TestNG-PoolService-1] LoggerLoad - Signed In user is in array page
[INFO ] 2024-10-30 11:42:41.764 [TestNG-PoolService-4] LoggerLoad - Signed In user is in array page
[INFO ] 2024-10-30 11:42:42.515 [TestNG-PoolService-3] LoggerLoad - Signed In user is in array page
[INFO ] 2024-10-30 11:42:43.109 [TestNG-PoolService-4] LoggerLoad - In Hooks Class : Broswername = chrome
[INFO ] 2024-10-30 11:42:44.185 [TestNG-PoolService-3] LoggerLoad - In Hooks Class : Broswername = chrome
[INFO ] 2024-10-30 11:42:44.302 [TestNG-PoolService-4] LoggerLoad - Signed In user is in array page
[INFO ] 2024-10-30 11:42:45.215 [TestNG-PoolService-3] LoggerLoad - Signed In user is in array page
[INFO ] 2024-10-30 11:42:45.447 [TestNG-PoolService-2] LoggerLoad - Valid and Invalid code are validated
[INFO ] 2024-10-30 11:42:46.961 [TestNG-PoolService-2] LoggerLoad - In Hooks Class : Broswername = chrome
[INFO ] 2024-10-30 11:42:47.679 [TestNG-PoolService-4] LoggerLoad - In Hooks Class : Broswername = chrome
[INFO ] 2024-10-30 11:42:48.409 [TestNG-PoolService-2] LoggerLoad - Signed In user is in array page
[INFO ] 2024-10-30 11:42:48.474 [TestNG-PoolService-1] LoggerLoad - Valid and Invalid code are validated
[INFO ] 2024-10-30 11:42:48.963 [TestNG-PoolService-3] LoggerLoad - In Hooks Class : Broswername = chrome
[INFO ] 2024-10-30 11:42:49.305 [TestNG-PoolService-4] LoggerLoad - Signed In user is in array page
[INFO ] 2024-10-30 11:42:50.166 [TestNG-PoolService-1] LoggerLoad - In Hooks Class : Broswername = chrome
[INFO ] 2024-10-30 11:42:50.451 [TestNG-PoolService-3] LoggerLoad - Signed In user is in array page
[INFO ] 2024-10-30 11:42:51.392 [TestNG-PoolService-1] LoggerLoad - Signed In user is in array page
[INFO ] 2024-10-30 11:42:52.281 [TestNG-PoolService-2] LoggerLoad - In Hooks Class : Broswername = chrome
[INFO ] 2024-10-30 11:42:53.747 [TestNG-PoolService-4] LoggerLoad - In Hooks Class : Broswername = chrome
[INFO ] 2024-10-30 11:42:53.896 [TestNG-PoolService-2] LoggerLoad - Signed In user is in array page
[INFO ] 2024-10-30 11:42:54.913 [TestNG-PoolService-4] LoggerLoad - Signed In user is in array page
[INFO ] 2024-10-30 11:42:57.769 [TestNG-PoolService-3] LoggerLoad - Valid and Invalid code are validated
[INFO ] 2024-10-30 11:42:59.071 [TestNG-PoolService-1] LoggerLoad - Valid and Invalid code are validated
[INFO ] 2024-10-30 11:42:59.160 [TestNG-PoolService-3] LoggerLoad - In Hooks Class : Broswername = chrome
[INFO ] 2024-10-30 11:43:00.276 [TestNG-PoolService-2] LoggerLoad - Valid and Invalid code are validated
[INFO ] 2024-10-30 11:43:00.327 [TestNG-PoolService-1] LoggerLoad - In Hooks Class : Broswername = chrome
[INFO ] 2024-10-30 11:43:00.495 [TestNG-PoolService-3] LoggerLoad - Signed In user is in array page
[INFO ] 2024-10-30 11:43:01.074 [TestNG-PoolService-4] LoggerLoad - Valid and Invalid code are validated
[INFO ] 2024-10-30 11:43:01.563 [TestNG-PoolService-1] LoggerLoad - Signed In user is in array page
[INFO ] 2024-10-30 11:43:02.430 [TestNG-PoolService-2] LoggerLoad - In Hooks Class : Broswername = chrome
[INFO ] 2024-10-30 11:43:02.792 [TestNG-PoolService-4] LoggerLoad - In Hooks Class : Broswername = chrome
[INFO ] 2024-10-30 11:43:03.565 [TestNG-PoolService-2] LoggerLoad - Signed In user is in array page
[INFO ] 2024-10-30 11:43:03.888 [TestNG-PoolService-4] LoggerLoad - Signed In user is in array page
[INFO ] 2024-10-30 11:43:07.079 [TestNG-PoolService-3] LoggerLoad - Valid and Invalid code are validated
[INFO ] 2024-10-30 11:43:08.218 [TestNG-PoolService-3] LoggerLoad - In Hooks Class : Broswername = chrome
[INFO ] 2024-10-30 11:43:08.259 [TestNG-PoolService-1] LoggerLoad - Valid and Invalid code are validated
[INFO ] 2024-10-30 11:43:09.842 [TestNG-PoolService-1] LoggerLoad - In Hooks Class : Broswername = chrome
[INFO ] 2024-10-30 11:43:10.130 [TestNG-PoolService-2] LoggerLoad - Valid and Invalid code are validated
[INFO ] 2024-10-30 11:43:10.258 [TestNG-PoolService-4] LoggerLoad - Valid and Invalid code are validated
[INFO ] 2024-10-30 11:43:10.384 [TestNG-PoolService-3] LoggerLoad - In Hooks Class : Broswername = chrome
[INFO ] 2024-10-30 11:43:11.885 [TestNG-PoolService-2] LoggerLoad - In Hooks Class : Broswername = chrome
[INFO ] 2024-10-30 11:43:12.176 [TestNG-PoolService-4] LoggerLoad - In Hooks Class : Broswername = chrome
[INFO ] 2024-10-30 11:43:16.418 [TestNG-PoolService-1] LoggerLoad - In Hooks Class : Broswername = chrome
[INFO ] 2024-10-30 11:43:17.708 [TestNG-PoolService-3] LoggerLoad - In Hooks Class : Broswername = chrome
[INFO ] 2024-10-30 11:43:24.582 [TestNG-PoolService-9] LoggerLoad - In Hooks Class : Broswername = chrome
[INFO ] 2024-10-30 11:43:24.582 [TestNG-PoolService-5] LoggerLoad - In Hooks Class : Broswername = chrome
[INFO ] 2024-10-30 11:43:24.581 [TestNG-PoolService-7] LoggerLoad - In Hooks Class : Broswername = chrome
[INFO ] 2024-10-30 11:43:24.582 [TestNG-PoolService-2] LoggerLoad - In Hooks Class : Broswername = chrome
[INFO ] 2024-10-30 11:43:24.582 [TestNG-PoolService-1] LoggerLoad - In Hooks Class : Broswername = chrome
[INFO ] 2024-10-30 11:43:24.581 [TestNG-PoolService-4] LoggerLoad - In Hooks Class : Broswername = chrome
[INFO ] 2024-10-30 11:43:24.581 [TestNG-PoolService-10] LoggerLoad - In Hooks Class : Broswername = chrome
[INFO ] 2024-10-30 11:43:24.581 [TestNG-PoolService-8] LoggerLoad - In Hooks Class : Broswername = chrome
[INFO ] 2024-10-30 11:43:24.582 [TestNG-PoolService-3] LoggerLoad - In Hooks Class : Broswername = chrome
[INFO ] 2024-10-30 11:43:24.582 [TestNG-PoolService-6] LoggerLoad - In Hooks Class : Broswername = chrome
[INFO ] 2024-10-30 11:43:29.870 [TestNG-PoolService-2] LoggerLoad - In Hooks Class : Broswername = chrome
[INFO ] 2024-10-30 11:43:30.554 [TestNG-PoolService-4] LoggerLoad - Signed In user is in array page
[INFO ] 2024-10-30 11:43:31.146 [TestNG-PoolService-10] LoggerLoad - Signed In user is in array page
[INFO ] 2024-10-30 11:43:31.990 [TestNG-PoolService-2] LoggerLoad - Signed In user is in array page
[INFO ] 2024-10-30 11:43:32.226 [TestNG-PoolService-7] LoggerLoad - Signed In user is in array page
[INFO ] 2024-10-30 11:43:32.732 [TestNG-PoolService-1] LoggerLoad - Signed In user is in array page
[INFO ] 2024-10-30 11:43:32.772 [TestNG-PoolService-3] LoggerLoad - Signed In user is in array page
[INFO ] 2024-10-30 11:43:32.794 [TestNG-PoolService-5] LoggerLoad - Signed In user is in array page
[INFO ] 2024-10-30 11:43:33.064 [TestNG-PoolService-8] LoggerLoad - Signed In user is in array page
[INFO ] 2024-10-30 11:43:33.219 [TestNG-PoolService-6] LoggerLoad - Signed In user is in array page
[INFO ] 2024-10-30 11:43:33.612 [TestNG-PoolService-9] LoggerLoad - Signed In user is in array page
[INFO ] 2024-10-30 11:43:34.922 [TestNG-PoolService-4] LoggerLoad - In Hooks Class : Broswername = chrome
[INFO ] 2024-10-30 11:43:42.196 [TestNG-PoolService-10] LoggerLoad - Valid and Invalid code are validated
[INFO ] 2024-10-30 11:43:44.130 [TestNG-PoolService-9] LoggerLoad - Valid and Invalid code are validated
[INFO ] 2024-10-30 11:43:45.592 [TestNG-PoolService-1] LoggerLoad - In Hooks Class : Broswername = chrome
[INFO ] 2024-10-30 11:43:45.877 [TestNG-PoolService-6] LoggerLoad - Valid and Invalid code are validated
[INFO ] 2024-10-30 11:43:46.478 [TestNG-PoolService-2] LoggerLoad - In Hooks Class : Broswername = chrome
[INFO ] 2024-10-30 11:43:46.560 [TestNG-PoolService-4] LoggerLoad - In Hooks Class : Broswername = chrome
[INFO ] 2024-10-30 11:43:46.662 [TestNG-PoolService-5] LoggerLoad - Valid and Invalid code are validated
[INFO ] 2024-10-30 11:43:46.748 [TestNG-PoolService-3] LoggerLoad - In Hooks Class : Broswername = chrome
[INFO ] 2024-10-30 11:43:48.069 [TestNG-PoolService-2] LoggerLoad - Signed In user is in array page
[INFO ] 2024-10-30 11:43:48.127 [TestNG-PoolService-4] LoggerLoad - Signed In user is in array page
[INFO ] 2024-10-30 11:43:49.806 [TestNG-PoolService-1] LoggerLoad - In Hooks Class : Broswername = chrome
[INFO ] 2024-10-30 11:43:50.999 [TestNG-PoolService-3] LoggerLoad - In Hooks Class : Broswername = chrome
[INFO ] 2024-10-30 11:43:51.178 [TestNG-PoolService-2] LoggerLoad - In Hooks Class : Broswername = chrome
[INFO ] 2024-10-30 11:43:51.277 [TestNG-PoolService-4] LoggerLoad - In Hooks Class : Broswername = chrome
[INFO ] 2024-10-30 11:43:51.526 [TestNG-PoolService-1] LoggerLoad - Signed In user is in array page
[INFO ] 2024-10-30 11:43:52.917 [TestNG-PoolService-3] LoggerLoad - Signed In user is in array page
[INFO ] 2024-10-30 11:43:52.950 [TestNG-PoolService-2] LoggerLoad - Signed In user is in array page
[INFO ] 2024-10-30 11:43:52.980 [TestNG-PoolService-4] LoggerLoad - Signed In user is in array page
[INFO ] 2024-10-30 11:43:53.760 [TestNG-PoolService-1] LoggerLoad - In Hooks Class : Broswername = chrome
[INFO ] 2024-10-30 11:43:55.132 [TestNG-PoolService-1] LoggerLoad - Signed In user is in array page
[INFO ] 2024-10-30 11:43:57.306 [TestNG-PoolService-3] LoggerLoad - In Hooks Class : Broswername = chrome
[INFO ] 2024-10-30 11:43:57.337 [TestNG-PoolService-4] LoggerLoad - In Hooks Class : Broswername = chrome
[INFO ] 2024-10-30 11:43:57.716 [TestNG-PoolService-2] LoggerLoad - In Hooks Class : Broswername = chrome
[INFO ] 2024-10-30 11:43:58.669 [TestNG-PoolService-3] LoggerLoad - Signed In user is in array page
[INFO ] 2024-10-30 11:43:58.713 [TestNG-PoolService-4] LoggerLoad - Signed In user is in array page
[INFO ] 2024-10-30 11:43:58.817 [TestNG-PoolService-2] LoggerLoad - Signed In user is in array page
[INFO ] 2024-10-30 11:43:59.139 [TestNG-PoolService-1] LoggerLoad - In Hooks Class : Broswername = chrome
[INFO ] 2024-10-30 11:44:00.260 [TestNG-PoolService-1] LoggerLoad - Signed In user is in array page
[INFO ] 2024-10-30 11:44:05.032 [TestNG-PoolService-4] LoggerLoad - Valid and Invalid code are validated
[INFO ] 2024-10-30 11:44:05.033 [TestNG-PoolService-3] LoggerLoad - Valid and Invalid code are validated
[INFO ] 2024-10-30 11:44:05.115 [TestNG-PoolService-2] LoggerLoad - Valid and Invalid code are validated
[INFO ] 2024-10-30 11:44:06.587 [TestNG-PoolService-1] LoggerLoad - Valid and Invalid code are validated
[INFO ] 2024-10-30 11:44:06.751 [TestNG-PoolService-2] LoggerLoad - In Hooks Class : Broswername = chrome
[INFO ] 2024-10-30 11:44:06.751 [TestNG-PoolService-4] LoggerLoad - In Hooks Class : Broswername = chrome
[INFO ] 2024-10-30 11:44:06.752 [TestNG-PoolService-3] LoggerLoad - In Hooks Class : Broswername = chrome
[INFO ] 2024-10-30 11:44:07.849 [TestNG-PoolService-1] LoggerLoad - In Hooks Class : Broswername = chrome
[INFO ] 2024-10-30 11:44:08.008 [TestNG-PoolService-4] LoggerLoad - Signed In user is in array page
[INFO ] 2024-10-30 11:44:08.042 [TestNG-PoolService-2] LoggerLoad - Signed In user is in array page
[INFO ] 2024-10-30 11:44:08.335 [TestNG-PoolService-3] LoggerLoad - Signed In user is in array page
[INFO ] 2024-10-30 11:44:08.934 [TestNG-PoolService-1] LoggerLoad - Signed In user is in array page
[INFO ] 2024-10-30 11:44:14.256 [TestNG-PoolService-4] LoggerLoad - Valid and Invalid code are validated
[INFO ] 2024-10-30 11:44:14.298 [TestNG-PoolService-2] LoggerLoad - Valid and Invalid code are validated
[INFO ] 2024-10-30 11:44:14.540 [TestNG-PoolService-3] LoggerLoad - Valid and Invalid code are validated
[INFO ] 2024-10-30 11:44:15.354 [TestNG-PoolService-1] LoggerLoad - Valid and Invalid code are validated
[INFO ] 2024-10-30 11:44:15.466 [TestNG-PoolService-2] LoggerLoad - In Hooks Class : Broswername = chrome
[INFO ] 2024-10-30 11:44:15.730 [TestNG-PoolService-4] LoggerLoad - In Hooks Class : Broswername = chrome
[INFO ] 2024-10-30 11:44:16.145 [TestNG-PoolService-3] LoggerLoad - In Hooks Class : Broswername = chrome
[INFO ] 2024-10-30 11:44:17.115 [TestNG-PoolService-2] LoggerLoad - Signed In user is in array page
[INFO ] 2024-10-30 11:44:17.149 [TestNG-PoolService-1] LoggerLoad - In Hooks Class : Broswername = chrome
[INFO ] 2024-10-30 11:44:17.238 [TestNG-PoolService-4] LoggerLoad - Signed In user is in array page
[INFO ] 2024-10-30 11:44:17.361 [TestNG-PoolService-3] LoggerLoad - Signed In user is in array page
[INFO ] 2024-10-30 11:44:18.339 [TestNG-PoolService-1] LoggerLoad - Signed In user is in array page
[INFO ] 2024-10-30 11:44:18.864 [TestNG-PoolService-2] LoggerLoad - In Hooks Class : Broswername = chrome
[INFO ] 2024-10-30 11:44:19.969 [TestNG-PoolService-4] LoggerLoad - In Hooks Class : Broswername = chrome
[INFO ] 2024-10-30 11:44:20.278 [TestNG-PoolService-2] LoggerLoad - Signed In user is in array page
[INFO ] 2024-10-30 11:44:21.300 [TestNG-PoolService-4] LoggerLoad - Signed In user is in array page
[INFO ] 2024-10-30 11:44:21.659 [TestNG-PoolService-3] LoggerLoad - In Hooks Class : Broswername = chrome
[INFO ] 2024-10-30 11:44:22.529 [TestNG-PoolService-1] LoggerLoad - In Hooks Class : Broswername = chrome
[INFO ] 2024-10-30 11:44:22.849 [TestNG-PoolService-3] LoggerLoad - Signed In user is in array page
[INFO ] 2024-10-30 11:44:23.750 [TestNG-PoolService-1] LoggerLoad - Signed In user is in array page
[INFO ] 2024-10-30 11:44:24.644 [TestNG-PoolService-2] LoggerLoad - In Hooks Class : Broswername = chrome
[INFO ] 2024-10-30 11:44:25.669 [TestNG-PoolService-4] LoggerLoad - In Hooks Class : Broswername = chrome
[INFO ] 2024-10-30 11:44:26.125 [TestNG-PoolService-2] LoggerLoad - Signed In user is in array page
[INFO ] 2024-10-30 11:44:27.152 [TestNG-PoolService-4] LoggerLoad - Signed In user is in array page
[INFO ] 2024-10-30 11:44:27.788 [TestNG-PoolService-3] LoggerLoad - In Hooks Class : Broswername = chrome
[INFO ] 2024-10-30 11:44:28.903 [TestNG-PoolService-1] LoggerLoad - In Hooks Class : Broswername = chrome
[INFO ] 2024-10-30 11:44:29.097 [TestNG-PoolService-3] LoggerLoad - Signed In user is in array page
[INFO ] 2024-10-30 11:44:30.263 [TestNG-PoolService-1] LoggerLoad - Signed In user is in array page
[INFO ] 2024-10-30 11:44:30.807 [TestNG-PoolService-2] LoggerLoad - In Hooks Class : Broswername = chrome
[INFO ] 2024-10-30 11:44:31.753 [TestNG-PoolService-4] LoggerLoad - In Hooks Class : Broswername = chrome
[INFO ] 2024-10-30 11:44:32.031 [TestNG-PoolService-2] LoggerLoad - Signed In user is in array page
[INFO ] 2024-10-30 11:44:33.026 [TestNG-PoolService-4] LoggerLoad - Signed In user is in array page
[INFO ] 2024-10-30 11:44:33.681 [TestNG-PoolService-3] LoggerLoad - In Hooks Class : Broswername = chrome
[INFO ] 2024-10-30 11:44:34.658 [TestNG-PoolService-1] LoggerLoad - In Hooks Class : Broswername = chrome
[INFO ] 2024-10-30 11:44:35.014 [TestNG-PoolService-3] LoggerLoad - Signed In user is in array page
[INFO ] 2024-10-30 11:44:35.823 [TestNG-PoolService-1] LoggerLoad - Signed In user is in array page
[INFO ] 2024-10-30 11:44:36.552 [TestNG-PoolService-2] LoggerLoad - In Hooks Class : Broswername = chrome
[INFO ] 2024-10-30 11:44:37.340 [TestNG-PoolService-4] LoggerLoad - In Hooks Class : Broswername = chrome
[INFO ] 2024-10-30 11:44:37.684 [TestNG-PoolService-2] LoggerLoad - Signed In user is in array page
[INFO ] 2024-10-30 11:44:38.573 [TestNG-PoolService-4] LoggerLoad - Signed In user is in array page
[INFO ] 2024-10-30 11:44:39.528 [TestNG-PoolService-3] LoggerLoad - In Hooks Class : Broswername = chrome
[INFO ] 2024-10-30 11:44:40.543 [TestNG-PoolService-3] LoggerLoad - Signed In user is in array page
[INFO ] 2024-10-30 11:44:43.541 [TestNG-PoolService-1] LoggerLoad - Valid and Invalid code are validated
[INFO ] 2024-10-30 11:44:44.550 [TestNG-PoolService-1] LoggerLoad - In Hooks Class : Broswername = chrome
[INFO ] 2024-10-30 11:44:45.005 [TestNG-PoolService-2] LoggerLoad - Valid and Invalid code are validated
[INFO ] 2024-10-30 11:44:45.544 [TestNG-PoolService-1] LoggerLoad - Signed In user is in array page
[INFO ] 2024-10-30 11:44:46.046 [TestNG-PoolService-4] LoggerLoad - Valid and Invalid code are validated
[INFO ] 2024-10-30 11:44:46.138 [TestNG-PoolService-2] LoggerLoad - In Hooks Class : Broswername = chrome
[INFO ] 2024-10-30 11:44:47.126 [TestNG-PoolService-4] LoggerLoad - In Hooks Class : Broswername = chrome
[INFO ] 2024-10-30 11:44:47.278 [TestNG-PoolService-2] LoggerLoad - Signed In user is in array page
[INFO ] 2024-10-30 11:44:47.678 [TestNG-PoolService-3] LoggerLoad - Valid and Invalid code are validated
[INFO ] 2024-10-30 11:44:48.268 [TestNG-PoolService-4] LoggerLoad - Signed In user is in array page
[INFO ] 2024-10-30 11:44:48.823 [TestNG-PoolService-3] LoggerLoad - In Hooks Class : Broswername = chrome
[INFO ] 2024-10-30 11:44:49.802 [TestNG-PoolService-3] LoggerLoad - Signed In user is in array page
[INFO ] 2024-10-30 11:44:53.052 [TestNG-PoolService-1] LoggerLoad - Valid and Invalid code are validated
[INFO ] 2024-10-30 11:44:54.134 [TestNG-PoolService-1] LoggerLoad - In Hooks Class : Broswername = chrome
[INFO ] 2024-10-30 11:44:54.455 [TestNG-PoolService-2] LoggerLoad - Valid and Invalid code are validated
[INFO ] 2024-10-30 11:44:55.233 [TestNG-PoolService-1] LoggerLoad - Signed In user is in array page
[INFO ] 2024-10-30 11:44:55.589 [TestNG-PoolService-4] LoggerLoad - Valid and Invalid code are validated
[INFO ] 2024-10-30 11:44:55.698 [TestNG-PoolService-2] LoggerLoad - In Hooks Class : Broswername = chrome
[INFO ] 2024-10-30 11:44:56.786 [TestNG-PoolService-4] LoggerLoad - In Hooks Class : Broswername = chrome
[INFO ] 2024-10-30 11:44:56.876 [TestNG-PoolService-3] LoggerLoad - Valid and Invalid code are validated
[INFO ] 2024-10-30 11:44:56.896 [TestNG-PoolService-2] LoggerLoad - Signed In user is in array page
[INFO ] 2024-10-30 11:44:57.931 [TestNG-PoolService-4] LoggerLoad - Signed In user is in array page
[INFO ] 2024-10-30 11:44:58.281 [TestNG-PoolService-3] LoggerLoad - In Hooks Class : Broswername = chrome
[INFO ] 2024-10-30 11:44:59.254 [TestNG-PoolService-3] LoggerLoad - Signed In user is in array page
[INFO ] 2024-10-30 11:45:02.521 [TestNG-PoolService-1] LoggerLoad - Valid and Invalid code are validated
[INFO ] 2024-10-30 11:45:03.828 [TestNG-PoolService-1] LoggerLoad - In Hooks Class : Broswername = chrome
[INFO ] 2024-10-30 11:45:04.306 [TestNG-PoolService-2] LoggerLoad - Valid and Invalid code are validated
[INFO ] 2024-10-30 11:45:05.159 [TestNG-PoolService-1] LoggerLoad - Signed In user is in array page
[INFO ] 2024-10-30 11:45:05.554 [TestNG-PoolService-4] LoggerLoad - Valid and Invalid code are validated
[INFO ] 2024-10-30 11:45:05.828 [TestNG-PoolService-2] LoggerLoad - In Hooks Class : Broswername = chrome
[INFO ] 2024-10-30 11:45:06.711 [TestNG-PoolService-3] LoggerLoad - Valid and Invalid code are validated
[INFO ] 2024-10-30 11:45:06.856 [TestNG-PoolService-4] LoggerLoad - In Hooks Class : Broswername = chrome
[INFO ] 2024-10-30 11:45:07.173 [TestNG-PoolService-2] LoggerLoad - Signed In user is in array page
[INFO ] 2024-10-30 11:45:08.310 [TestNG-PoolService-3] LoggerLoad - In Hooks Class : Broswername = chrome
[INFO ] 2024-10-30 11:45:08.462 [TestNG-PoolService-4] LoggerLoad - Signed In user is in array page
[INFO ] 2024-10-30 11:45:09.377 [TestNG-PoolService-3] LoggerLoad - Signed In user is in array page
[INFO ] 2024-10-30 11:45:12.817 [TestNG-PoolService-1] LoggerLoad - Valid and Invalid code are validated
[INFO ] 2024-10-30 11:45:14.053 [TestNG-PoolService-1] LoggerLoad - In Hooks Class : Broswername = chrome
[INFO ] 2024-10-30 11:45:14.885 [TestNG-PoolService-2] LoggerLoad - Valid and Invalid code are validated
[INFO ] 2024-10-30 11:45:15.070 [TestNG-PoolService-1] LoggerLoad - Signed In user is in array page
[INFO ] 2024-10-30 11:45:15.639 [TestNG-PoolService-4] LoggerLoad - Valid and Invalid code are validated
[INFO ] 2024-10-30 11:45:16.200 [TestNG-PoolService-2] LoggerLoad - In Hooks Class : Broswername = chrome
[INFO ] 2024-10-30 11:45:16.829 [TestNG-PoolService-3] LoggerLoad - Valid and Invalid code are validated
[INFO ] 2024-10-30 11:45:17.835 [TestNG-PoolService-2] LoggerLoad - Signed In user is in array page
[INFO ] 2024-10-30 11:45:17.991 [TestNG-PoolService-4] LoggerLoad - In Hooks Class : Broswername = chrome
[INFO ] 2024-10-30 11:45:18.527 [TestNG-PoolService-3] LoggerLoad - In Hooks Class : Broswername = chrome
[INFO ] 2024-10-30 11:45:19.206 [TestNG-PoolService-4] LoggerLoad - Signed In user is in array page
[INFO ] 2024-10-30 11:45:19.499 [TestNG-PoolService-3] LoggerLoad - Signed In user is in array page
[INFO ] 2024-10-30 11:45:22.702 [TestNG-PoolService-1] LoggerLoad - Valid and Invalid code are validated
[INFO ] 2024-10-30 11:45:23.881 [TestNG-PoolService-1] LoggerLoad - In Hooks Class : Broswername = chrome
[INFO ] 2024-10-30 11:45:24.912 [TestNG-PoolService-1] LoggerLoad - Signed In user is in array page
[INFO ] 2024-10-30 11:45:25.363 [TestNG-PoolService-2] LoggerLoad - Valid and Invalid code are validated
[INFO ] 2024-10-30 11:45:26.497 [TestNG-PoolService-4] LoggerLoad - Valid and Invalid code are validated
[INFO ] 2024-10-30 11:45:26.678 [TestNG-PoolService-3] LoggerLoad - Valid and Invalid code are validated
[INFO ] 2024-10-30 11:45:26.750 [TestNG-PoolService-2] LoggerLoad - In Hooks Class : Broswername = chrome
[INFO ] 2024-10-30 11:45:28.408 [TestNG-PoolService-4] LoggerLoad - In Hooks Class : Broswername = chrome
[INFO ] 2024-10-30 11:45:28.636 [TestNG-PoolService-2] LoggerLoad - Signed In user is in array page
[INFO ] 2024-10-30 11:45:28.873 [TestNG-PoolService-3] LoggerLoad - In Hooks Class : Broswername = chrome
[INFO ] 2024-10-30 11:45:29.536 [TestNG-PoolService-4] LoggerLoad - Signed In user is in array page
[INFO ] 2024-10-30 11:45:29.909 [TestNG-PoolService-3] LoggerLoad - Signed In user is in array page
[INFO ] 2024-10-30 11:45:32.668 [TestNG-PoolService-1] LoggerLoad - Valid and Invalid code are validated
[INFO ] 2024-10-30 11:45:34.076 [TestNG-PoolService-1] LoggerLoad - In Hooks Class : Broswername = chrome
[INFO ] 2024-10-30 11:45:35.286 [TestNG-PoolService-1] LoggerLoad - Signed In user is in array page
[INFO ] 2024-10-30 11:45:36.081 [TestNG-PoolService-2] LoggerLoad - Valid and Invalid code are validated
[INFO ] 2024-10-30 11:45:37.285 [TestNG-PoolService-4] LoggerLoad - Valid and Invalid code are validated
[INFO ] 2024-10-30 11:45:37.438 [TestNG-PoolService-3] LoggerLoad - Valid and Invalid code are validated
[INFO ] 2024-10-30 11:45:37.891 [TestNG-PoolService-2] LoggerLoad - In Hooks Class : Broswername = chrome
[INFO ] 2024-10-30 11:45:39.119 [TestNG-PoolService-2] LoggerLoad - Signed In user is in array page
[INFO ] 2024-10-30 11:45:42.900 [TestNG-PoolService-1] LoggerLoad - Valid and Invalid code are validated
[INFO ] 2024-10-30 11:45:46.443 [TestNG-PoolService-2] LoggerLoad - Valid and Invalid code are validated
[INFO ] 2024-10-30 12:06:37.087 [TestNG-PoolService-9] LoggerLoad - In Hooks Class : Broswername = chrome
[INFO ] 2024-10-30 12:06:37.087 [TestNG-PoolService-4] LoggerLoad - In Hooks Class : Broswername = chrome
[INFO ] 2024-10-30 12:06:37.087 [TestNG-PoolService-8] LoggerLoad - In Hooks Class : Broswername = chrome
[INFO ] 2024-10-30 12:06:37.087 [TestNG-PoolService-3] LoggerLoad - In Hooks Class : Broswername = chrome
[INFO ] 2024-10-30 12:06:37.087 [TestNG-PoolService-5] LoggerLoad - In Hooks Class : Broswername = chrome
[INFO ] 2024-10-30 12:06:37.087 [TestNG-PoolService-6] LoggerLoad - In Hooks Class : Broswername = chrome
[INFO ] 2024-10-30 12:06:37.087 [TestNG-PoolService-7] LoggerLoad - In Hooks Class : Broswername = chrome
[INFO ] 2024-10-30 12:06:37.087 [TestNG-PoolService-2] LoggerLoad - In Hooks Class : Broswername = chrome
[INFO ] 2024-10-30 12:06:42.882 [TestNG-PoolService-8] LoggerLoad - Signed In user is in array page
[INFO ] 2024-10-30 12:06:42.888 [TestNG-PoolService-5] LoggerLoad - Signed In user is in array page
[INFO ] 2024-10-30 12:06:43.117 [TestNG-PoolService-6] LoggerLoad - Signed In user is in array page
[INFO ] 2024-10-30 12:06:43.201 [TestNG-PoolService-4] LoggerLoad - Signed In user is in array page
[INFO ] 2024-10-30 12:06:43.204 [TestNG-PoolService-3] LoggerLoad - Signed In user is in array page
[INFO ] 2024-10-30 12:06:43.255 [TestNG-PoolService-7] LoggerLoad - Signed In user is in array page
[INFO ] 2024-10-30 12:06:43.354 [TestNG-PoolService-9] LoggerLoad - Signed In user is in array page
[INFO ] 2024-10-30 12:06:43.434 [TestNG-PoolService-2] LoggerLoad - Signed In user is in array page
[INFO ] 2024-10-30 12:06:43.532 [TestNG-PoolService-8] LoggerLoad - Page Title is : Practice Questions
[INFO ] 2024-10-30 12:06:43.592 [TestNG-PoolService-6] LoggerLoad - Page Title is : Practice Questions
[INFO ] 2024-10-30 12:06:44.067 [TestNG-PoolService-7] LoggerLoad - Page Title is : Practice Questions
[INFO ] 2024-10-30 12:06:44.703 [TestNG-PoolService-9] LoggerLoad - Page Title is : Practice Questions
[INFO ] 2024-10-30 12:06:50.142 [TestNG-PoolService-6] LoggerLoad - Python code
[INFO ] 2024-10-30 12:06:50.142 [TestNG-PoolService-8] LoggerLoad - Python code
[INFO ] 2024-10-30 12:06:50.360 [TestNG-PoolService-5] LoggerLoad - In Array Page Text Editor
[INFO ] 2024-10-30 12:06:50.423 [TestNG-PoolService-6] LoggerLoad - Page Title is : Assessment
[INFO ] 2024-10-30 12:06:50.453 [TestNG-PoolService-8] LoggerLoad - Page Title is : Assessment
[INFO ] 2024-10-30 12:06:51.660 [TestNG-PoolService-4] LoggerLoad - In Array Page Text Editor
[INFO ] 2024-10-30 12:06:54.040 [TestNG-PoolService-5] LoggerLoad - In Array Page Text Editor
[INFO ] 2024-10-30 12:06:56.308 [TestNG-PoolService-4] LoggerLoad - In Array Page Text Editor
[INFO ] 2024-10-30 12:06:58.481 [TestNG-PoolService-3] LoggerLoad - In Array Page Text Editor
[INFO ] 2024-10-30 12:06:59.713 [TestNG-PoolService-2] LoggerLoad - In Array Page Text Editor
[INFO ] 2024-10-30 12:07:01.085 [TestNG-PoolService-9] LoggerLoad - Python code
[INFO ] 2024-10-30 12:07:01.714 [TestNG-PoolService-9] LoggerLoad - Page Title is : Assessment
[INFO ] 2024-10-30 12:07:02.850 [TestNG-PoolService-7] LoggerLoad - Python code
[INFO ] 2024-10-30 12:07:02.979 [TestNG-PoolService-3] LoggerLoad - In Array Page Text Editor
[INFO ] 2024-10-30 12:07:03.258 [TestNG-PoolService-7] LoggerLoad - Page Title is : Assessment
[INFO ] 2024-10-30 12:07:04.028 [TestNG-PoolService-2] LoggerLoad - In Array Page Text Editor
[INFO ] 2024-10-30 12:10:07.144 [TestNG-PoolService-9] LoggerLoad - In Hooks Class : Broswername = chrome
[INFO ] 2024-10-30 12:10:07.144 [TestNG-PoolService-4] LoggerLoad - In Hooks Class : Broswername = chrome
[INFO ] 2024-10-30 12:10:07.144 [TestNG-PoolService-6] LoggerLoad - In Hooks Class : Broswername = chrome
[INFO ] 2024-10-30 12:10:07.144 [TestNG-PoolService-7] LoggerLoad - In Hooks Class : Broswername = chrome
[INFO ] 2024-10-30 12:10:07.144 [TestNG-PoolService-5] LoggerLoad - In Hooks Class : Broswername = chrome
[INFO ] 2024-10-30 12:10:07.144 [TestNG-PoolService-2] LoggerLoad - In Hooks Class : Broswername = chrome
[INFO ] 2024-10-30 12:10:07.144 [TestNG-PoolService-1] LoggerLoad - In Hooks Class : Broswername = chrome
[INFO ] 2024-10-30 12:10:07.145 [TestNG-PoolService-8] LoggerLoad - In Hooks Class : Broswername = chrome
[INFO ] 2024-10-30 12:10:07.144 [TestNG-PoolService-3] LoggerLoad - In Hooks Class : Broswername = chrome
[INFO ] 2024-10-30 12:10:12.416 [TestNG-PoolService-1] LoggerLoad - Signed In user is in array page
[INFO ] 2024-10-30 12:10:12.545 [TestNG-PoolService-8] LoggerLoad - Signed In user is in array page
[INFO ] 2024-10-30 12:10:12.983 [TestNG-PoolService-8] LoggerLoad - Page Title is : Practice Questions
[INFO ] 2024-10-30 12:10:13.374 [TestNG-PoolService-3] LoggerLoad - Signed In user is in array page
[INFO ] 2024-10-30 12:10:13.447 [TestNG-PoolService-5] LoggerLoad - Signed In user is in array page
[INFO ] 2024-10-30 12:10:13.823 [TestNG-PoolService-2] LoggerLoad - Signed In user is in array page
[INFO ] 2024-10-30 12:10:13.828 [TestNG-PoolService-7] LoggerLoad - Signed In user is in array page
[INFO ] 2024-10-30 12:10:14.002 [TestNG-PoolService-9] LoggerLoad - Signed In user is in array page
[INFO ] 2024-10-30 12:10:14.016 [TestNG-PoolService-6] LoggerLoad - Signed In user is in array page
[INFO ] 2024-10-30 12:10:14.152 [TestNG-PoolService-4] LoggerLoad - Signed In user is in array page
[INFO ] 2024-10-30 12:10:14.437 [TestNG-PoolService-7] LoggerLoad - Page Title is : Practice Questions
[INFO ] 2024-10-30 12:10:14.461 [TestNG-PoolService-9] LoggerLoad - Page Title is : Practice Questions
[INFO ] 2024-10-30 12:10:14.511 [TestNG-PoolService-6] LoggerLoad - Page Title is : Practice Questions
[INFO ] 2024-10-30 12:10:21.650 [TestNG-PoolService-8] LoggerLoad - Python code
[INFO ] 2024-10-30 12:10:21.970 [TestNG-PoolService-6] LoggerLoad - Python code
[INFO ] 2024-10-30 12:10:22.087 [TestNG-PoolService-8] LoggerLoad - Page Title is : Assessment
[INFO ] 2024-10-30 12:10:22.282 [TestNG-PoolService-3] LoggerLoad - In Array Page Text Editor
[INFO ] 2024-10-30 12:10:22.625 [TestNG-PoolService-6] LoggerLoad - Page Title is : Assessment
[INFO ] 2024-10-30 12:10:22.837 [TestNG-PoolService-4] LoggerLoad - In Array Page Text Editor
[INFO ] 2024-10-30 12:10:23.065 [TestNG-PoolService-2] LoggerLoad - In Array Page Text Editor
[INFO ] 2024-10-30 12:10:23.226 [TestNG-PoolService-5] LoggerLoad - In Array Page Text Editor
[INFO ] 2024-10-30 12:10:24.458 [TestNG-PoolService-9] LoggerLoad - Python code
[INFO ] 2024-10-30 12:10:26.140 [TestNG-PoolService-9] LoggerLoad - Page Title is : Assessment
[INFO ] 2024-10-30 12:10:26.733 [TestNG-PoolService-3] LoggerLoad - In Array Page Text Editor
[INFO ] 2024-10-30 12:10:26.765 [TestNG-PoolService-4] LoggerLoad - In Array Page Text Editor
[INFO ] 2024-10-30 12:10:26.926 [TestNG-PoolService-7] LoggerLoad - Python code
[INFO ] 2024-10-30 12:10:27.179 [TestNG-PoolService-5] LoggerLoad - In Array Page Text Editor
[INFO ] 2024-10-30 12:10:27.315 [TestNG-PoolService-7] LoggerLoad - Page Title is : Assessment
[INFO ] 2024-10-30 12:10:27.611 [TestNG-PoolService-2] LoggerLoad - In Array Page Text Editor
[INFO ] 2024-10-30 12:13:16.252 [TestNG-PoolService-3] LoggerLoad - In Hooks Class : Broswername = chrome
[INFO ] 2024-10-30 12:13:16.252 [TestNG-PoolService-5] LoggerLoad - In Hooks Class : Broswername = chrome
[INFO ] 2024-10-30 12:13:16.252 [TestNG-PoolService-1] LoggerLoad - In Hooks Class : Broswername = chrome
[INFO ] 2024-10-30 12:13:16.252 [TestNG-PoolService-2] LoggerLoad - In Hooks Class : Broswername = chrome
[INFO ] 2024-10-30 12:13:16.252 [TestNG-PoolService-4] LoggerLoad - In Hooks Class : Broswername = chrome
[INFO ] 2024-10-30 12:15:24.889 [TestNG-PoolService-4] LoggerLoad - In Hooks Class : Broswername = chrome
[INFO ] 2024-10-30 12:15:24.889 [TestNG-PoolService-2] LoggerLoad - In Hooks Class : Broswername = chrome
[INFO ] 2024-10-30 12:15:24.889 [TestNG-PoolService-1] LoggerLoad - In Hooks Class : Broswername = chrome
[INFO ] 2024-10-30 12:15:24.889 [TestNG-PoolService-5] LoggerLoad - In Hooks Class : Broswername = chrome
[INFO ] 2024-10-30 12:15:24.889 [TestNG-PoolService-3] LoggerLoad - In Hooks Class : Broswername = chrome
[INFO ] 2024-10-30 12:21:55.473 [TestNG-PoolService-1] LoggerLoad - In Hooks Class : Broswername = chrome
[INFO ] 2024-10-30 12:21:55.473 [TestNG-PoolService-3] LoggerLoad - In Hooks Class : Broswername = chrome
[INFO ] 2024-10-30 12:21:55.473 [TestNG-PoolService-4] LoggerLoad - In Hooks Class : Broswername = chrome
[INFO ] 2024-10-30 12:21:55.473 [TestNG-PoolService-2] LoggerLoad - In Hooks Class : Broswername = chrome
[INFO ] 2024-10-30 12:21:57.463 [TestNG-PoolService-4] LoggerLoad - In Hooks Class : Broswername = chrome
[INFO ] 2024-10-30 13:01:06.295 [TestNG-PoolService-3] LoggerLoad - In Hooks Class : Broswername = chrome
[INFO ] 2024-10-30 13:01:06.295 [TestNG-PoolService-4] LoggerLoad - In Hooks Class : Broswername = chrome
[INFO ] 2024-10-30 13:01:06.295 [TestNG-PoolService-1] LoggerLoad - In Hooks Class : Broswername = chrome
[INFO ] 2024-10-30 13:01:06.295 [TestNG-PoolService-2] LoggerLoad - In Hooks Class : Broswername = chrome
[INFO ] 2024-10-30 13:01:08.793 [TestNG-PoolService-3] LoggerLoad - Signed In user is in array page
[INFO ] 2024-10-30 13:01:08.837 [TestNG-PoolService-1] LoggerLoad - Signed In user is in array page
[INFO ] 2024-10-30 13:01:08.858 [TestNG-PoolService-2] LoggerLoad - Signed In user is in array page
[INFO ] 2024-10-30 13:01:08.870 [TestNG-PoolService-4] LoggerLoad - Signed In user is in array page
[INFO ] 2024-10-30 13:01:11.098 [TestNG-PoolService-1] LoggerLoad - In Hooks Class : Broswername = chrome
[INFO ] 2024-10-30 13:01:12.326 [TestNG-PoolService-1] LoggerLoad - Signed In user is in array page
[INFO ] 2024-10-30 13:01:12.904 [TestNG-PoolService-3] LoggerLoad - In Array Page Text Editor
[INFO ] 2024-10-30 13:01:12.979 [TestNG-PoolService-4] LoggerLoad - In Array Page Text Editor
[INFO ] 2024-10-30 13:01:12.989 [TestNG-PoolService-2] LoggerLoad - In Array Page Text Editor
[INFO ] 2024-10-30 13:01:15.645 [TestNG-PoolService-3] LoggerLoad - In Array Page Text Editor
[INFO ] 2024-10-30 13:01:15.775 [TestNG-PoolService-4] LoggerLoad - In Array Page Text Editor
[INFO ] 2024-10-30 13:01:15.846 [TestNG-PoolService-2] LoggerLoad - In Array Page Text Editor
[INFO ] 2024-10-30 13:01:16.618 [TestNG-PoolService-1] LoggerLoad - In Array Page Text Editor
[INFO ] 2024-10-30 13:01:18.085 [TestNG-PoolService-4] LoggerLoad - In Hooks Class : Broswername = chrome
[INFO ] 2024-10-30 13:01:18.271 [TestNG-PoolService-3] LoggerLoad - In Hooks Class : Broswername = chrome
[INFO ] 2024-10-30 13:01:19.201 [TestNG-PoolService-4] LoggerLoad - Signed In user is in array page
[INFO ] 2024-10-30 13:01:19.392 [TestNG-PoolService-4] LoggerLoad - Page Title is : Practice Questions
[INFO ] 2024-10-30 13:01:19.421 [TestNG-PoolService-3] LoggerLoad - Signed In user is in array page
[INFO ] 2024-10-30 13:01:19.491 [TestNG-PoolService-1] LoggerLoad - In Array Page Text Editor
[INFO ] 2024-10-30 13:01:19.587 [TestNG-PoolService-3] LoggerLoad - Page Title is : Practice Questions
[INFO ] 2024-10-30 13:01:19.788 [TestNG-PoolService-2] LoggerLoad - In Hooks Class : Broswername = chrome
[INFO ] 2024-10-30 13:01:21.412 [TestNG-PoolService-4] LoggerLoad - Python code
[INFO ] 2024-10-30 13:01:21.436 [TestNG-PoolService-2] LoggerLoad - Signed In user is in array page
[INFO ] 2024-10-30 13:01:21.524 [TestNG-PoolService-4] LoggerLoad - Page Title is : Assessment
[INFO ] 2024-10-30 13:01:21.532 [TestNG-PoolService-1] LoggerLoad - In Hooks Class : Broswername = chrome
[INFO ] 2024-10-30 13:01:21.675 [TestNG-PoolService-2] LoggerLoad - Page Title is : Practice Questions
[INFO ] 2024-10-30 13:01:22.284 [TestNG-PoolService-3] LoggerLoad - Python code
[INFO ] 2024-10-30 13:01:22.400 [TestNG-PoolService-3] LoggerLoad - Page Title is : Assessment
[INFO ] 2024-10-30 13:01:22.883 [TestNG-PoolService-1] LoggerLoad - Signed In user is in array page
[INFO ] 2024-10-30 13:01:23.041 [TestNG-PoolService-1] LoggerLoad - Page Title is : Practice Questions
[INFO ] 2024-10-30 13:01:23.747 [TestNG-PoolService-4] LoggerLoad - In Hooks Class : Broswername = chrome
[INFO ] 2024-10-30 13:01:24.262 [TestNG-PoolService-2] LoggerLoad - Python code
[INFO ] 2024-10-30 13:01:24.293 [TestNG-PoolService-3] LoggerLoad - In Hooks Class : Broswername = chrome
[INFO ] 2024-10-30 13:01:24.370 [TestNG-PoolService-2] LoggerLoad - Page Title is : Assessment
[INFO ] 2024-10-30 13:01:25.970 [TestNG-PoolService-1] LoggerLoad - Python code
[INFO ] 2024-10-30 13:01:26.072 [TestNG-PoolService-2] LoggerLoad - In Hooks Class : Broswername = chrome
[INFO ] 2024-10-30 13:01:26.089 [TestNG-PoolService-1] LoggerLoad - Page Title is : Assessment
[INFO ] 2024-10-30 13:01:26.293 [TestNG-PoolService-4] LoggerLoad - In Hooks Class : Broswername = chrome
[INFO ] 2024-10-30 13:01:27.381 [TestNG-PoolService-3] LoggerLoad - In Hooks Class : Broswername = chrome
[INFO ] 2024-10-30 13:01:27.869 [TestNG-PoolService-1] LoggerLoad - In Hooks Class : Broswername = chrome
[INFO ] 2024-10-30 13:01:29.079 [TestNG-PoolService-4] LoggerLoad - In Hooks Class : Broswername = chrome
[INFO ] 2024-10-30 13:01:29.219 [TestNG-PoolService-2] LoggerLoad - In Hooks Class : Broswername = chrome
[INFO ] 2024-10-30 13:01:29.462 [TestNG-PoolService-1] LoggerLoad - Signed In user is in array page
[INFO ] 2024-10-30 13:01:30.136 [TestNG-PoolService-3] LoggerLoad - In Hooks Class : Broswername = chrome
[INFO ] 2024-10-30 13:01:30.428 [TestNG-PoolService-4] LoggerLoad - Signed In user is in array page
[INFO ] 2024-10-30 13:01:30.590 [TestNG-PoolService-2] LoggerLoad - Signed In user is in array page
[INFO ] 2024-10-30 13:01:31.383 [TestNG-PoolService-1] LoggerLoad - In Hooks Class : Broswername = chrome
[INFO ] 2024-10-30 13:01:31.614 [TestNG-PoolService-3] LoggerLoad - Signed In user is in array page
[INFO ] 2024-10-30 13:01:32.290 [TestNG-PoolService-4] LoggerLoad - In Hooks Class : Broswername = chrome
[INFO ] 2024-10-30 13:01:32.628 [TestNG-PoolService-1] LoggerLoad - Signed In user is in array page
[INFO ] 2024-10-30 13:01:33.491 [TestNG-PoolService-4] LoggerLoad - Signed In user is in array page
[INFO ] 2024-10-30 13:01:33.925 [TestNG-PoolService-2] LoggerLoad - In Hooks Class : Broswername = chrome
[INFO ] 2024-10-30 13:01:35.066 [TestNG-PoolService-3] LoggerLoad - In Hooks Class : Broswername = chrome
[INFO ] 2024-10-30 13:01:35.300 [TestNG-PoolService-2] LoggerLoad - Signed In user is in array page
[INFO ] 2024-10-30 13:01:36.142 [TestNG-PoolService-3] LoggerLoad - Signed In user is in array page
[INFO ] 2024-10-30 13:01:37.695 [TestNG-PoolService-2] LoggerLoad - In Hooks Class : Broswername = chrome
[INFO ] 2024-10-30 13:01:38.733 [TestNG-PoolService-2] LoggerLoad - Signed In user is in array page
[INFO ] 2024-10-30 13:01:39.174 [TestNG-PoolService-1] LoggerLoad - Valid and Invalid code are validated
[INFO ] 2024-10-30 13:01:39.229 [TestNG-PoolService-3] LoggerLoad - In Hooks Class : Broswername = chrome
[INFO ] 2024-10-30 13:01:40.102 [TestNG-PoolService-4] LoggerLoad - Valid and Invalid code are validated
[INFO ] 2024-10-30 13:01:40.751 [TestNG-PoolService-3] LoggerLoad - Signed In user is in array page
[INFO ] 2024-10-30 13:01:40.989 [TestNG-PoolService-1] LoggerLoad - In Hooks Class : Broswername = chrome
[INFO ] 2024-10-30 13:01:41.671 [TestNG-PoolService-4] LoggerLoad - In Hooks Class : Broswername = chrome
[INFO ] 2024-10-30 13:01:42.941 [TestNG-PoolService-4] LoggerLoad - Signed In user is in array page
[INFO ] 2024-10-30 13:01:43.034 [TestNG-PoolService-1] LoggerLoad - In Hooks Class : Broswername = chrome
[INFO ] 2024-10-30 13:01:44.119 [TestNG-PoolService-1] LoggerLoad - Signed In user is in array page
[INFO ] 2024-10-30 13:01:44.314 [TestNG-PoolService-4] LoggerLoad - In Hooks Class : Broswername = chrome
[INFO ] 2024-10-30 13:01:45.364 [TestNG-PoolService-2] LoggerLoad - Valid and Invalid code are validated
[INFO ] 2024-10-30 13:01:45.474 [TestNG-PoolService-1] LoggerLoad - In Hooks Class : Broswername = chrome
[INFO ] 2024-10-30 13:01:45.623 [TestNG-PoolService-4] LoggerLoad - Signed In user is in array page
[INFO ] 2024-10-30 13:01:46.555 [TestNG-PoolService-2] LoggerLoad - In Hooks Class : Broswername = chrome
[INFO ] 2024-10-30 13:01:46.704 [TestNG-PoolService-1] LoggerLoad - Signed In user is in array page
[INFO ] 2024-10-30 13:01:47.432 [TestNG-PoolService-3] LoggerLoad - Valid and Invalid code are validated
[INFO ] 2024-10-30 13:01:47.755 [TestNG-PoolService-2] LoggerLoad - Signed In user is in array page
[INFO ] 2024-10-30 13:01:48.253 [TestNG-PoolService-4] LoggerLoad - In Hooks Class : Broswername = chrome
[INFO ] 2024-10-30 13:01:49.330 [TestNG-PoolService-3] LoggerLoad - In Hooks Class : Broswername = chrome
[INFO ] 2024-10-30 13:01:49.673 [TestNG-PoolService-4] LoggerLoad - Signed In user is in array page
[INFO ] 2024-10-30 13:01:50.263 [TestNG-PoolService-1] LoggerLoad - In Hooks Class : Broswername = chrome
[INFO ] 2024-10-30 13:01:50.599 [TestNG-PoolService-3] LoggerLoad - Signed In user is in array page
[INFO ] 2024-10-30 13:01:51.434 [TestNG-PoolService-1] LoggerLoad - Signed In user is in array page
[INFO ] 2024-10-30 13:01:52.857 [TestNG-PoolService-3] LoggerLoad - In Hooks Class : Broswername = chrome
[INFO ] 2024-10-30 13:01:53.899 [TestNG-PoolService-3] LoggerLoad - Signed In user is in array page
[INFO ] 2024-10-30 13:01:54.394 [TestNG-PoolService-2] LoggerLoad - Valid and Invalid code are validated
[INFO ] 2024-10-30 13:01:54.417 [TestNG-PoolService-1] LoggerLoad - In Hooks Class : Broswername = chrome
[INFO ] 2024-10-30 13:01:55.650 [TestNG-PoolService-2] LoggerLoad - In Hooks Class : Broswername = chrome
[INFO ] 2024-10-30 13:01:55.764 [TestNG-PoolService-1] LoggerLoad - Signed In user is in array page
[INFO ] 2024-10-30 13:01:56.135 [TestNG-PoolService-4] LoggerLoad - Valid and Invalid code are validated
[INFO ] 2024-10-30 13:01:57.288 [TestNG-PoolService-4] LoggerLoad - In Hooks Class : Broswername = chrome
[INFO ] 2024-10-30 13:01:57.513 [TestNG-PoolService-2] LoggerLoad - Signed In user is in array page
[INFO ] 2024-10-30 13:01:58.767 [TestNG-PoolService-4] LoggerLoad - Signed In user is in array page
[INFO ] 2024-10-30 13:02:00.353 [TestNG-PoolService-2] LoggerLoad - In Hooks Class : Broswername = chrome
[INFO ] 2024-10-30 13:02:00.846 [TestNG-PoolService-3] LoggerLoad - Valid and Invalid code are validated
[INFO ] 2024-10-30 13:02:01.723 [TestNG-PoolService-2] LoggerLoad - Signed In user is in array page
[INFO ] 2024-10-30 13:02:02.281 [TestNG-PoolService-4] LoggerLoad - In Hooks Class : Broswername = chrome
[INFO ] 2024-10-30 13:02:02.297 [TestNG-PoolService-3] LoggerLoad - In Hooks Class : Broswername = chrome
[INFO ] 2024-10-30 13:02:03.103 [TestNG-PoolService-1] LoggerLoad - Valid and Invalid code are validated
[INFO ] 2024-10-30 13:02:03.436 [TestNG-PoolService-4] LoggerLoad - Signed In user is in array page
[INFO ] 2024-10-30 13:02:03.448 [TestNG-PoolService-3] LoggerLoad - Signed In user is in array page
[INFO ] 2024-10-30 13:02:04.304 [TestNG-PoolService-1] LoggerLoad - In Hooks Class : Broswername = chrome
[INFO ] 2024-10-30 13:02:05.488 [TestNG-PoolService-1] LoggerLoad - Signed In user is in array page
[INFO ] 2024-10-30 13:02:06.048 [TestNG-PoolService-4] LoggerLoad - In Hooks Class : Broswername = chrome
[INFO ] 2024-10-30 13:02:07.047 [TestNG-PoolService-4] LoggerLoad - Signed In user is in array page
[INFO ] 2024-10-30 13:02:08.245 [TestNG-PoolService-2] LoggerLoad - Valid and Invalid code are validated
[INFO ] 2024-10-30 13:02:08.397 [TestNG-PoolService-1] LoggerLoad - In Hooks Class : Broswername = chrome
[INFO ] 2024-10-30 13:02:09.465 [TestNG-PoolService-2] LoggerLoad - In Hooks Class : Broswername = chrome
[INFO ] 2024-10-30 13:02:09.684 [TestNG-PoolService-1] LoggerLoad - Signed In user is in array page
[INFO ] 2024-10-30 13:02:10.094 [TestNG-PoolService-3] LoggerLoad - Valid and Invalid code are validated
[INFO ] 2024-10-30 13:02:10.443 [TestNG-PoolService-2] LoggerLoad - Signed In user is in array page
[INFO ] 2024-10-30 13:02:11.427 [TestNG-PoolService-3] LoggerLoad - In Hooks Class : Broswername = chrome
[INFO ] 2024-10-30 13:02:12.484 [TestNG-PoolService-3] LoggerLoad - Signed In user is in array page
[INFO ] 2024-10-30 13:02:12.801 [TestNG-PoolService-2] LoggerLoad - In Hooks Class : Broswername = chrome
[INFO ] 2024-10-30 13:02:13.625 [TestNG-PoolService-4] LoggerLoad - Valid and Invalid code are validated
[INFO ] 2024-10-30 13:02:13.872 [TestNG-PoolService-2] LoggerLoad - Signed In user is in array page
[INFO ] 2024-10-30 13:02:16.021 [TestNG-PoolService-1] LoggerLoad - Valid and Invalid code are validated
[INFO ] 2024-10-30 13:02:18.181 [TestNG-PoolService-4] LoggerLoad - In Hooks Class : Broswername = chrome
[INFO ] 2024-10-30 13:02:19.953 [TestNG-PoolService-3] LoggerLoad - In Hooks Class : Broswername = chrome
[INFO ] 2024-10-30 13:02:20.072 [TestNG-PoolService-4] LoggerLoad - Signed In user is in array page
[INFO ] 2024-10-30 13:02:20.470 [TestNG-PoolService-1] LoggerLoad - In Hooks Class : Broswername = chrome
[INFO ] 2024-10-30 13:02:21.059 [TestNG-PoolService-2] LoggerLoad - Valid and Invalid code are validated
[INFO ] 2024-10-30 13:02:21.062 [TestNG-PoolService-3] LoggerLoad - Signed In user is in array page
[INFO ] 2024-10-30 13:02:21.582 [TestNG-PoolService-1] LoggerLoad - Signed In user is in array page
[INFO ] 2024-10-30 13:02:22.406 [TestNG-PoolService-2] LoggerLoad - In Hooks Class : Broswername = chrome
[INFO ] 2024-10-30 13:02:23.498 [TestNG-PoolService-2] LoggerLoad - Signed In user is in array page
[INFO ] 2024-10-30 13:02:23.754 [TestNG-PoolService-3] LoggerLoad - In Hooks Class : Broswername = chrome
[INFO ] 2024-10-30 13:02:24.802 [TestNG-PoolService-3] LoggerLoad - Signed In user is in array page
[INFO ] 2024-10-30 13:02:24.998 [TestNG-PoolService-1] LoggerLoad - In Hooks Class : Broswername = chrome
[INFO ] 2024-10-30 13:02:25.991 [TestNG-PoolService-1] LoggerLoad - Signed In user is in array page
[INFO ] 2024-10-30 13:02:26.463 [TestNG-PoolService-4] LoggerLoad - Valid and Invalid code are validated
[INFO ] 2024-10-30 13:02:27.633 [TestNG-PoolService-4] LoggerLoad - In Hooks Class : Broswername = chrome
[INFO ] 2024-10-30 13:02:28.458 [TestNG-PoolService-1] LoggerLoad - In Hooks Class : Broswername = chrome
[INFO ] 2024-10-30 13:02:28.713 [TestNG-PoolService-4] LoggerLoad - Signed In user is in array page
[INFO ] 2024-10-30 13:02:29.445 [TestNG-PoolService-1] LoggerLoad - Signed In user is in array page
[INFO ] 2024-10-30 13:02:29.862 [TestNG-PoolService-2] LoggerLoad - Valid and Invalid code are validated
[INFO ] 2024-10-30 13:02:31.084 [TestNG-PoolService-3] LoggerLoad - Valid and Invalid code are validated
[INFO ] 2024-10-30 13:02:31.216 [TestNG-PoolService-2] LoggerLoad - In Hooks Class : Broswername = chrome
[INFO ] 2024-10-30 13:02:32.200 [TestNG-PoolService-4] LoggerLoad - In Hooks Class : Broswername = chrome
[INFO ] 2024-10-30 13:02:32.541 [TestNG-PoolService-3] LoggerLoad - In Hooks Class : Broswername = chrome
[INFO ] 2024-10-30 13:02:32.566 [TestNG-PoolService-2] LoggerLoad - Signed In user is in array page
[INFO ] 2024-10-30 13:02:33.316 [TestNG-PoolService-4] LoggerLoad - Signed In user is in array page
[INFO ] 2024-10-30 13:02:33.640 [TestNG-PoolService-3] LoggerLoad - Signed In user is in array page
[INFO ] 2024-10-30 13:02:35.014 [TestNG-PoolService-4] LoggerLoad - In Hooks Class : Broswername = chrome
[INFO ] 2024-10-30 13:02:35.136 [TestNG-PoolService-3] LoggerLoad - In Hooks Class : Broswername = chrome
[INFO ] 2024-10-30 13:02:35.806 [TestNG-PoolService-1] LoggerLoad - Valid and Invalid code are validated
[INFO ] 2024-10-30 13:02:36.018 [TestNG-PoolService-4] LoggerLoad - Signed In user is in array page
[INFO ] 2024-10-30 13:02:36.147 [TestNG-PoolService-3] LoggerLoad - Signed In user is in array page
[INFO ] 2024-10-30 13:02:37.056 [TestNG-PoolService-1] LoggerLoad - In Hooks Class : Broswername = chrome
[INFO ] 2024-10-30 13:02:38.122 [TestNG-PoolService-1] LoggerLoad - Signed In user is in array page
[INFO ] 2024-10-30 13:02:39.103 [TestNG-PoolService-2] LoggerLoad - Valid and Invalid code are validated
[INFO ] 2024-10-30 13:02:39.376 [TestNG-PoolService-3] LoggerLoad - In Hooks Class : Broswername = chrome
[INFO ] 2024-10-30 13:02:39.412 [TestNG-PoolService-4] LoggerLoad - In Hooks Class : Broswername = chrome
[INFO ] 2024-10-30 13:02:40.559 [TestNG-PoolService-2] LoggerLoad - In Hooks Class : Broswername = chrome
[INFO ] 2024-10-30 13:02:40.833 [TestNG-PoolService-4] LoggerLoad - Signed In user is in array page
[INFO ] 2024-10-30 13:02:40.853 [TestNG-PoolService-3] LoggerLoad - Signed In user is in array page
[INFO ] 2024-10-30 13:02:41.545 [TestNG-PoolService-1] LoggerLoad - In Hooks Class : Broswername = chrome
[INFO ] 2024-10-30 13:02:41.951 [TestNG-PoolService-2] LoggerLoad - Signed In user is in array page
[INFO ] 2024-10-30 13:02:42.814 [TestNG-PoolService-1] LoggerLoad - Signed In user is in array page
[INFO ] 2024-10-30 13:02:44.082 [TestNG-PoolService-4] LoggerLoad - In Hooks Class : Broswername = chrome
[INFO ] 2024-10-30 13:02:45.084 [TestNG-PoolService-4] LoggerLoad - Signed In user is in array page
[INFO ] 2024-10-30 13:02:47.548 [TestNG-PoolService-3] LoggerLoad - Valid and Invalid code are validated
[INFO ] 2024-10-30 13:02:48.405 [TestNG-PoolService-2] LoggerLoad - Valid and Invalid code are validated
[INFO ] 2024-10-30 13:02:48.712 [TestNG-PoolService-3] LoggerLoad - In Hooks Class : Broswername = chrome
[INFO ] 2024-10-30 13:02:49.327 [TestNG-PoolService-1] LoggerLoad - Valid and Invalid code are validated
[INFO ] 2024-10-30 13:02:49.773 [TestNG-PoolService-2] LoggerLoad - In Hooks Class : Broswername = chrome
[INFO ] 2024-10-30 13:02:50.065 [TestNG-PoolService-3] LoggerLoad - Signed In user is in array page
[INFO ] 2024-10-30 13:02:50.603 [TestNG-PoolService-1] LoggerLoad - In Hooks Class : Broswername = chrome
[INFO ] 2024-10-30 13:02:50.925 [TestNG-PoolService-2] LoggerLoad - Signed In user is in array page
[INFO ] 2024-10-30 13:02:51.328 [TestNG-PoolService-4] LoggerLoad - Valid and Invalid code are validated
[INFO ] 2024-10-30 13:02:51.747 [TestNG-PoolService-1] LoggerLoad - Signed In user is in array page
[INFO ] 2024-10-30 13:02:52.440 [TestNG-PoolService-4] LoggerLoad - In Hooks Class : Broswername = chrome
[INFO ] 2024-10-30 13:02:53.477 [TestNG-PoolService-4] LoggerLoad - Signed In user is in array page
[INFO ] 2024-10-30 13:02:56.480 [TestNG-PoolService-3] LoggerLoad - Valid and Invalid code are validated
[INFO ] 2024-10-30 13:02:57.407 [TestNG-PoolService-2] LoggerLoad - Valid and Invalid code are validated
[INFO ] 2024-10-30 13:02:58.893 [TestNG-PoolService-2] LoggerLoad - In Hooks Class : Broswername = chrome
[INFO ] 2024-10-30 13:02:58.931 [TestNG-PoolService-1] LoggerLoad - Valid and Invalid code are validated
[INFO ] 2024-10-30 13:02:58.977 [TestNG-PoolService-3] LoggerLoad - In Hooks Class : Broswername = chrome
[INFO ] 2024-10-30 13:03:00.321 [TestNG-PoolService-4] LoggerLoad - Valid and Invalid code are validated
[INFO ] 2024-10-30 13:03:00.575 [TestNG-PoolService-1] LoggerLoad - In Hooks Class : Broswername = chrome
[INFO ] 2024-10-30 13:03:00.808 [TestNG-PoolService-3] LoggerLoad - In Hooks Class : Broswername = chrome
[INFO ] 2024-10-30 13:03:01.624 [TestNG-PoolService-4] LoggerLoad - In Hooks Class : Broswername = chrome
[INFO ] 2024-10-30 13:03:03.700 [TestNG-PoolService-2] LoggerLoad - In Hooks Class : Broswername = chrome
[INFO ] 2024-10-30 13:03:06.018 [TestNG-PoolService-1] LoggerLoad - In Hooks Class : Broswername = chrome
[INFO ] 2024-10-30 13:03:06.065 [TestNG-PoolService-3] LoggerLoad - In Hooks Class : Broswername = chrome
[INFO ] 2024-10-30 13:03:09.716 [TestNG-PoolService-4] LoggerLoad - In Hooks Class : Broswername = chrome
[INFO ] 2024-10-30 13:03:11.244 [TestNG-PoolService-4] LoggerLoad - In Hooks Class : Broswername = chrome
[INFO ] 2024-10-30 13:03:11.508 [TestNG-PoolService-3] LoggerLoad - In Hooks Class : Broswername = chrome
[INFO ] 2024-10-30 13:03:12.227 [TestNG-PoolService-2] LoggerLoad - In Hooks Class : Broswername = chrome
[INFO ] 2024-10-30 13:03:13.364 [TestNG-PoolService-2] LoggerLoad - Signed In user is in array page
[INFO ] 2024-10-30 13:03:13.461 [TestNG-PoolService-4] LoggerLoad - In Hooks Class : Broswername = chrome
[INFO ] 2024-10-30 13:03:14.444 [TestNG-PoolService-3] LoggerLoad - In Hooks Class : Broswername = chrome
[INFO ] 2024-10-30 13:03:14.693 [TestNG-PoolService-1] LoggerLoad - In Hooks Class : Broswername = chrome
[INFO ] 2024-10-30 13:03:15.115 [TestNG-PoolService-4] LoggerLoad - Signed In user is in array page
[INFO ] 2024-10-30 13:03:15.685 [TestNG-PoolService-2] LoggerLoad - In Hooks Class : Broswername = chrome
[INFO ] 2024-10-30 13:03:15.988 [TestNG-PoolService-1] LoggerLoad - Signed In user is in array page
[INFO ] 2024-10-30 13:03:16.006 [TestNG-PoolService-3] LoggerLoad - Signed In user is in array page
[INFO ] 2024-10-30 13:03:16.807 [TestNG-PoolService-4] LoggerLoad - In Hooks Class : Broswername = chrome
[INFO ] 2024-10-30 13:03:17.038 [TestNG-PoolService-2] LoggerLoad - Signed In user is in array page
[INFO ] 2024-10-30 13:03:17.802 [TestNG-PoolService-3] LoggerLoad - In Hooks Class : Broswername = chrome
[INFO ] 2024-10-30 13:03:18.097 [TestNG-PoolService-4] LoggerLoad - Signed In user is in array page
[INFO ] 2024-10-30 13:03:18.933 [TestNG-PoolService-3] LoggerLoad - Signed In user is in array page
[INFO ] 2024-10-30 13:03:19.833 [TestNG-PoolService-1] LoggerLoad - In Hooks Class : Broswername = chrome
[INFO ] 2024-10-30 13:03:20.763 [TestNG-PoolService-2] LoggerLoad - In Hooks Class : Broswername = chrome
[INFO ] 2024-10-30 13:03:21.152 [TestNG-PoolService-1] LoggerLoad - Signed In user is in array page
[INFO ] 2024-10-30 13:03:21.809 [TestNG-PoolService-4] LoggerLoad - In Hooks Class : Broswername = chrome
[INFO ] 2024-10-30 13:03:22.065 [TestNG-PoolService-2] LoggerLoad - Signed In user is in array page
[INFO ] 2024-10-30 13:03:23.134 [TestNG-PoolService-4] LoggerLoad - Signed In user is in array page
[INFO ] 2024-10-30 13:03:23.245 [TestNG-PoolService-3] LoggerLoad - In Hooks Class : Broswername = chrome
[INFO ] 2024-10-30 13:03:24.318 [TestNG-PoolService-3] LoggerLoad - Signed In user is in array page
[INFO ] 2024-10-30 13:03:27.808 [TestNG-PoolService-1] LoggerLoad - Valid and Invalid code are validated
[INFO ] 2024-10-30 13:03:28.499 [TestNG-PoolService-2] LoggerLoad - Valid and Invalid code are validated
[INFO ] 2024-10-30 13:03:28.843 [TestNG-PoolService-1] LoggerLoad - In Hooks Class : Broswername = chrome
[INFO ] 2024-10-30 13:03:29.602 [TestNG-PoolService-4] LoggerLoad - Valid and Invalid code are validated
[INFO ] 2024-10-30 13:03:29.767 [TestNG-PoolService-2] LoggerLoad - In Hooks Class : Broswername = chrome
[INFO ] 2024-10-30 13:03:29.951 [TestNG-PoolService-1] LoggerLoad - Signed In user is in array page
[INFO ] 2024-10-30 13:03:30.613 [TestNG-PoolService-3] LoggerLoad - Valid and Invalid code are validated
[INFO ] 2024-10-30 13:03:31.015 [TestNG-PoolService-2] LoggerLoad - Signed In user is in array page
[INFO ] 2024-10-30 13:03:31.141 [TestNG-PoolService-4] LoggerLoad - In Hooks Class : Broswername = chrome
[INFO ] 2024-10-30 13:03:32.124 [TestNG-PoolService-3] LoggerLoad - In Hooks Class : Broswername = chrome
[INFO ] 2024-10-30 13:03:32.316 [TestNG-PoolService-4] LoggerLoad - Signed In user is in array page
[INFO ] 2024-10-30 13:03:33.148 [TestNG-PoolService-3] LoggerLoad - Signed In user is in array page
[INFO ] 2024-10-30 13:03:36.605 [TestNG-PoolService-1] LoggerLoad - Valid and Invalid code are validated
[INFO ] 2024-10-30 13:03:37.573 [TestNG-PoolService-2] LoggerLoad - Valid and Invalid code are validated
[INFO ] 2024-10-30 13:03:37.699 [TestNG-PoolService-1] LoggerLoad - In Hooks Class : Broswername = chrome
[INFO ] 2024-10-30 13:03:38.594 [TestNG-PoolService-4] LoggerLoad - Valid and Invalid code are validated
[INFO ] 2024-10-30 13:03:38.783 [TestNG-PoolService-2] LoggerLoad - In Hooks Class : Broswername = chrome
[INFO ] 2024-10-30 13:03:38.857 [TestNG-PoolService-1] LoggerLoad - Signed In user is in array page
[INFO ] 2024-10-30 13:03:39.559 [TestNG-PoolService-3] LoggerLoad - Valid and Invalid code are validated
[INFO ] 2024-10-30 13:03:39.940 [TestNG-PoolService-4] LoggerLoad - In Hooks Class : Broswername = chrome
[INFO ] 2024-10-30 13:03:40.112 [TestNG-PoolService-2] LoggerLoad - Signed In user is in array page
[INFO ] 2024-10-30 13:03:41.006 [TestNG-PoolService-1] LoggerLoad - In Hooks Class : Broswername = chrome
[INFO ] 2024-10-30 13:03:41.133 [TestNG-PoolService-3] LoggerLoad - In Hooks Class : Broswername = chrome
[INFO ] 2024-10-30 13:03:41.458 [TestNG-PoolService-4] LoggerLoad - Signed In user is in array page
[INFO ] 2024-10-30 13:03:42.290 [TestNG-PoolService-2] LoggerLoad - In Hooks Class : Broswername = chrome
[INFO ] 2024-10-30 13:03:42.335 [TestNG-PoolService-1] LoggerLoad - Signed In user is in array page
[INFO ] 2024-10-30 13:03:42.443 [TestNG-PoolService-3] LoggerLoad - Signed In user is in array page
[INFO ] 2024-10-30 13:03:43.349 [TestNG-PoolService-2] LoggerLoad - Signed In user is in array page
[INFO ] 2024-10-30 13:03:45.915 [TestNG-PoolService-4] LoggerLoad - In Hooks Class : Broswername = chrome
[INFO ] 2024-10-30 13:03:46.934 [TestNG-PoolService-3] LoggerLoad - In Hooks Class : Broswername = chrome
[INFO ] 2024-10-30 13:03:47.041 [TestNG-PoolService-1] LoggerLoad - In Hooks Class : Broswername = chrome
[INFO ] 2024-10-30 13:03:47.429 [TestNG-PoolService-4] LoggerLoad - Signed In user is in array page
[INFO ] 2024-10-30 13:03:47.942 [TestNG-PoolService-2] LoggerLoad - In Hooks Class : Broswername = chrome
[INFO ] 2024-10-30 13:03:48.316 [TestNG-PoolService-3] LoggerLoad - Signed In user is in array page
[INFO ] 2024-10-30 13:03:48.401 [TestNG-PoolService-1] LoggerLoad - Signed In user is in array page
[INFO ] 2024-10-30 13:03:49.078 [TestNG-PoolService-2] LoggerLoad - Signed In user is in array page
[INFO ] 2024-10-30 13:03:52.544 [TestNG-PoolService-4] LoggerLoad - In Hooks Class : Broswername = chrome
[INFO ] 2024-10-30 13:03:53.017 [TestNG-PoolService-3] LoggerLoad - In Hooks Class : Broswername = chrome
[INFO ] 2024-10-30 13:03:53.067 [TestNG-PoolService-1] LoggerLoad - In Hooks Class : Broswername = chrome
[INFO ] 2024-10-30 13:03:53.996 [TestNG-PoolService-4] LoggerLoad - Signed In user is in array page
[INFO ] 2024-10-30 13:03:54.093 [TestNG-PoolService-2] LoggerLoad - In Hooks Class : Broswername = chrome
[INFO ] 2024-10-30 13:03:54.276 [TestNG-PoolService-3] LoggerLoad - Signed In user is in array page
[INFO ] 2024-10-30 13:03:54.388 [TestNG-PoolService-1] LoggerLoad - Signed In user is in array page
[INFO ] 2024-10-30 13:03:55.206 [TestNG-PoolService-2] LoggerLoad - Signed In user is in array page
[INFO ] 2024-10-30 13:03:58.927 [TestNG-PoolService-4] LoggerLoad - In Hooks Class : Broswername = chrome
[INFO ] 2024-10-30 13:03:59.190 [TestNG-PoolService-3] LoggerLoad - In Hooks Class : Broswername = chrome
[INFO ] 2024-10-30 13:03:59.418 [TestNG-PoolService-1] LoggerLoad - In Hooks Class : Broswername = chrome
[INFO ] 2024-10-30 13:04:00.482 [TestNG-PoolService-2] LoggerLoad - In Hooks Class : Broswername = chrome
[INFO ] 2024-10-30 13:04:00.490 [TestNG-PoolService-4] LoggerLoad - Signed In user is in array page
[INFO ] 2024-10-30 13:04:00.616 [TestNG-PoolService-3] LoggerLoad - Signed In user is in array page
[INFO ] 2024-10-30 13:04:00.851 [TestNG-PoolService-1] LoggerLoad - Signed In user is in array page
[INFO ] 2024-10-30 13:04:01.918 [TestNG-PoolService-2] LoggerLoad - Signed In user is in array page
[INFO ] 2024-10-30 13:04:05.052 [TestNG-PoolService-4] LoggerLoad - In Hooks Class : Broswername = chrome
[INFO ] 2024-10-30 13:04:06.122 [TestNG-PoolService-4] LoggerLoad - Signed In user is in array page
[INFO ] 2024-10-30 13:04:08.517 [TestNG-PoolService-3] LoggerLoad - Valid and Invalid code are validated
[INFO ] 2024-10-30 13:04:08.888 [TestNG-PoolService-1] LoggerLoad - Valid and Invalid code are validated
[INFO ] 2024-10-30 13:04:09.451 [TestNG-PoolService-2] LoggerLoad - Valid and Invalid code are validated
[INFO ] 2024-10-30 13:04:09.615 [TestNG-PoolService-3] LoggerLoad - In Hooks Class : Broswername = chrome
[INFO ] 2024-10-30 13:04:10.544 [TestNG-PoolService-2] LoggerLoad - In Hooks Class : Broswername = chrome
[INFO ] 2024-10-30 13:04:10.718 [TestNG-PoolService-3] LoggerLoad - Signed In user is in array page
[INFO ] 2024-10-30 13:04:11.828 [TestNG-PoolService-1] LoggerLoad - In Hooks Class : Broswername = chrome
[INFO ] 2024-10-30 13:04:11.842 [TestNG-PoolService-2] LoggerLoad - Signed In user is in array page
[INFO ] 2024-10-30 13:04:12.938 [TestNG-PoolService-1] LoggerLoad - Signed In user is in array page
[INFO ] 2024-10-30 13:04:13.389 [TestNG-PoolService-4] LoggerLoad - Valid and Invalid code are validated
[INFO ] 2024-10-30 13:04:14.534 [TestNG-PoolService-4] LoggerLoad - In Hooks Class : Broswername = chrome
[INFO ] 2024-10-30 13:04:15.552 [TestNG-PoolService-4] LoggerLoad - Signed In user is in array page
[INFO ] 2024-10-30 13:04:18.138 [TestNG-PoolService-3] LoggerLoad - Valid and Invalid code are validated
[INFO ] 2024-10-30 13:04:19.116 [TestNG-PoolService-2] LoggerLoad - Valid and Invalid code are validated
[INFO ] 2024-10-30 13:04:19.159 [TestNG-PoolService-3] LoggerLoad - In Hooks Class : Broswername = chrome
[INFO ] 2024-10-30 13:04:20.226 [TestNG-PoolService-1] LoggerLoad - Valid and Invalid code are validated
[INFO ] 2024-10-30 13:04:20.310 [TestNG-PoolService-3] LoggerLoad - Signed In user is in array page
[INFO ] 2024-10-30 13:04:20.387 [TestNG-PoolService-2] LoggerLoad - In Hooks Class : Broswername = chrome
[INFO ] 2024-10-30 13:04:21.507 [TestNG-PoolService-1] LoggerLoad - In Hooks Class : Broswername = chrome
[INFO ] 2024-10-30 13:04:21.668 [TestNG-PoolService-2] LoggerLoad - Signed In user is in array page
[INFO ] 2024-10-30 13:04:22.677 [TestNG-PoolService-1] LoggerLoad - Signed In user is in array page
[INFO ] 2024-10-30 13:04:23.021 [TestNG-PoolService-4] LoggerLoad - Valid and Invalid code are validated
[INFO ] 2024-10-30 13:04:24.202 [TestNG-PoolService-4] LoggerLoad - In Hooks Class : Broswername = chrome
[INFO ] 2024-10-30 13:04:25.267 [TestNG-PoolService-4] LoggerLoad - Signed In user is in array page
[INFO ] 2024-10-30 13:04:27.718 [TestNG-PoolService-3] LoggerLoad - Valid and Invalid code are validated
[INFO ] 2024-10-30 13:04:28.730 [TestNG-PoolService-3] LoggerLoad - In Hooks Class : Broswername = chrome
[INFO ] 2024-10-30 13:04:29.028 [TestNG-PoolService-2] LoggerLoad - Valid and Invalid code are validated
[INFO ] 2024-10-30 13:04:29.959 [TestNG-PoolService-3] LoggerLoad - Signed In user is in array page
[INFO ] 2024-10-30 13:04:30.071 [TestNG-PoolService-2] LoggerLoad - In Hooks Class : Broswername = chrome
[INFO ] 2024-10-30 13:04:30.133 [TestNG-PoolService-1] LoggerLoad - Valid and Invalid code are validated
[INFO ] 2024-10-30 13:04:31.176 [TestNG-PoolService-2] LoggerLoad - Signed In user is in array page
[INFO ] 2024-10-30 13:04:31.412 [TestNG-PoolService-1] LoggerLoad - In Hooks Class : Broswername = chrome
[INFO ] 2024-10-30 13:04:32.468 [TestNG-PoolService-1] LoggerLoad - Signed In user is in array page
[INFO ] 2024-10-30 13:04:32.695 [TestNG-PoolService-4] LoggerLoad - Valid and Invalid code are validated
[INFO ] 2024-10-30 13:04:33.996 [TestNG-PoolService-4] LoggerLoad - In Hooks Class : Broswername = chrome
[INFO ] 2024-10-30 13:04:35.057 [TestNG-PoolService-4] LoggerLoad - Signed In user is in array page
[INFO ] 2024-10-30 13:04:37.561 [TestNG-PoolService-3] LoggerLoad - Valid and Invalid code are validated
[INFO ] 2024-10-30 13:04:38.745 [TestNG-PoolService-2] LoggerLoad - Valid and Invalid code are validated
[INFO ] 2024-10-30 13:04:38.889 [TestNG-PoolService-3] LoggerLoad - In Hooks Class : Broswername = chrome
[INFO ] 2024-10-30 13:04:40.027 [TestNG-PoolService-1] LoggerLoad - Valid and Invalid code are validated
[INFO ] 2024-10-30 13:04:40.308 [TestNG-PoolService-2] LoggerLoad - In Hooks Class : Broswername = chrome
[INFO ] 2024-10-30 13:04:40.337 [TestNG-PoolService-3] LoggerLoad - Signed In user is in array page
[INFO ] 2024-10-30 13:04:41.689 [TestNG-PoolService-1] LoggerLoad - In Hooks Class : Broswername = chrome
[INFO ] 2024-10-30 13:04:41.803 [TestNG-PoolService-2] LoggerLoad - Signed In user is in array page
[INFO ] 2024-10-30 13:04:42.406 [TestNG-PoolService-4] LoggerLoad - Valid and Invalid code are validated
[INFO ] 2024-10-30 13:04:42.933 [TestNG-PoolService-1] LoggerLoad - Signed In user is in array page
[INFO ] 2024-10-30 13:04:43.893 [TestNG-PoolService-4] LoggerLoad - In Hooks Class : Broswername = chrome
[INFO ] 2024-10-30 13:04:45.238 [TestNG-PoolService-4] LoggerLoad - Signed In user is in array page
[INFO ] 2024-10-30 13:04:48.136 [TestNG-PoolService-3] LoggerLoad - Valid and Invalid code are validated
[INFO ] 2024-10-30 13:04:49.131 [TestNG-PoolService-2] LoggerLoad - Valid and Invalid code are validated
[INFO ] 2024-10-30 13:04:49.249 [TestNG-PoolService-3] LoggerLoad - In Hooks Class : Broswername = chrome
[INFO ] 2024-10-30 13:04:50.518 [TestNG-PoolService-1] LoggerLoad - Valid and Invalid code are validated
[INFO ] 2024-10-30 13:04:50.521 [TestNG-PoolService-2] LoggerLoad - In Hooks Class : Broswername = chrome
[INFO ] 2024-10-30 13:04:50.680 [TestNG-PoolService-3] LoggerLoad - Signed In user is in array page
[INFO ] 2024-10-30 13:04:51.656 [TestNG-PoolService-1] LoggerLoad - In Hooks Class : Broswername = chrome
[INFO ] 2024-10-30 13:04:51.815 [TestNG-PoolService-2] LoggerLoad - Signed In user is in array page
[INFO ] 2024-10-30 13:04:52.561 [TestNG-PoolService-4] LoggerLoad - Valid and Invalid code are validated
[INFO ] 2024-10-30 13:04:52.831 [TestNG-PoolService-1] LoggerLoad - Signed In user is in array page
[INFO ] 2024-10-30 13:04:54.224 [TestNG-PoolService-4] LoggerLoad - In Hooks Class : Broswername = chrome
[INFO ] 2024-10-30 13:04:55.228 [TestNG-PoolService-4] LoggerLoad - Signed In user is in array page
[INFO ] 2024-10-30 13:04:58.141 [TestNG-PoolService-3] LoggerLoad - Valid and Invalid code are validated
[INFO ] 2024-10-30 13:04:59.144 [TestNG-PoolService-2] LoggerLoad - Valid and Invalid code are validated
[INFO ] 2024-10-30 13:04:59.265 [TestNG-PoolService-3] LoggerLoad - In Hooks Class : Broswername = chrome
[INFO ] 2024-10-30 13:05:00.385 [TestNG-PoolService-1] LoggerLoad - Valid and Invalid code are validated
[INFO ] 2024-10-30 13:05:00.401 [TestNG-PoolService-2] LoggerLoad - In Hooks Class : Broswername = chrome
[INFO ] 2024-10-30 13:05:00.665 [TestNG-PoolService-3] LoggerLoad - Signed In user is in array page
[INFO ] 2024-10-30 13:05:01.365 [TestNG-PoolService-2] LoggerLoad - Signed In user is in array page
[INFO ] 2024-10-30 13:05:02.647 [TestNG-PoolService-4] LoggerLoad - Valid and Invalid code are validated
[INFO ] 2024-10-30 13:05:08.035 [TestNG-PoolService-3] LoggerLoad - Valid and Invalid code are validated
[INFO ] 2024-10-30 13:05:08.621 [TestNG-PoolService-2] LoggerLoad - Valid and Invalid code are validated
[INFO ] 2024-10-30 13:19:27.592 [TestNG-PoolService-7] LoggerLoad - In Hooks Class : Broswername = chrome
[INFO ] 2024-10-30 13:19:27.598 [TestNG-PoolService-2] LoggerLoad - In Hooks Class : Broswername = chrome
[INFO ] 2024-10-30 13:19:27.595 [TestNG-PoolService-4] LoggerLoad - In Hooks Class : Broswername = chrome
[INFO ] 2024-10-30 13:19:27.598 [TestNG-PoolService-8] LoggerLoad - In Hooks Class : Broswername = chrome
[INFO ] 2024-10-30 13:19:27.596 [TestNG-PoolService-6] LoggerLoad - In Hooks Class : Broswername = chrome
[INFO ] 2024-10-30 13:19:27.595 [TestNG-PoolService-5] LoggerLoad - In Hooks Class : Broswername = chrome
[INFO ] 2024-10-30 13:19:27.598 [TestNG-PoolService-10] LoggerLoad - In Hooks Class : Broswername = chrome
[INFO ] 2024-10-30 13:19:27.595 [TestNG-PoolService-1] LoggerLoad - In Hooks Class : Broswername = chrome
[INFO ] 2024-10-30 13:19:27.595 [TestNG-PoolService-9] LoggerLoad - In Hooks Class : Broswername = chrome
[INFO ] 2024-10-30 13:19:27.598 [TestNG-PoolService-3] LoggerLoad - In Hooks Class : Broswername = chrome
[INFO ] 2024-10-30 13:19:34.059 [TestNG-PoolService-7] LoggerLoad - Signed In user is in array page
[INFO ] 2024-10-30 13:19:34.382 [TestNG-PoolService-6] LoggerLoad - Signed In user is in array page
[INFO ] 2024-10-30 13:19:34.619 [TestNG-PoolService-7] LoggerLoad - Page Title is : Practice Questions
[INFO ] 2024-10-30 13:19:34.654 [TestNG-PoolService-1] LoggerLoad - Signed In user is in array page
[INFO ] 2024-10-30 13:19:34.708 [TestNG-PoolService-6] LoggerLoad - Page Title is : Practice Questions
[INFO ] 2024-10-30 13:19:34.754 [TestNG-PoolService-2] LoggerLoad - Signed In user is in array page
[INFO ] 2024-10-30 13:19:35.169 [TestNG-PoolService-9] LoggerLoad - Signed In user is in array page
[INFO ] 2024-10-30 13:19:35.296 [TestNG-PoolService-3] LoggerLoad - Signed In user is in array page
[INFO ] 2024-10-30 13:19:35.523 [TestNG-PoolService-8] LoggerLoad - Signed In user is in array page
[INFO ] 2024-10-30 13:19:36.719 [TestNG-PoolService-5] LoggerLoad - Signed In user is in array page
[INFO ] 2024-10-30 13:19:36.880 [TestNG-PoolService-4] LoggerLoad - Signed In user is in array page
[INFO ] 2024-10-30 13:19:36.937 [TestNG-PoolService-9] LoggerLoad - Page Title is : Practice Questions
[INFO ] 2024-10-30 13:19:37.289 [TestNG-PoolService-8] LoggerLoad - Page Title is : Practice Questions
[INFO ] 2024-10-30 13:19:41.114 [TestNG-PoolService-10] LoggerLoad - In Hooks Class : Broswername = chrome
[INFO ] 2024-10-30 13:19:50.953 [TestNG-PoolService-6] LoggerLoad - In Hooks Class : Broswername = chrome
[INFO ] 2024-10-30 13:19:51.378 [TestNG-PoolService-2] LoggerLoad - In Array Page Text Editor
[INFO ] 2024-10-30 13:19:52.858 [TestNG-PoolService-5] LoggerLoad - In Array Page Text Editor
[INFO ] 2024-10-30 13:19:52.913 [TestNG-PoolService-3] LoggerLoad - In Array Page Text Editor
[INFO ] 2024-10-30 13:19:54.414 [TestNG-PoolService-4] LoggerLoad - In Array Page Text Editor
[INFO ] 2024-10-30 13:19:54.629 [TestNG-PoolService-7] LoggerLoad - Python code
[INFO ] 2024-10-30 13:19:54.930 [TestNG-PoolService-7] LoggerLoad - Page Title is : Assessment
[INFO ] 2024-10-30 13:19:57.464 [TestNG-PoolService-9] LoggerLoad - Python code
[INFO ] 2024-10-30 13:19:57.940 [TestNG-PoolService-9] LoggerLoad - Page Title is : Assessment
[INFO ] 2024-10-30 13:19:58.208 [TestNG-PoolService-2] LoggerLoad - In Array Page Text Editor
[INFO ] 2024-10-30 13:19:59.015 [TestNG-PoolService-5] LoggerLoad - In Array Page Text Editor
[INFO ] 2024-10-30 13:20:00.192 [TestNG-PoolService-3] LoggerLoad - In Array Page Text Editor
[INFO ] 2024-10-30 13:20:02.296 [TestNG-PoolService-10] LoggerLoad - In Hooks Class : Broswername = chrome
[INFO ] 2024-10-30 13:20:02.719 [TestNG-PoolService-1] LoggerLoad - In Hooks Class : Broswername = chrome
[INFO ] 2024-10-30 13:20:04.442 [TestNG-PoolService-6] LoggerLoad - In Hooks Class : Broswername = chrome
[INFO ] 2024-10-30 13:20:06.774 [TestNG-PoolService-9] LoggerLoad - In Hooks Class : Broswername = chrome
[INFO ] 2024-10-30 13:20:06.862 [TestNG-PoolService-5] LoggerLoad - In Hooks Class : Broswername = chrome
[INFO ] 2024-10-30 13:20:06.996 [TestNG-PoolService-2] LoggerLoad - In Hooks Class : Broswername = chrome
[INFO ] 2024-10-30 13:20:07.226 [TestNG-PoolService-8] LoggerLoad - In Hooks Class : Broswername = chrome
[INFO ] 2024-10-30 13:20:08.097 [TestNG-PoolService-6] LoggerLoad - Signed In user is in array page
[INFO ] 2024-10-30 13:20:09.576 [TestNG-PoolService-3] LoggerLoad - In Hooks Class : Broswername = chrome
[INFO ] 2024-10-30 13:20:09.790 [TestNG-PoolService-7] LoggerLoad - In Hooks Class : Broswername = chrome
[INFO ] 2024-10-30 13:20:09.845 [TestNG-PoolService-9] LoggerLoad - Signed In user is in array page
[INFO ] 2024-10-30 13:20:11.263 [TestNG-PoolService-5] LoggerLoad - Signed In user is in array page
[INFO ] 2024-10-30 13:20:11.666 [TestNG-PoolService-2] LoggerLoad - Signed In user is in array page
[INFO ] 2024-10-30 13:20:11.852 [TestNG-PoolService-8] LoggerLoad - Signed In user is in array page
[INFO ] 2024-10-30 13:20:12.111 [TestNG-PoolService-7] LoggerLoad - Signed In user is in array page
[INFO ] 2024-10-30 13:20:12.411 [TestNG-PoolService-3] LoggerLoad - Signed In user is in array page
[INFO ] 2024-10-30 13:20:15.774 [TestNG-PoolService-1] LoggerLoad - In Hooks Class : Broswername = chrome
[INFO ] 2024-10-30 13:20:18.659 [TestNG-PoolService-2] LoggerLoad - In Hooks Class : Broswername = chrome
[INFO ] 2024-10-30 13:20:18.956 [TestNG-PoolService-10] LoggerLoad - In Hooks Class : Broswername = chrome
[INFO ] 2024-10-30 13:20:20.220 [TestNG-PoolService-6] LoggerLoad - In Hooks Class : Broswername = chrome
[INFO ] 2024-10-30 13:20:20.230 [TestNG-PoolService-4] LoggerLoad - In Hooks Class : Broswername = chrome
[INFO ] 2024-10-30 13:20:22.191 [TestNG-PoolService-1] LoggerLoad - Signed In user is in array page
[INFO ] 2024-10-30 13:20:22.217 [TestNG-PoolService-4] LoggerLoad - Signed In user is in array page
[INFO ] 2024-10-30 13:20:23.303 [TestNG-PoolService-2] LoggerLoad - Signed In user is in array page
[INFO ] 2024-10-30 13:20:23.353 [TestNG-PoolService-3] LoggerLoad - Valid and Invalid code are validated
[INFO ] 2024-10-30 13:20:23.381 [TestNG-PoolService-10] LoggerLoad - Signed In user is in array page
[INFO ] 2024-10-30 13:20:30.954 [TestNG-PoolService-4] LoggerLoad - In Hooks Class : Broswername = chrome
[INFO ] 2024-10-30 13:20:31.991 [TestNG-PoolService-5] LoggerLoad - In Hooks Class : Broswername = chrome
[INFO ] 2024-10-30 13:20:31.999 [TestNG-PoolService-7] LoggerLoad - In Hooks Class : Broswername = chrome
[INFO ] 2024-10-30 13:20:32.000 [TestNG-PoolService-9] LoggerLoad - In Hooks Class : Broswername = chrome
[INFO ] 2024-10-30 13:20:32.509 [TestNG-PoolService-8] LoggerLoad - Valid and Invalid code are validated
[INFO ] 2024-10-30 13:20:32.710 [TestNG-PoolService-3] LoggerLoad - In Hooks Class : Broswername = chrome
[INFO ] 2024-10-30 13:20:34.224 [TestNG-PoolService-6] LoggerLoad - In Hooks Class : Broswername = chrome
[INFO ] 2024-10-30 13:20:35.474 [TestNG-PoolService-1] LoggerLoad - In Hooks Class : Broswername = chrome
[INFO ] 2024-10-30 13:20:36.130 [TestNG-PoolService-2] LoggerLoad - Valid and Invalid code are validated
[INFO ] 2024-10-30 13:20:36.392 [TestNG-PoolService-10] LoggerLoad - Valid and Invalid code are validated
[INFO ] 2024-10-30 13:20:36.594 [TestNG-PoolService-5] LoggerLoad - Signed In user is in array page
[INFO ] 2024-10-30 13:20:36.684 [TestNG-PoolService-4] LoggerLoad - Signed In user is in array page
[INFO ] 2024-10-30 13:20:37.507 [TestNG-PoolService-6] LoggerLoad - Signed In user is in array page
[INFO ] 2024-10-30 13:20:37.547 [TestNG-PoolService-9] LoggerLoad - Signed In user is in array page
[INFO ] 2024-10-30 13:20:37.854 [TestNG-PoolService-3] LoggerLoad - Signed In user is in array page
[INFO ] 2024-10-30 13:20:39.245 [TestNG-PoolService-7] LoggerLoad - Signed In user is in array page
[INFO ] 2024-10-30 13:20:43.565 [TestNG-PoolService-1] LoggerLoad - In Hooks Class : Broswername = chrome
[INFO ] 2024-10-30 13:20:45.840 [TestNG-PoolService-2] LoggerLoad - In Hooks Class : Broswername = chrome
[INFO ] 2024-10-30 13:20:46.041 [TestNG-PoolService-4] LoggerLoad - In Hooks Class : Broswername = chrome
[INFO ] 2024-10-30 13:20:57.140 [TestNG-PoolService-8] LoggerLoad - In Hooks Class : Broswername = chrome
[INFO ] 2024-10-30 13:20:57.588 [TestNG-PoolService-10] LoggerLoad - In Hooks Class : Broswername = chrome
[INFO ] 2024-10-30 13:20:58.636 [TestNG-PoolService-4] LoggerLoad - Signed In user is in array page
[INFO ] 2024-10-30 13:20:59.976 [TestNG-PoolService-2] LoggerLoad - Signed In user is in array page
[INFO ] 2024-10-30 13:21:01.162 [TestNG-PoolService-9] LoggerLoad - Valid and Invalid code are validated
[INFO ] 2024-10-30 13:21:01.268 [TestNG-PoolService-3] LoggerLoad - Valid and Invalid code are validated
[INFO ] 2024-10-30 13:21:02.137 [TestNG-PoolService-1] LoggerLoad - Signed In user is in array page
[INFO ] 2024-10-30 13:21:03.319 [TestNG-PoolService-10] LoggerLoad - Signed In user is in array page
[INFO ] 2024-10-30 13:21:04.327 [TestNG-PoolService-8] LoggerLoad - Signed In user is in array page
[INFO ] 2024-10-30 13:21:10.373 [TestNG-PoolService-2] LoggerLoad - Valid and Invalid code are validated
[INFO ] 2024-10-30 13:21:10.488 [TestNG-PoolService-6] LoggerLoad - In Hooks Class : Broswername = chrome
[INFO ] 2024-10-30 13:21:12.818 [TestNG-PoolService-6] LoggerLoad - Signed In user is in array page
[INFO ] 2024-10-30 13:21:14.004 [TestNG-PoolService-5] LoggerLoad - In Hooks Class : Broswername = chrome
[INFO ] 2024-10-30 13:21:16.086 [TestNG-PoolService-5] LoggerLoad - Signed In user is in array page
[INFO ] 2024-10-30 13:21:17.103 [TestNG-PoolService-7] LoggerLoad - In Hooks Class : Broswername = chrome
[INFO ] 2024-10-30 13:21:17.525 [TestNG-PoolService-10] LoggerLoad - In Hooks Class : Broswername = chrome
[INFO ] 2024-10-30 13:21:18.830 [TestNG-PoolService-9] LoggerLoad - In Hooks Class : Broswername = chrome
[INFO ] 2024-10-30 13:21:19.101 [TestNG-PoolService-2] LoggerLoad - In Hooks Class : Broswername = chrome
[INFO ] 2024-10-30 13:21:19.357 [TestNG-PoolService-3] LoggerLoad - In Hooks Class : Broswername = chrome
[INFO ] 2024-10-30 13:21:19.898 [TestNG-PoolService-8] LoggerLoad - Valid and Invalid code are validated
[INFO ] 2024-10-30 13:21:19.898 [TestNG-PoolService-1] LoggerLoad - Valid and Invalid code are validated
[INFO ] 2024-10-30 13:21:21.063 [TestNG-PoolService-6] LoggerLoad - Valid and Invalid code are validated
[INFO ] 2024-10-30 13:21:21.486 [TestNG-PoolService-10] LoggerLoad - Signed In user is in array page
[INFO ] 2024-10-30 13:21:21.615 [TestNG-PoolService-2] LoggerLoad - Signed In user is in array page
[INFO ] 2024-10-30 13:21:21.946 [TestNG-PoolService-9] LoggerLoad - Signed In user is in array page
[INFO ] 2024-10-30 13:21:22.401 [TestNG-PoolService-7] LoggerLoad - Signed In user is in array page
[INFO ] 2024-10-30 13:21:22.418 [TestNG-PoolService-4] LoggerLoad - In Hooks Class : Broswername = chrome
[INFO ] 2024-10-30 13:21:24.045 [TestNG-PoolService-3] LoggerLoad - Signed In user is in array page
[INFO ] 2024-10-30 13:21:24.648 [TestNG-PoolService-4] LoggerLoad - Signed In user is in array page
[INFO ] 2024-10-30 13:21:29.314 [TestNG-PoolService-8] LoggerLoad - In Hooks Class : Broswername = chrome
[INFO ] 2024-10-30 13:21:29.392 [TestNG-PoolService-6] LoggerLoad - In Hooks Class : Broswername = chrome
[INFO ] 2024-10-30 13:21:29.649 [TestNG-PoolService-5] LoggerLoad - In Hooks Class : Broswername = chrome
[INFO ] 2024-10-30 13:21:29.708 [TestNG-PoolService-1] LoggerLoad - In Hooks Class : Broswername = chrome
[INFO ] 2024-10-30 13:21:31.910 [TestNG-PoolService-2] LoggerLoad - In Hooks Class : Broswername = chrome
[INFO ] 2024-10-30 13:21:32.621 [TestNG-PoolService-1] LoggerLoad - Signed In user is in array page
[INFO ] 2024-10-30 13:21:32.989 [TestNG-PoolService-5] LoggerLoad - Signed In user is in array page
[INFO ] 2024-10-30 13:21:32.991 [TestNG-PoolService-9] LoggerLoad - Valid and Invalid code are validated
[INFO ] 2024-10-30 13:21:33.288 [TestNG-PoolService-10] LoggerLoad - Valid and Invalid code are validated
[INFO ] 2024-10-30 13:21:33.292 [TestNG-PoolService-8] LoggerLoad - Signed In user is in array page
[INFO ] 2024-10-30 13:21:34.059 [TestNG-PoolService-6] LoggerLoad - Signed In user is in array page
[INFO ] 2024-10-30 13:21:34.810 [TestNG-PoolService-2] LoggerLoad - Signed In user is in array page
[INFO ] 2024-10-30 13:21:38.082 [TestNG-PoolService-3] LoggerLoad - In Hooks Class : Broswername = chrome
[INFO ] 2024-10-30 13:21:38.363 [TestNG-PoolService-10] LoggerLoad - In Hooks Class : Broswername = chrome
[INFO ] 2024-10-30 13:21:38.393 [TestNG-PoolService-9] LoggerLoad - In Hooks Class : Broswername = chrome
[INFO ] 2024-10-30 13:21:39.753 [TestNG-PoolService-4] LoggerLoad - Valid and Invalid code are validated
[INFO ] 2024-10-30 13:21:41.786 [TestNG-PoolService-7] LoggerLoad - In Hooks Class : Broswername = chrome
[INFO ] 2024-10-30 13:21:42.096 [TestNG-PoolService-9] LoggerLoad - Signed In user is in array page
[INFO ] 2024-10-30 13:21:42.437 [TestNG-PoolService-3] LoggerLoad - Signed In user is in array page
[INFO ] 2024-10-30 13:21:42.813 [TestNG-PoolService-10] LoggerLoad - Signed In user is in array page
[INFO ] 2024-10-30 13:21:43.614 [TestNG-PoolService-5] LoggerLoad - Valid and Invalid code are validated
[INFO ] 2024-10-30 13:21:44.268 [TestNG-PoolService-7] LoggerLoad - Signed In user is in array page
[INFO ] 2024-10-30 13:21:48.073 [TestNG-PoolService-5] LoggerLoad - In Hooks Class : Broswername = chrome
[INFO ] 2024-10-30 13:21:48.242 [TestNG-PoolService-4] LoggerLoad - In Hooks Class : Broswername = chrome
[INFO ] 2024-10-30 13:21:51.310 [TestNG-PoolService-9] LoggerLoad - In Hooks Class : Broswername = chrome
[INFO ] 2024-10-30 13:21:51.528 [TestNG-PoolService-1] LoggerLoad - In Hooks Class : Broswername = chrome
[INFO ] 2024-10-30 13:21:51.647 [TestNG-PoolService-8] LoggerLoad - In Hooks Class : Broswername = chrome
[INFO ] 2024-10-30 13:21:53.217 [TestNG-PoolService-6] LoggerLoad - Valid and Invalid code are validated
[INFO ] 2024-10-30 13:21:53.524 [TestNG-PoolService-2] LoggerLoad - Valid and Invalid code are validated
[INFO ] 2024-10-30 13:21:53.965 [TestNG-PoolService-10] LoggerLoad - Valid and Invalid code are validated
[INFO ] 2024-10-30 13:21:54.054 [TestNG-PoolService-8] LoggerLoad - Signed In user is in array page
[INFO ] 2024-10-30 13:21:54.734 [TestNG-PoolService-5] LoggerLoad - Signed In user is in array page
[INFO ] 2024-10-30 13:21:54.744 [TestNG-PoolService-4] LoggerLoad - Signed In user is in array page
[INFO ] 2024-10-30 13:21:54.771 [TestNG-PoolService-1] LoggerLoad - Signed In user is in array page
[INFO ] 2024-10-30 13:21:54.811 [TestNG-PoolService-9] LoggerLoad - Signed In user is in array page
[INFO ] 2024-10-30 13:22:01.313 [TestNG-PoolService-4] LoggerLoad - In Hooks Class : Broswername = chrome
[INFO ] 2024-10-30 13:22:02.079 [TestNG-PoolService-6] LoggerLoad - In Hooks Class : Broswername = chrome
[INFO ] 2024-10-30 13:22:02.503 [TestNG-PoolService-3] LoggerLoad - In Hooks Class : Broswername = chrome
[INFO ] 2024-10-30 13:22:02.999 [TestNG-PoolService-2] LoggerLoad - In Hooks Class : Broswername = chrome
[INFO ] 2024-10-30 13:22:03.041 [TestNG-PoolService-10] LoggerLoad - In Hooks Class : Broswername = chrome
[INFO ] 2024-10-30 13:22:03.827 [TestNG-PoolService-7] LoggerLoad - Valid and Invalid code are validated
[INFO ] 2024-10-30 13:22:04.288 [TestNG-PoolService-5] LoggerLoad - In Hooks Class : Broswername = chrome
[INFO ] 2024-10-30 13:22:05.622 [TestNG-PoolService-4] LoggerLoad - Signed In user is in array page
[INFO ] 2024-10-30 13:22:06.717 [TestNG-PoolService-6] LoggerLoad - Signed In user is in array page
[INFO ] 2024-10-30 13:22:06.768 [TestNG-PoolService-5] LoggerLoad - Signed In user is in array page
[INFO ] 2024-10-30 13:22:06.907 [TestNG-PoolService-2] LoggerLoad - Signed In user is in array page
[INFO ] 2024-10-30 13:22:07.112 [TestNG-PoolService-10] LoggerLoad - Signed In user is in array page
[INFO ] 2024-10-30 13:22:07.496 [TestNG-PoolService-3] LoggerLoad - Signed In user is in array page
[INFO ] 2024-10-30 13:22:14.188 [TestNG-PoolService-7] LoggerLoad - In Hooks Class : Broswername = chrome
[INFO ] 2024-10-30 13:22:14.286 [TestNG-PoolService-8] LoggerLoad - In Hooks Class : Broswername = chrome
[INFO ] 2024-10-30 13:22:14.356 [TestNG-PoolService-1] LoggerLoad - In Hooks Class : Broswername = chrome
[INFO ] 2024-10-30 13:22:15.908 [TestNG-PoolService-5] LoggerLoad - Valid and Invalid code are validated
[INFO ] 2024-10-30 13:22:17.439 [TestNG-PoolService-4] LoggerLoad - Valid and Invalid code are validated
[INFO ] 2024-10-30 13:22:18.070 [TestNG-PoolService-7] LoggerLoad - Signed In user is in array page
[INFO ] 2024-10-30 13:22:18.458 [TestNG-PoolService-8] LoggerLoad - Signed In user is in array page
[INFO ] 2024-10-30 13:22:19.123 [TestNG-PoolService-9] LoggerLoad - In Hooks Class : Broswername = chrome
[INFO ] 2024-10-30 13:22:19.947 [TestNG-PoolService-1] LoggerLoad - Signed In user is in array page
[INFO ] 2024-10-30 13:22:21.989 [TestNG-PoolService-6] LoggerLoad - Valid and Invalid code are validated
[INFO ] 2024-10-30 13:22:22.253 [TestNG-PoolService-3] LoggerLoad - Valid and Invalid code are validated
[INFO ] 2024-10-30 13:22:23.945 [TestNG-PoolService-4] LoggerLoad - In Hooks Class : Broswername = chrome
[INFO ] 2024-10-30 13:22:26.223 [TestNG-PoolService-5] LoggerLoad - In Hooks Class : Broswername = chrome
[INFO ] 2024-10-30 13:22:26.491 [TestNG-PoolService-7] LoggerLoad - Valid and Invalid code are validated
[INFO ] 2024-10-30 13:22:26.750 [TestNG-PoolService-10] LoggerLoad - In Hooks Class : Broswername = chrome
[INFO ] 2024-10-30 13:22:27.995 [TestNG-PoolService-9] LoggerLoad - In Hooks Class : Broswername = chrome
[INFO ] 2024-10-30 13:22:28.497 [TestNG-PoolService-2] LoggerLoad - Valid and Invalid code are validated
[INFO ] 2024-10-30 13:22:29.083 [TestNG-PoolService-8] LoggerLoad - Valid and Invalid code are validated
[INFO ] 2024-10-30 13:22:32.983 [TestNG-PoolService-7] LoggerLoad - In Hooks Class : Broswername = chrome
[INFO ] 2024-10-30 13:22:33.186 [TestNG-PoolService-8] LoggerLoad - In Hooks Class : Broswername = chrome
[INFO ] 2024-10-30 13:22:33.194 [TestNG-PoolService-2] LoggerLoad - In Hooks Class : Broswername = chrome
[INFO ] 2024-10-30 13:22:33.445 [TestNG-PoolService-3] LoggerLoad - In Hooks Class : Broswername = chrome
[INFO ] 2024-10-30 13:22:35.371 [TestNG-PoolService-6] LoggerLoad - In Hooks Class : Broswername = chrome
[INFO ] 2024-10-30 13:22:35.897 [TestNG-PoolService-1] LoggerLoad - Valid and Invalid code are validated
[INFO ] 2024-10-30 13:22:40.447 [TestNG-PoolService-1] LoggerLoad - In Hooks Class : Broswername = chrome
[INFO ] 2024-10-30 13:22:40.889 [TestNG-PoolService-3] LoggerLoad - In Hooks Class : Broswername = chrome
[INFO ] 2024-10-30 13:22:40.897 [TestNG-PoolService-10] LoggerLoad - In Hooks Class : Broswername = chrome
[INFO ] 2024-10-30 13:22:41.164 [TestNG-PoolService-5] LoggerLoad - In Hooks Class : Broswername = chrome
[INFO ] 2024-10-30 13:22:41.170 [TestNG-PoolService-8] LoggerLoad - In Hooks Class : Broswername = chrome
[INFO ] 2024-10-30 13:22:43.695 [TestNG-PoolService-4] LoggerLoad - In Hooks Class : Broswername = chrome
[INFO ] 2024-10-30 13:22:44.535 [TestNG-PoolService-10] LoggerLoad - Signed In user is in array page
[INFO ] 2024-10-30 13:22:44.566 [TestNG-PoolService-8] LoggerLoad - Signed In user is in array page
[INFO ] 2024-10-30 13:22:44.749 [TestNG-PoolService-5] LoggerLoad - Signed In user is in array page
[INFO ] 2024-10-30 13:22:44.881 [TestNG-PoolService-3] LoggerLoad - Signed In user is in array page
[INFO ] 2024-10-30 13:22:46.197 [TestNG-PoolService-4] LoggerLoad - Signed In user is in array page
[INFO ] 2024-10-30 13:22:50.313 [TestNG-PoolService-1] LoggerLoad - In Hooks Class : Broswername = chrome
[INFO ] 2024-10-30 13:22:50.348 [TestNG-PoolService-7] LoggerLoad - In Hooks Class : Broswername = chrome
[INFO ] 2024-10-30 13:22:50.439 [TestNG-PoolService-10] LoggerLoad - In Hooks Class : Broswername = chrome
[INFO ] 2024-10-30 13:22:50.503 [TestNG-PoolService-9] LoggerLoad - In Hooks Class : Broswername = chrome
[INFO ] 2024-10-30 13:22:50.515 [TestNG-PoolService-3] LoggerLoad - In Hooks Class : Broswername = chrome
[INFO ] 2024-10-30 13:22:52.078 [TestNG-PoolService-5] LoggerLoad - In Hooks Class : Broswername = chrome
[INFO ] 2024-10-30 13:22:54.220 [TestNG-PoolService-9] LoggerLoad - Signed In user is in array page
[INFO ] 2024-10-30 13:22:54.503 [TestNG-PoolService-10] LoggerLoad - Signed In user is in array page
[INFO ] 2024-10-30 13:22:54.586 [TestNG-PoolService-5] LoggerLoad - Signed In user is in array page
[INFO ] 2024-10-30 13:22:54.616 [TestNG-PoolService-1] LoggerLoad - Signed In user is in array page
[INFO ] 2024-10-30 13:22:54.832 [TestNG-PoolService-3] LoggerLoad - Signed In user is in array page
[INFO ] 2024-10-30 13:22:55.736 [TestNG-PoolService-7] LoggerLoad - Signed In user is in array page
[INFO ] 2024-10-30 13:23:01.512 [TestNG-PoolService-8] LoggerLoad - In Hooks Class : Broswername = chrome
[INFO ] 2024-10-30 13:23:01.762 [TestNG-PoolService-6] LoggerLoad - In Hooks Class : Broswername = chrome
[INFO ] 2024-10-30 13:23:01.985 [TestNG-PoolService-2] LoggerLoad - In Hooks Class : Broswername = chrome
[INFO ] 2024-10-30 13:23:01.992 [TestNG-PoolService-4] LoggerLoad - In Hooks Class : Broswername = chrome
[INFO ] 2024-10-30 13:23:05.564 [TestNG-PoolService-2] LoggerLoad - Signed In user is in array page
[INFO ] 2024-10-30 13:23:05.619 [TestNG-PoolService-4] LoggerLoad - Signed In user is in array page
[INFO ] 2024-10-30 13:23:05.733 [TestNG-PoolService-8] LoggerLoad - Signed In user is in array page
[INFO ] 2024-10-30 13:23:05.864 [TestNG-PoolService-6] LoggerLoad - Signed In user is in array page
[INFO ] 2024-10-30 13:23:06.661 [TestNG-PoolService-5] LoggerLoad - Valid and Invalid code are validated
[INFO ] 2024-10-30 13:23:07.917 [TestNG-PoolService-1] LoggerLoad - In Hooks Class : Broswername = chrome
[INFO ] 2024-10-30 13:23:09.932 [TestNG-PoolService-5] LoggerLoad - In Hooks Class : Broswername = chrome
[INFO ] 2024-10-30 13:23:12.114 [TestNG-PoolService-10] LoggerLoad - In Hooks Class : Broswername = chrome
[INFO ] 2024-10-30 13:23:13.872 [TestNG-PoolService-9] LoggerLoad - Valid and Invalid code are validated
[INFO ] 2024-10-30 13:23:13.891 [TestNG-PoolService-3] LoggerLoad - Valid and Invalid code are validated
[INFO ] 2024-10-30 13:23:14.196 [TestNG-PoolService-7] LoggerLoad - Valid and Invalid code are validated
[INFO ] 2024-10-30 13:23:14.701 [TestNG-PoolService-10] LoggerLoad - Signed In user is in array page
[INFO ] 2024-10-30 13:23:15.267 [TestNG-PoolService-5] LoggerLoad - Signed In user is in array page
[INFO ] 2024-10-30 13:23:15.469 [TestNG-PoolService-1] LoggerLoad - Signed In user is in array page
[INFO ] 2024-10-30 13:23:17.568 [TestNG-PoolService-8] LoggerLoad - Valid and Invalid code are validated
[INFO ] 2024-10-30 13:23:18.050 [TestNG-PoolService-4] LoggerLoad - Valid and Invalid code are validated
[INFO ] 2024-10-30 13:23:19.602 [TestNG-PoolService-6] LoggerLoad - Valid and Invalid code are validated
[INFO ] 2024-10-30 13:23:19.783 [TestNG-PoolService-2] LoggerLoad - Valid and Invalid code are validated
[INFO ] 2024-10-30 13:23:20.739 [TestNG-PoolService-5] LoggerLoad - In Hooks Class : Broswername = chrome
[INFO ] 2024-10-30 13:23:33.328 [TestNG-PoolService-3] LoggerLoad - In Hooks Class : Broswername = chrome
[INFO ] 2024-10-30 13:23:33.411 [TestNG-PoolService-9] LoggerLoad - In Hooks Class : Broswername = chrome
[INFO ] 2024-10-30 13:23:33.684 [TestNG-PoolService-5] LoggerLoad - Signed In user is in array page
[INFO ] 2024-10-30 13:23:34.569 [TestNG-PoolService-7] LoggerLoad - In Hooks Class : Broswername = chrome
[INFO ] 2024-10-30 13:23:44.631 [TestNG-PoolService-1] LoggerLoad - In Hooks Class : Broswername = chrome
[INFO ] 2024-10-30 13:23:46.665 [TestNG-PoolService-4] LoggerLoad - In Hooks Class : Broswername = chrome
[INFO ] 2024-10-30 13:23:48.319 [TestNG-PoolService-8] LoggerLoad - In Hooks Class : Broswername = chrome
[INFO ] 2024-10-30 13:23:50.210 [TestNG-PoolService-10] LoggerLoad - In Hooks Class : Broswername = chrome
[INFO ] 2024-10-30 13:23:54.202 [TestNG-PoolService-6] LoggerLoad - In Hooks Class : Broswername = chrome
[INFO ] 2024-10-30 13:23:55.079 [TestNG-PoolService-2] LoggerLoad - In Hooks Class : Broswername = chrome
[INFO ] 2024-10-30 13:23:56.706 [TestNG-PoolService-9] LoggerLoad - Signed In user is in array page
[INFO ] 2024-10-30 13:23:58.333 [TestNG-PoolService-10] LoggerLoad - Signed In user is in array page
[INFO ] 2024-10-30 13:23:58.409 [TestNG-PoolService-1] LoggerLoad - Signed In user is in array page
[INFO ] 2024-10-30 13:23:58.843 [TestNG-PoolService-6] LoggerLoad - Signed In user is in array page
[INFO ] 2024-10-30 13:24:01.662 [TestNG-PoolService-4] LoggerLoad - Signed In user is in array page
[INFO ] 2024-10-30 13:24:02.437 [TestNG-PoolService-7] LoggerLoad - Signed In user is in array page
[INFO ] 2024-10-30 13:24:02.830 [TestNG-PoolService-3] LoggerLoad - Signed In user is in array page
[INFO ] 2024-10-30 13:24:04.811 [TestNG-PoolService-8] LoggerLoad - Signed In user is in array page
[INFO ] 2024-10-30 13:24:11.597 [TestNG-PoolService-5] LoggerLoad - In Hooks Class : Broswername = chrome
[INFO ] 2024-10-30 13:24:11.952 [TestNG-PoolService-2] LoggerLoad - In Hooks Class : Broswername = chrome
[INFO ] 2024-10-30 13:24:14.197 [TestNG-PoolService-1] LoggerLoad - In Hooks Class : Broswername = chrome
[INFO ] 2024-10-30 13:24:14.441 [TestNG-PoolService-4] LoggerLoad - In Hooks Class : Broswername = chrome
[INFO ] 2024-10-30 13:24:15.026 [TestNG-PoolService-5] LoggerLoad - Signed In user is in array page
[INFO ] 2024-10-30 13:24:15.078 [TestNG-PoolService-6] LoggerLoad - In Hooks Class : Broswername = chrome
[INFO ] 2024-10-30 13:24:16.670 [TestNG-PoolService-7] LoggerLoad - In Hooks Class : Broswername = chrome
[INFO ] 2024-10-30 13:24:17.523 [TestNG-PoolService-3] LoggerLoad - In Hooks Class : Broswername = chrome
[INFO ] 2024-10-30 13:24:18.020 [TestNG-PoolService-8] LoggerLoad - In Hooks Class : Broswername = chrome
[INFO ] 2024-10-30 13:24:18.754 [TestNG-PoolService-9] LoggerLoad - In Hooks Class : Broswername = chrome
[INFO ] 2024-10-30 13:24:19.104 [TestNG-PoolService-10] LoggerLoad - In Hooks Class : Broswername = chrome
[INFO ] 2024-10-30 13:24:20.036 [TestNG-PoolService-2] LoggerLoad - Signed In user is in array page
[INFO ] 2024-10-30 13:24:20.882 [TestNG-PoolService-4] LoggerLoad - Signed In user is in array page
[INFO ] 2024-10-30 13:24:21.395 [TestNG-PoolService-7] LoggerLoad - Signed In user is in array page
[INFO ] 2024-10-30 13:24:21.777 [TestNG-PoolService-1] LoggerLoad - Signed In user is in array page
[INFO ] 2024-10-30 13:24:22.123 [TestNG-PoolService-6] LoggerLoad - Signed In user is in array page
[INFO ] 2024-10-30 13:24:22.432 [TestNG-PoolService-10] LoggerLoad - Signed In user is in array page
[INFO ] 2024-10-30 13:24:22.768 [TestNG-PoolService-9] LoggerLoad - Signed In user is in array page
[INFO ] 2024-10-30 13:24:24.166 [TestNG-PoolService-3] LoggerLoad - Signed In user is in array page
[INFO ] 2024-10-30 13:24:24.197 [TestNG-PoolService-8] LoggerLoad - Signed In user is in array page
[INFO ] 2024-10-30 13:24:34.556 [TestNG-PoolService-5] LoggerLoad - In Hooks Class : Broswername = chrome
[INFO ] 2024-10-30 13:24:35.056 [TestNG-PoolService-4] LoggerLoad - Valid and Invalid code are validated
[INFO ] 2024-10-30 13:24:35.655 [TestNG-PoolService-1] LoggerLoad - Valid and Invalid code are validated
[INFO ] 2024-10-30 13:24:35.997 [TestNG-PoolService-7] LoggerLoad - Valid and Invalid code are validated
[INFO ] 2024-10-30 13:24:37.200 [TestNG-PoolService-10] LoggerLoad - Valid and Invalid code are validated
[INFO ] 2024-10-30 13:24:37.846 [TestNG-PoolService-8] LoggerLoad - Valid and Invalid code are validated
[INFO ] 2024-10-30 13:24:38.361 [TestNG-PoolService-9] LoggerLoad - Valid and Invalid code are validated
[INFO ] 2024-10-30 13:24:38.489 [TestNG-PoolService-6] LoggerLoad - Valid and Invalid code are validated
[INFO ] 2024-10-30 13:24:38.923 [TestNG-PoolService-3] LoggerLoad - Valid and Invalid code are validated
[INFO ] 2024-10-30 13:24:40.557 [TestNG-PoolService-5] LoggerLoad - Signed In user is in array page
[INFO ] 2024-10-30 13:24:41.056 [TestNG-PoolService-4] LoggerLoad - In Hooks Class : Broswername = chrome
[INFO ] 2024-10-30 13:24:43.898 [TestNG-PoolService-1] LoggerLoad - In Hooks Class : Broswername = chrome
[INFO ] 2024-10-30 13:24:44.038 [TestNG-PoolService-3] LoggerLoad - In Hooks Class : Broswername = chrome
[INFO ] 2024-10-30 13:24:44.123 [TestNG-PoolService-9] LoggerLoad - In Hooks Class : Broswername = chrome
[INFO ] 2024-10-30 13:24:44.152 [TestNG-PoolService-7] LoggerLoad - In Hooks Class : Broswername = chrome
[INFO ] 2024-10-30 13:24:54.378 [TestNG-PoolService-10] LoggerLoad - In Hooks Class : Broswername = chrome
[INFO ] 2024-10-30 13:25:05.095 [TestNG-PoolService-8] LoggerLoad - In Hooks Class : Broswername = chrome
[INFO ] 2024-10-30 13:25:05.694 [TestNG-PoolService-6] LoggerLoad - In Hooks Class : Broswername = chrome
[INFO ] 2024-10-30 13:25:07.025 [TestNG-PoolService-2] LoggerLoad - In Hooks Class : Broswername = chrome
[INFO ] 2024-10-30 13:25:11.687 [TestNG-PoolService-8] LoggerLoad - Signed In user is in array page
[INFO ] 2024-10-30 13:25:12.021 [TestNG-PoolService-4] LoggerLoad - Signed In user is in array page
[INFO ] 2024-10-30 13:25:13.523 [TestNG-PoolService-1] LoggerLoad - Signed In user is in array page
[INFO ] 2024-10-30 13:25:13.979 [TestNG-PoolService-3] LoggerLoad - Signed In user is in array page
[INFO ] 2024-10-30 13:25:15.723 [TestNG-PoolService-6] LoggerLoad - Signed In user is in array page
[INFO ] 2024-10-30 13:25:18.959 [TestNG-PoolService-7] LoggerLoad - Signed In user is in array page
[INFO ] 2024-10-30 13:25:21.562 [TestNG-PoolService-2] LoggerLoad - Signed In user is in array page
[INFO ] 2024-10-30 13:25:22.991 [TestNG-PoolService-9] LoggerLoad - Signed In user is in array page
[INFO ] 2024-10-30 13:25:22.991 [TestNG-PoolService-10] LoggerLoad - Signed In user is in array page
[INFO ] 2024-10-30 13:25:26.487 [TestNG-PoolService-5] LoggerLoad - Valid and Invalid code are validated
[INFO ] 2024-10-30 13:25:28.337 [TestNG-PoolService-8] LoggerLoad - Valid and Invalid code are validated
[INFO ] 2024-10-30 13:25:29.539 [TestNG-PoolService-3] LoggerLoad - Valid and Invalid code are validated
[INFO ] 2024-10-30 13:25:33.206 [TestNG-PoolService-6] LoggerLoad - Valid and Invalid code are validated
[INFO ] 2024-10-30 13:25:33.914 [TestNG-PoolService-1] LoggerLoad - Valid and Invalid code are validated
[INFO ] 2024-10-30 13:25:34.341 [TestNG-PoolService-4] LoggerLoad - Valid and Invalid code are validated
[INFO ] 2024-10-30 13:25:37.150 [TestNG-PoolService-8] LoggerLoad - In Hooks Class : Broswername = chrome
[INFO ] 2024-10-30 13:25:38.496 [TestNG-PoolService-6] LoggerLoad - In Hooks Class : Broswername = chrome
[INFO ] 2024-10-30 13:25:38.621 [TestNG-PoolService-5] LoggerLoad - In Hooks Class : Broswername = chrome
[INFO ] 2024-10-30 13:25:39.027 [TestNG-PoolService-3] LoggerLoad - In Hooks Class : Broswername = chrome
[INFO ] 2024-10-30 13:25:39.198 [TestNG-PoolService-1] LoggerLoad - In Hooks Class : Broswername = chrome
[INFO ] 2024-10-30 13:25:39.563 [TestNG-PoolService-4] LoggerLoad - In Hooks Class : Broswername = chrome
[INFO ] 2024-10-30 13:25:40.439 [TestNG-PoolService-7] LoggerLoad - Valid and Invalid code are validated
[INFO ] 2024-10-30 13:25:40.492 [TestNG-PoolService-10] LoggerLoad - Valid and Invalid code are validated
[INFO ] 2024-10-30 13:25:40.592 [TestNG-PoolService-2] LoggerLoad - Valid and Invalid code are validated
[INFO ] 2024-10-30 13:25:40.897 [TestNG-PoolService-9] LoggerLoad - Valid and Invalid code are validated
[INFO ] 2024-10-30 13:25:41.036 [TestNG-PoolService-5] LoggerLoad - Signed In user is in array page
[INFO ] 2024-10-30 13:25:41.977 [TestNG-PoolService-8] LoggerLoad - Signed In user is in array page
[INFO ] 2024-10-30 13:25:42.177 [TestNG-PoolService-3] LoggerLoad - Signed In user is in array page
[INFO ] 2024-10-30 13:25:42.452 [TestNG-PoolService-1] LoggerLoad - Signed In user is in array page
[INFO ] 2024-10-30 13:25:42.526 [TestNG-PoolService-6] LoggerLoad - Signed In user is in array page
[INFO ] 2024-10-30 13:25:43.600 [TestNG-PoolService-4] LoggerLoad - Signed In user is in array page
[INFO ] 2024-10-30 13:25:44.819 [TestNG-PoolService-7] LoggerLoad - In Hooks Class : Broswername = chrome
[INFO ] 2024-10-30 13:25:45.135 [TestNG-PoolService-9] LoggerLoad - In Hooks Class : Broswername = chrome
[INFO ] 2024-10-30 13:25:48.147 [TestNG-PoolService-9] LoggerLoad - Signed In user is in array page
[INFO ] 2024-10-30 13:25:49.126 [TestNG-PoolService-7] LoggerLoad - Signed In user is in array page
[INFO ] 2024-10-30 13:25:50.940 [TestNG-PoolService-5] LoggerLoad - Valid and Invalid code are validated
[INFO ] 2024-10-30 13:25:53.138 [TestNG-PoolService-6] LoggerLoad - Valid and Invalid code are validated
[INFO ] 2024-10-30 13:25:53.531 [TestNG-PoolService-8] LoggerLoad - Valid and Invalid code are validated
[INFO ] 2024-10-30 13:25:53.895 [TestNG-PoolService-3] LoggerLoad - Valid and Invalid code are validated
[INFO ] 2024-10-30 13:25:55.381 [TestNG-PoolService-4] LoggerLoad - Valid and Invalid code are validated
[INFO ] 2024-10-30 13:25:55.428 [TestNG-PoolService-1] LoggerLoad - Valid and Invalid code are validated
[INFO ] 2024-10-30 13:25:57.107 [TestNG-PoolService-9] LoggerLoad - Valid and Invalid code are validated
[INFO ] 2024-10-30 13:25:57.675 [TestNG-PoolService-7] LoggerLoad - Valid and Invalid code are validated
[INFO ] 2024-10-30 16:47:35.483 [TestNG-PoolService-8] LoggerLoad - In Hooks Class : Broswername = chrome
[INFO ] 2024-10-30 16:47:35.483 [TestNG-PoolService-4] LoggerLoad - In Hooks Class : Broswername = chrome
[INFO ] 2024-10-30 16:47:35.484 [TestNG-PoolService-3] LoggerLoad - In Hooks Class : Broswername = chrome
[INFO ] 2024-10-30 16:47:35.483 [TestNG-PoolService-7] LoggerLoad - In Hooks Class : Broswername = chrome
[INFO ] 2024-10-30 16:47:35.485 [TestNG-PoolService-9] LoggerLoad - In Hooks Class : Broswername = chrome
[INFO ] 2024-10-30 16:47:35.485 [TestNG-PoolService-1] LoggerLoad - In Hooks Class : Broswername = chrome
[INFO ] 2024-10-30 16:47:35.485 [TestNG-PoolService-2] LoggerLoad - In Hooks Class : Broswername = chrome
[INFO ] 2024-10-30 16:47:35.485 [TestNG-PoolService-10] LoggerLoad - In Hooks Class : Broswername = chrome
[INFO ] 2024-10-30 16:47:35.485 [TestNG-PoolService-6] LoggerLoad - In Hooks Class : Broswername = chrome
[INFO ] 2024-10-30 16:47:35.485 [TestNG-PoolService-5] LoggerLoad - In Hooks Class : Broswername = chrome
[INFO ] 2024-10-30 16:47:40.690 [TestNG-PoolService-8] LoggerLoad - Signed In user is in array page
[INFO ] 2024-10-30 16:47:40.993 [TestNG-PoolService-8] LoggerLoad - Page Title is : Practice Questions
[INFO ] 2024-10-30 16:47:41.236 [TestNG-PoolService-2] LoggerLoad - Signed In user is in array page
[INFO ] 2024-10-30 16:47:41.292 [TestNG-PoolService-3] LoggerLoad - Signed In user is in array page
[INFO ] 2024-10-30 16:47:41.672 [TestNG-PoolService-7] LoggerLoad - Signed In user is in array page
[INFO ] 2024-10-30 16:47:41.672 [TestNG-PoolService-6] LoggerLoad - Signed In user is in array page
[INFO ] 2024-10-30 16:47:41.687 [TestNG-PoolService-1] LoggerLoad - Signed In user is in array page
[INFO ] 2024-10-30 16:47:41.728 [TestNG-PoolService-9] LoggerLoad - Signed In user is in array page
[INFO ] 2024-10-30 16:47:42.227 [TestNG-PoolService-5] LoggerLoad - Signed In user is in array page
[INFO ] 2024-10-30 16:47:42.273 [TestNG-PoolService-4] LoggerLoad - Signed In user is in array page
[INFO ] 2024-10-30 16:47:42.301 [TestNG-PoolService-6] LoggerLoad - Page Title is : Practice Questions
[INFO ] 2024-10-30 16:47:42.335 [TestNG-PoolService-9] LoggerLoad - Page Title is : Practice Questions
[INFO ] 2024-10-30 16:47:42.344 [TestNG-PoolService-7] LoggerLoad - Page Title is : Practice Questions
[INFO ] 2024-10-30 16:47:48.990 [TestNG-PoolService-10] LoggerLoad - In Hooks Class : Broswername = chrome
[INFO ] 2024-10-30 16:47:49.329 [TestNG-PoolService-8] LoggerLoad - Python code
[INFO ] 2024-10-30 16:47:49.421 [TestNG-PoolService-6] LoggerLoad - Python code
[INFO ] 2024-10-30 16:47:49.691 [TestNG-PoolService-8] LoggerLoad - Page Title is : Assessment
[INFO ] 2024-10-30 16:47:50.257 [TestNG-PoolService-5] LoggerLoad - In Array Page Text Editor
[INFO ] 2024-10-30 16:47:50.273 [TestNG-PoolService-2] LoggerLoad - In Array Page Text Editor
[INFO ] 2024-10-30 16:47:50.314 [TestNG-PoolService-6] LoggerLoad - Page Title is : Assessment
[INFO ] 2024-10-30 16:47:50.946 [TestNG-PoolService-3] LoggerLoad - In Array Page Text Editor
[INFO ] 2024-10-30 16:47:50.958 [TestNG-PoolService-4] LoggerLoad - In Array Page Text Editor
[INFO ] 2024-10-30 16:47:51.710 [TestNG-PoolService-9] LoggerLoad - Python code
[INFO ] 2024-10-30 16:47:51.916 [TestNG-PoolService-7] LoggerLoad - Python code
[INFO ] 2024-10-30 16:47:52.963 [TestNG-PoolService-7] LoggerLoad - Page Title is : Assessment
[INFO ] 2024-10-30 16:47:53.242 [TestNG-PoolService-9] LoggerLoad - Page Title is : Assessment
[INFO ] 2024-10-30 16:47:53.411 [TestNG-PoolService-1] LoggerLoad - In Hooks Class : Broswername = chrome
[INFO ] 2024-10-30 16:47:54.264 [TestNG-PoolService-2] LoggerLoad - In Array Page Text Editor
[INFO ] 2024-10-30 16:47:54.452 [TestNG-PoolService-5] LoggerLoad - In Array Page Text Editor
[INFO ] 2024-10-30 16:47:55.560 [TestNG-PoolService-3] LoggerLoad - In Array Page Text Editor
[INFO ] 2024-10-30 16:47:55.572 [TestNG-PoolService-4] LoggerLoad - In Array Page Text Editor
[INFO ] 2024-10-30 16:47:57.774 [TestNG-PoolService-10] LoggerLoad - In Hooks Class : Broswername = chrome
[INFO ] 2024-10-30 16:47:58.801 [TestNG-PoolService-7] LoggerLoad - In Hooks Class : Broswername = chrome
[INFO ] 2024-10-30 16:47:59.186 [TestNG-PoolService-6] LoggerLoad - In Hooks Class : Broswername = chrome
[INFO ] 2024-10-30 16:47:59.926 [TestNG-PoolService-9] LoggerLoad - In Hooks Class : Broswername = chrome
[INFO ] 2024-10-30 16:48:00.361 [TestNG-PoolService-1] LoggerLoad - In Hooks Class : Broswername = chrome
[INFO ] 2024-10-30 16:48:02.075 [TestNG-PoolService-6] LoggerLoad - Signed In user is in array page
[INFO ] 2024-10-30 16:48:02.679 [TestNG-PoolService-2] LoggerLoad - In Hooks Class : Broswername = chrome
[INFO ] 2024-10-30 16:48:02.737 [TestNG-PoolService-8] LoggerLoad - In Hooks Class : Broswername = chrome
[INFO ] 2024-10-30 16:48:03.481 [TestNG-PoolService-9] LoggerLoad - Signed In user is in array page
[INFO ] 2024-10-30 16:48:03.499 [TestNG-PoolService-1] LoggerLoad - Signed In user is in array page
[INFO ] 2024-10-30 16:48:04.857 [TestNG-PoolService-8] LoggerLoad - Signed In user is in array page
[INFO ] 2024-10-30 16:48:05.246 [TestNG-PoolService-2] LoggerLoad - Signed In user is in array page
[INFO ] 2024-10-30 16:48:06.291 [TestNG-PoolService-5] LoggerLoad - In Hooks Class : Broswername = chrome
[INFO ] 2024-10-30 16:48:07.886 [TestNG-PoolService-10] LoggerLoad - In Hooks Class : Broswername = chrome
[INFO ] 2024-10-30 16:48:08.250 [TestNG-PoolService-4] LoggerLoad - In Hooks Class : Broswername = chrome
[INFO ] 2024-10-30 16:48:09.137 [TestNG-PoolService-3] LoggerLoad - In Hooks Class : Broswername = chrome
[INFO ] 2024-10-30 16:48:09.985 [TestNG-PoolService-7] LoggerLoad - In Hooks Class : Broswername = chrome
[INFO ] 2024-10-30 16:48:10.082 [TestNG-PoolService-9] LoggerLoad - In Hooks Class : Broswername = chrome
[INFO ] 2024-10-30 16:48:11.610 [TestNG-PoolService-6] LoggerLoad - In Hooks Class : Broswername = chrome
[INFO ] 2024-10-30 16:48:12.781 [TestNG-PoolService-10] LoggerLoad - Signed In user is in array page
[INFO ] 2024-10-30 16:48:12.846 [TestNG-PoolService-5] LoggerLoad - Signed In user is in array page
[INFO ] 2024-10-30 16:48:13.017 [TestNG-PoolService-4] LoggerLoad - Signed In user is in array page
[INFO ] 2024-10-30 16:48:13.267 [TestNG-PoolService-3] LoggerLoad - Signed In user is in array page
[INFO ] 2024-10-30 16:48:13.493 [TestNG-PoolService-7] LoggerLoad - Signed In user is in array page
[INFO ] 2024-10-30 16:48:14.585 [TestNG-PoolService-6] LoggerLoad - Signed In user is in array page
[INFO ] 2024-10-30 16:48:17.870 [TestNG-PoolService-9] LoggerLoad - In Hooks Class : Broswername = chrome
[INFO ] 2024-10-30 16:48:19.638 [TestNG-PoolService-8] LoggerLoad - Valid and Invalid code are validated
[INFO ] 2024-10-30 16:48:20.025 [TestNG-PoolService-9] LoggerLoad - Signed In user is in array page
[INFO ] 2024-10-30 16:48:20.654 [TestNG-PoolService-6] LoggerLoad - In Hooks Class : Broswername = chrome
[INFO ] 2024-10-30 16:48:22.408 [TestNG-PoolService-2] LoggerLoad - In Hooks Class : Broswername = chrome
[INFO ] 2024-10-30 16:48:22.968 [TestNG-PoolService-6] LoggerLoad - Signed In user is in array page
[INFO ] 2024-10-30 16:48:23.673 [TestNG-PoolService-1] LoggerLoad - In Hooks Class : Broswername = chrome
[INFO ] 2024-10-30 16:48:25.304 [TestNG-PoolService-10] LoggerLoad - In Hooks Class : Broswername = chrome
[INFO ] 2024-10-30 16:48:36.384 [TestNG-PoolService-5] LoggerLoad - Valid and Invalid code are validated
[INFO ] 2024-10-30 16:48:37.004 [TestNG-PoolService-9] LoggerLoad - In Hooks Class : Broswername = chrome
[INFO ] 2024-10-30 16:48:37.027 [TestNG-PoolService-8] LoggerLoad - In Hooks Class : Broswername = chrome
[INFO ] 2024-10-30 16:48:37.262 [TestNG-PoolService-3] LoggerLoad - Valid and Invalid code are validated
[INFO ] 2024-10-30 16:48:37.521 [TestNG-PoolService-7] LoggerLoad - Valid and Invalid code are validated
[INFO ] 2024-10-30 16:48:37.891 [TestNG-PoolService-2] LoggerLoad - Signed In user is in array page
[INFO ] 2024-10-30 16:48:38.265 [TestNG-PoolService-10] LoggerLoad - Signed In user is in array page
[INFO ] 2024-10-30 16:48:39.295 [TestNG-PoolService-4] LoggerLoad - In Hooks Class : Broswername = chrome
[INFO ] 2024-10-30 16:48:40.786 [TestNG-PoolService-1] LoggerLoad - Signed In user is in array page
[INFO ] 2024-10-30 16:48:41.411 [TestNG-PoolService-8] LoggerLoad - Signed In user is in array page
[INFO ] 2024-10-30 16:48:41.498 [TestNG-PoolService-6] LoggerLoad - In Hooks Class : Broswername = chrome
[INFO ] 2024-10-30 16:48:45.241 [TestNG-PoolService-9] LoggerLoad - Signed In user is in array page
[INFO ] 2024-10-30 16:48:45.267 [TestNG-PoolService-7] LoggerLoad - In Hooks Class : Broswername = chrome
[INFO ] 2024-10-30 16:48:45.870 [TestNG-PoolService-3] LoggerLoad - In Hooks Class : Broswername = chrome
[INFO ] 2024-10-30 16:48:48.486 [TestNG-PoolService-10] LoggerLoad - Valid and Invalid code are validated
[INFO ] 2024-10-30 16:48:50.183 [TestNG-PoolService-5] LoggerLoad - In Hooks Class : Broswername = chrome
[INFO ] 2024-10-30 16:48:53.925 [TestNG-PoolService-7] LoggerLoad - Signed In user is in array page
[INFO ] 2024-10-30 16:48:54.599 [TestNG-PoolService-4] LoggerLoad - Signed In user is in array page
[INFO ] 2024-10-30 16:48:55.948 [TestNG-PoolService-3] LoggerLoad - Signed In user is in array page
[INFO ] 2024-10-30 16:48:56.097 [TestNG-PoolService-5] LoggerLoad - Signed In user is in array page
[INFO ] 2024-10-30 16:48:59.578 [TestNG-PoolService-6] LoggerLoad - Signed In user is in array page
[INFO ] 2024-10-30 16:49:04.123 [TestNG-PoolService-2] LoggerLoad - Valid and Invalid code are validated
[INFO ] 2024-10-30 16:49:08.043 [TestNG-PoolService-9] LoggerLoad - Valid and Invalid code are validated
[INFO ] 2024-10-30 16:49:08.986 [TestNG-PoolService-5] LoggerLoad - Valid and Invalid code are validated
[INFO ] 2024-10-30 16:49:11.172 [TestNG-PoolService-7] LoggerLoad - In Hooks Class : Broswername = chrome
[INFO ] 2024-10-30 16:49:11.307 [TestNG-PoolService-10] LoggerLoad - In Hooks Class : Broswername = chrome
[INFO ] 2024-10-30 16:49:11.530 [TestNG-PoolService-2] LoggerLoad - In Hooks Class : Broswername = chrome
[INFO ] 2024-10-30 16:49:13.499 [TestNG-PoolService-6] LoggerLoad - Valid and Invalid code are validated
[INFO ] 2024-10-30 16:49:14.138 [TestNG-PoolService-5] LoggerLoad - In Hooks Class : Broswername = chrome
[INFO ] 2024-10-30 16:49:14.382 [TestNG-PoolService-3] LoggerLoad - In Hooks Class : Broswername = chrome
[INFO ] 2024-10-30 16:49:14.610 [TestNG-PoolService-1] LoggerLoad - In Hooks Class : Broswername = chrome
[INFO ] 2024-10-30 16:49:15.596 [TestNG-PoolService-10] LoggerLoad - Signed In user is in array page
[INFO ] 2024-10-30 16:49:16.197 [TestNG-PoolService-9] LoggerLoad - In Hooks Class : Broswername = chrome
[INFO ] 2024-10-30 16:49:17.028 [TestNG-PoolService-4] LoggerLoad - In Hooks Class : Broswername = chrome
[INFO ] 2024-10-30 16:49:17.230 [TestNG-PoolService-7] LoggerLoad - Signed In user is in array page
[INFO ] 2024-10-30 16:49:17.308 [TestNG-PoolService-2] LoggerLoad - Signed In user is in array page
[INFO ] 2024-10-30 16:49:18.596 [TestNG-PoolService-3] LoggerLoad - Signed In user is in array page
[INFO ] 2024-10-30 16:49:18.912 [TestNG-PoolService-1] LoggerLoad - Signed In user is in array page
[INFO ] 2024-10-30 16:49:19.145 [TestNG-PoolService-5] LoggerLoad - Signed In user is in array page
[INFO ] 2024-10-30 16:49:19.177 [TestNG-PoolService-9] LoggerLoad - Signed In user is in array page
[INFO ] 2024-10-30 16:49:19.527 [TestNG-PoolService-4] LoggerLoad - Signed In user is in array page
[INFO ] 2024-10-30 16:49:23.025 [TestNG-PoolService-8] LoggerLoad - In Hooks Class : Broswername = chrome
[INFO ] 2024-10-30 16:49:25.873 [TestNG-PoolService-8] LoggerLoad - Signed In user is in array page
[INFO ] 2024-10-30 16:49:26.035 [TestNG-PoolService-6] LoggerLoad - In Hooks Class : Broswername = chrome
[INFO ] 2024-10-30 16:49:28.377 [TestNG-PoolService-10] LoggerLoad - In Hooks Class : Broswername = chrome
[INFO ] 2024-10-30 16:49:28.536 [TestNG-PoolService-2] LoggerLoad - In Hooks Class : Broswername = chrome
[INFO ] 2024-10-30 16:49:29.510 [TestNG-PoolService-6] LoggerLoad - Signed In user is in array page
[INFO ] 2024-10-30 16:49:30.530 [TestNG-PoolService-3] LoggerLoad - In Hooks Class : Broswername = chrome
[INFO ] 2024-10-30 16:49:31.063 [TestNG-PoolService-9] LoggerLoad - In Hooks Class : Broswername = chrome
[INFO ] 2024-10-30 16:49:31.176 [TestNG-PoolService-7] LoggerLoad - Valid and Invalid code are validated
[INFO ] 2024-10-30 16:49:32.720 [TestNG-PoolService-1] LoggerLoad - Valid and Invalid code are validated
[INFO ] 2024-10-30 16:49:33.917 [TestNG-PoolService-5] LoggerLoad - Valid and Invalid code are validated
[INFO ] 2024-10-30 16:49:34.366 [TestNG-PoolService-2] LoggerLoad - Signed In user is in array page
[INFO ] 2024-10-30 16:49:34.527 [TestNG-PoolService-9] LoggerLoad - Signed In user is in array page
[INFO ] 2024-10-30 16:49:35.288 [TestNG-PoolService-4] LoggerLoad - Valid and Invalid code are validated
[INFO ] 2024-10-30 16:49:36.019 [TestNG-PoolService-3] LoggerLoad - Signed In user is in array page
[INFO ] 2024-10-30 16:49:36.313 [TestNG-PoolService-10] LoggerLoad - Signed In user is in array page
[INFO ] 2024-10-30 16:49:41.334 [TestNG-PoolService-8] LoggerLoad - Valid and Invalid code are validated
[INFO ] 2024-10-30 16:49:44.023 [TestNG-PoolService-9] LoggerLoad - In Hooks Class : Broswername = chrome
[INFO ] 2024-10-30 16:49:44.135 [TestNG-PoolService-7] LoggerLoad - In Hooks Class : Broswername = chrome
[INFO ] 2024-10-30 16:49:44.333 [TestNG-PoolService-6] LoggerLoad - In Hooks Class : Broswername = chrome
[INFO ] 2024-10-30 16:49:47.899 [TestNG-PoolService-6] LoggerLoad - Signed In user is in array page
[INFO ] 2024-10-30 16:49:48.813 [TestNG-PoolService-1] LoggerLoad - In Hooks Class : Broswername = chrome
[INFO ] 2024-10-30 16:49:48.889 [TestNG-PoolService-5] LoggerLoad - In Hooks Class : Broswername = chrome
[INFO ] 2024-10-30 16:49:48.920 [TestNG-PoolService-4] LoggerLoad - In Hooks Class : Broswername = chrome
[INFO ] 2024-10-30 16:49:50.536 [TestNG-PoolService-2] LoggerLoad - Valid and Invalid code are validated
[INFO ] 2024-10-30 16:49:51.035 [TestNG-PoolService-3] LoggerLoad - Valid and Invalid code are validated
[INFO ] 2024-10-30 16:49:51.456 [TestNG-PoolService-7] LoggerLoad - Signed In user is in array page
[INFO ] 2024-10-30 16:49:53.030 [TestNG-PoolService-1] LoggerLoad - Signed In user is in array page
[INFO ] 2024-10-30 16:49:53.067 [TestNG-PoolService-4] LoggerLoad - Signed In user is in array page
[INFO ] 2024-10-30 16:49:53.474 [TestNG-PoolService-5] LoggerLoad - Signed In user is in array page
[INFO ] 2024-10-30 16:49:53.546 [TestNG-PoolService-9] LoggerLoad - Signed In user is in array page
[INFO ] 2024-10-30 16:49:56.868 [TestNG-PoolService-2] LoggerLoad - In Hooks Class : Broswername = chrome
[INFO ] 2024-10-30 16:49:59.724 [TestNG-PoolService-6] LoggerLoad - Valid and Invalid code are validated
[INFO ] 2024-10-30 16:50:00.212 [TestNG-PoolService-3] LoggerLoad - In Hooks Class : Broswername = chrome
[INFO ] 2024-10-30 16:50:00.577 [TestNG-PoolService-8] LoggerLoad - In Hooks Class : Broswername = chrome
[INFO ] 2024-10-30 16:50:00.587 [TestNG-PoolService-1] LoggerLoad - In Hooks Class : Broswername = chrome
[INFO ] 2024-10-30 16:50:03.042 [TestNG-PoolService-10] LoggerLoad - In Hooks Class : Broswername = chrome
[INFO ] 2024-10-30 16:50:03.524 [TestNG-PoolService-4] LoggerLoad - In Hooks Class : Broswername = chrome
[INFO ] 2024-10-30 16:50:05.722 [TestNG-PoolService-7] LoggerLoad - Valid and Invalid code are validated
[INFO ] 2024-10-30 16:50:05.935 [TestNG-PoolService-1] LoggerLoad - Signed In user is in array page
[INFO ] 2024-10-30 16:50:06.116 [TestNG-PoolService-10] LoggerLoad - Signed In user is in array page
[INFO ] 2024-10-30 16:50:06.378 [TestNG-PoolService-2] LoggerLoad - Signed In user is in array page
[INFO ] 2024-10-30 16:50:06.701 [TestNG-PoolService-3] LoggerLoad - Signed In user is in array page
[INFO ] 2024-10-30 16:50:06.877 [TestNG-PoolService-8] LoggerLoad - Signed In user is in array page
[INFO ] 2024-10-30 16:50:06.971 [TestNG-PoolService-4] LoggerLoad - Signed In user is in array page
[INFO ] 2024-10-30 16:50:16.381 [TestNG-PoolService-4] LoggerLoad - Valid and Invalid code are validated
[INFO ] 2024-10-30 16:50:16.805 [TestNG-PoolService-10] LoggerLoad - Valid and Invalid code are validated
[INFO ] 2024-10-30 16:50:21.481 [TestNG-PoolService-6] LoggerLoad - In Hooks Class : Broswername = chrome
[INFO ] 2024-10-30 16:50:21.851 [TestNG-PoolService-5] LoggerLoad - In Hooks Class : Broswername = chrome
[INFO ] 2024-10-30 16:50:22.395 [TestNG-PoolService-9] LoggerLoad - In Hooks Class : Broswername = chrome
[INFO ] 2024-10-30 16:50:22.768 [TestNG-PoolService-7] LoggerLoad - In Hooks Class : Broswername = chrome
[INFO ] 2024-10-30 16:50:23.054 [TestNG-PoolService-10] LoggerLoad - In Hooks Class : Broswername = chrome
[INFO ] 2024-10-30 16:50:23.308 [TestNG-PoolService-2] LoggerLoad - In Hooks Class : Broswername = chrome
[INFO ] 2024-10-30 16:50:23.419 [TestNG-PoolService-1] LoggerLoad - In Hooks Class : Broswername = chrome
[INFO ] 2024-10-30 16:50:24.620 [TestNG-PoolService-4] LoggerLoad - In Hooks Class : Broswername = chrome
[INFO ] 2024-10-30 16:50:25.113 [TestNG-PoolService-3] LoggerLoad - In Hooks Class : Broswername = chrome
[INFO ] 2024-10-30 16:50:25.344 [TestNG-PoolService-8] LoggerLoad - Valid and Invalid code are validated
[INFO ] 2024-10-30 16:50:26.218 [TestNG-PoolService-6] LoggerLoad - Signed In user is in array page
[INFO ] 2024-10-30 16:50:26.669 [TestNG-PoolService-7] LoggerLoad - Signed In user is in array page
[INFO ] 2024-10-30 16:50:26.882 [TestNG-PoolService-9] LoggerLoad - Signed In user is in array page
[INFO ] 2024-10-30 16:50:27.188 [TestNG-PoolService-5] LoggerLoad - Signed In user is in array page
[INFO ] 2024-10-30 16:50:27.467 [TestNG-PoolService-3] LoggerLoad - Signed In user is in array page
[INFO ] 2024-10-30 16:50:32.288 [TestNG-PoolService-8] LoggerLoad - In Hooks Class : Broswername = chrome
[INFO ] 2024-10-30 16:50:33.317 [TestNG-PoolService-2] LoggerLoad - In Hooks Class : Broswername = chrome
[INFO ] 2024-10-30 16:50:38.055 [TestNG-PoolService-6] LoggerLoad - Valid and Invalid code are validated
[INFO ] 2024-10-30 16:50:38.363 [TestNG-PoolService-7] LoggerLoad - Valid and Invalid code are validated
[INFO ] 2024-10-30 16:50:39.893 [TestNG-PoolService-5] LoggerLoad - Valid and Invalid code are validated
[INFO ] 2024-10-30 16:50:41.089 [TestNG-PoolService-3] LoggerLoad - Valid and Invalid code are validated
[INFO ] 2024-10-30 16:50:43.009 [TestNG-PoolService-10] LoggerLoad - In Hooks Class : Broswername = chrome
[INFO ] 2024-10-30 16:50:43.034 [TestNG-PoolService-1] LoggerLoad - In Hooks Class : Broswername = chrome
[INFO ] 2024-10-30 16:50:43.967 [TestNG-PoolService-4] LoggerLoad - In Hooks Class : Broswername = chrome
[INFO ] 2024-10-30 16:50:45.934 [TestNG-PoolService-6] LoggerLoad - In Hooks Class : Broswername = chrome
[INFO ] 2024-10-30 16:50:45.939 [TestNG-PoolService-7] LoggerLoad - In Hooks Class : Broswername = chrome
[INFO ] 2024-10-30 16:50:46.024 [TestNG-PoolService-5] LoggerLoad - In Hooks Class : Broswername = chrome
[INFO ] 2024-10-30 16:50:46.403 [TestNG-PoolService-9] LoggerLoad - Valid and Invalid code are validated
[INFO ] 2024-10-30 16:50:47.970 [TestNG-PoolService-7] LoggerLoad - Signed In user is in array page
[INFO ] 2024-10-30 16:50:49.612 [TestNG-PoolService-4] LoggerLoad - In Hooks Class : Broswername = chrome
[INFO ] 2024-10-30 16:50:50.820 [TestNG-PoolService-2] LoggerLoad - In Hooks Class : Broswername = chrome
[INFO ] 2024-10-30 16:50:53.033 [TestNG-PoolService-9] LoggerLoad - In Hooks Class : Broswername = chrome
[INFO ] 2024-10-30 16:50:53.074 [TestNG-PoolService-3] LoggerLoad - In Hooks Class : Broswername = chrome
[INFO ] 2024-10-30 16:50:53.109 [TestNG-PoolService-5] LoggerLoad - In Hooks Class : Broswername = chrome
[INFO ] 2024-10-30 16:50:55.375 [TestNG-PoolService-8] LoggerLoad - In Hooks Class : Broswername = chrome
[INFO ] 2024-10-30 16:50:56.449 [TestNG-PoolService-2] LoggerLoad - Signed In user is in array page
[INFO ] 2024-10-30 16:50:56.797 [TestNG-PoolService-9] LoggerLoad - Signed In user is in array page
[INFO ] 2024-10-30 16:50:56.858 [TestNG-PoolService-6] LoggerLoad - In Hooks Class : Broswername = chrome
[INFO ] 2024-10-30 16:50:56.873 [TestNG-PoolService-7] LoggerLoad - In Hooks Class : Broswername = chrome
[INFO ] 2024-10-30 16:50:59.242 [TestNG-PoolService-3] LoggerLoad - Signed In user is in array page
[INFO ] 2024-10-30 16:50:59.264 [TestNG-PoolService-4] LoggerLoad - Signed In user is in array page
[INFO ] 2024-10-30 16:50:59.417 [TestNG-PoolService-7] LoggerLoad - Signed In user is in array page
[INFO ] 2024-10-30 16:50:59.418 [TestNG-PoolService-5] LoggerLoad - Signed In user is in array page
[INFO ] 2024-10-30 16:50:59.536 [TestNG-PoolService-8] LoggerLoad - Signed In user is in array page
[INFO ] 2024-10-30 16:50:59.652 [TestNG-PoolService-6] LoggerLoad - Signed In user is in array page
[INFO ] 2024-10-30 16:51:03.632 [TestNG-PoolService-2] LoggerLoad - In Hooks Class : Broswername = chrome
[INFO ] 2024-10-30 16:51:05.923 [TestNG-PoolService-1] LoggerLoad - In Hooks Class : Broswername = chrome
[INFO ] 2024-10-30 16:51:09.746 [TestNG-PoolService-2] LoggerLoad - Signed In user is in array page
[INFO ] 2024-10-30 16:51:09.902 [TestNG-PoolService-1] LoggerLoad - Signed In user is in array page
[INFO ] 2024-10-30 16:51:14.364 [TestNG-PoolService-9] LoggerLoad - In Hooks Class : Broswername = chrome
[INFO ] 2024-10-30 16:51:14.760 [TestNG-PoolService-4] LoggerLoad - In Hooks Class : Broswername = chrome
[INFO ] 2024-10-30 16:51:14.802 [TestNG-PoolService-10] LoggerLoad - In Hooks Class : Broswername = chrome
[INFO ] 2024-10-30 16:51:14.900 [TestNG-PoolService-3] LoggerLoad - In Hooks Class : Broswername = chrome
[INFO ] 2024-10-30 16:51:14.994 [TestNG-PoolService-5] LoggerLoad - In Hooks Class : Broswername = chrome
[INFO ] 2024-10-30 16:51:17.902 [TestNG-PoolService-8] LoggerLoad - In Hooks Class : Broswername = chrome
[INFO ] 2024-10-30 16:51:20.366 [TestNG-PoolService-7] LoggerLoad - Valid and Invalid code are validated
[INFO ] 2024-10-30 16:51:20.936 [TestNG-PoolService-8] LoggerLoad - Signed In user is in array page
[INFO ] 2024-10-30 16:51:21.328 [TestNG-PoolService-6] LoggerLoad - Valid and Invalid code are validated
[INFO ] 2024-10-30 16:51:22.766 [TestNG-PoolService-10] LoggerLoad - Signed In user is in array page
[INFO ] 2024-10-30 16:51:23.385 [TestNG-PoolService-9] LoggerLoad - Signed In user is in array page
[INFO ] 2024-10-30 16:51:23.802 [TestNG-PoolService-3] LoggerLoad - Signed In user is in array page
[INFO ] 2024-10-30 16:51:24.147 [TestNG-PoolService-1] LoggerLoad - Valid and Invalid code are validated
[INFO ] 2024-10-30 16:51:24.532 [TestNG-PoolService-2] LoggerLoad - Valid and Invalid code are validated
[INFO ] 2024-10-30 16:51:24.709 [TestNG-PoolService-5] LoggerLoad - Signed In user is in array page
[INFO ] 2024-10-30 16:51:25.976 [TestNG-PoolService-4] LoggerLoad - Signed In user is in array page
[INFO ] 2024-10-30 16:51:28.247 [TestNG-PoolService-8] LoggerLoad - In Hooks Class : Broswername = chrome
[INFO ] 2024-10-30 16:51:29.786 [TestNG-PoolService-8] LoggerLoad - Signed In user is in array page
[INFO ] 2024-10-30 16:51:32.702 [TestNG-PoolService-6] LoggerLoad - In Hooks Class : Broswername = chrome
[INFO ] 2024-10-30 16:51:32.702 [TestNG-PoolService-5] LoggerLoad - In Hooks Class : Broswername = chrome
[INFO ] 2024-10-30 16:51:34.181 [TestNG-PoolService-2] LoggerLoad - In Hooks Class : Broswername = chrome
[INFO ] 2024-10-30 16:51:34.187 [TestNG-PoolService-1] LoggerLoad - In Hooks Class : Broswername = chrome
[INFO ] 2024-10-30 16:51:34.235 [TestNG-PoolService-7] LoggerLoad - In Hooks Class : Broswername = chrome
[INFO ] 2024-10-30 16:51:35.706 [TestNG-PoolService-6] LoggerLoad - Signed In user is in array page
[INFO ] 2024-10-30 16:51:35.977 [TestNG-PoolService-5] LoggerLoad - Signed In user is in array page
[INFO ] 2024-10-30 16:51:36.974 [TestNG-PoolService-10] LoggerLoad - Valid and Invalid code are validated
[INFO ] 2024-10-30 16:51:37.216 [TestNG-PoolService-3] LoggerLoad - Valid and Invalid code are validated
[INFO ] 2024-10-30 16:51:37.550 [TestNG-PoolService-9] LoggerLoad - Valid and Invalid code are validated
[INFO ] 2024-10-30 16:51:37.843 [TestNG-PoolService-4] LoggerLoad - Valid and Invalid code are validated
[INFO ] 2024-10-30 16:51:38.439 [TestNG-PoolService-1] LoggerLoad - Signed In user is in array page
[INFO ] 2024-10-30 16:51:38.713 [TestNG-PoolService-7] LoggerLoad - Signed In user is in array page
[INFO ] 2024-10-30 16:51:39.651 [TestNG-PoolService-2] LoggerLoad - Signed In user is in array page
[INFO ] 2024-10-30 16:51:45.416 [TestNG-PoolService-5] LoggerLoad - In Hooks Class : Broswername = chrome
[INFO ] 2024-10-30 16:51:46.922 [TestNG-PoolService-10] LoggerLoad - In Hooks Class : Broswername = chrome
[INFO ] 2024-10-30 16:51:47.091 [TestNG-PoolService-8] LoggerLoad - In Hooks Class : Broswername = chrome
[INFO ] 2024-10-30 16:51:47.274 [TestNG-PoolService-4] LoggerLoad - In Hooks Class : Broswername = chrome
[INFO ] 2024-10-30 16:51:47.764 [TestNG-PoolService-3] LoggerLoad - In Hooks Class : Broswername = chrome
[INFO ] 2024-10-30 16:51:47.919 [TestNG-PoolService-5] LoggerLoad - Signed In user is in array page
[INFO ] 2024-10-30 16:51:48.670 [TestNG-PoolService-6] LoggerLoad - In Hooks Class : Broswername = chrome
[INFO ] 2024-10-30 16:51:59.928 [TestNG-PoolService-9] LoggerLoad - In Hooks Class : Broswername = chrome
[INFO ] 2024-10-30 16:52:01.649 [TestNG-PoolService-10] LoggerLoad - Signed In user is in array page
[INFO ] 2024-10-30 16:52:02.510 [TestNG-PoolService-9] LoggerLoad - Signed In user is in array page
[INFO ] 2024-10-30 16:52:09.178 [TestNG-PoolService-4] LoggerLoad - Signed In user is in array page
[INFO ] 2024-10-30 16:52:10.538 [TestNG-PoolService-6] LoggerLoad - Signed In user is in array page
[INFO ] 2024-10-30 16:52:10.775 [TestNG-PoolService-8] LoggerLoad - Signed In user is in array page
[INFO ] 2024-10-30 16:52:11.904 [TestNG-PoolService-3] LoggerLoad - Signed In user is in array page
[INFO ] 2024-10-30 16:52:27.454 [TestNG-PoolService-1] LoggerLoad - In Hooks Class : Broswername = chrome
[INFO ] 2024-10-30 16:52:30.298 [TestNG-PoolService-1] LoggerLoad - Signed In user is in array page
[INFO ] 2024-10-30 16:52:30.629 [TestNG-PoolService-5] LoggerLoad - In Hooks Class : Broswername = chrome
[INFO ] 2024-10-30 16:52:30.629 [TestNG-PoolService-2] LoggerLoad - In Hooks Class : Broswername = chrome
[INFO ] 2024-10-30 16:52:30.850 [TestNG-PoolService-9] LoggerLoad - In Hooks Class : Broswername = chrome
[INFO ] 2024-10-30 16:52:31.652 [TestNG-PoolService-7] LoggerLoad - In Hooks Class : Broswername = chrome
[INFO ] 2024-10-30 16:52:34.061 [TestNG-PoolService-6] LoggerLoad - In Hooks Class : Broswername = chrome
[INFO ] 2024-10-30 16:52:34.968 [TestNG-PoolService-5] LoggerLoad - Signed In user is in array page
[INFO ] 2024-10-30 16:52:36.948 [TestNG-PoolService-7] LoggerLoad - Signed In user is in array page
[INFO ] 2024-10-30 16:52:37.759 [TestNG-PoolService-2] LoggerLoad - Signed In user is in array page
[INFO ] 2024-10-30 16:52:37.899 [TestNG-PoolService-6] LoggerLoad - Signed In user is in array page
[INFO ] 2024-10-30 16:52:38.311 [TestNG-PoolService-9] LoggerLoad - Signed In user is in array page
[INFO ] 2024-10-30 16:52:43.661 [TestNG-PoolService-1] LoggerLoad - Valid and Invalid code are validated
[INFO ] 2024-10-30 16:52:44.089 [TestNG-PoolService-10] LoggerLoad - In Hooks Class : Broswername = chrome
[INFO ] 2024-10-30 16:52:44.735 [TestNG-PoolService-8] LoggerLoad - In Hooks Class : Broswername = chrome
[INFO ] 2024-10-30 16:52:44.799 [TestNG-PoolService-3] LoggerLoad - In Hooks Class : Broswername = chrome
[INFO ] 2024-10-30 16:52:46.473 [TestNG-PoolService-4] LoggerLoad - In Hooks Class : Broswername = chrome
[INFO ] 2024-10-30 16:52:47.683 [TestNG-PoolService-5] LoggerLoad - Valid and Invalid code are validated
[INFO ] 2024-10-30 16:52:49.100 [TestNG-PoolService-10] LoggerLoad - Signed In user is in array page
[INFO ] 2024-10-30 16:52:49.367 [TestNG-PoolService-8] LoggerLoad - Signed In user is in array page
[INFO ] 2024-10-30 16:52:49.628 [TestNG-PoolService-3] LoggerLoad - Signed In user is in array page
[INFO ] 2024-10-30 16:52:50.209 [TestNG-PoolService-4] LoggerLoad - Signed In user is in array page
[INFO ] 2024-10-30 16:52:51.743 [TestNG-PoolService-7] LoggerLoad - Valid and Invalid code are validated
[INFO ] 2024-10-30 16:52:53.759 [TestNG-PoolService-2] LoggerLoad - Valid and Invalid code are validated
[INFO ] 2024-10-30 16:52:55.372 [TestNG-PoolService-9] LoggerLoad - Valid and Invalid code are validated
[INFO ] 2024-10-30 16:52:57.002 [TestNG-PoolService-6] LoggerLoad - Valid and Invalid code are validated
[INFO ] 2024-10-30 16:52:58.754 [TestNG-PoolService-5] LoggerLoad - In Hooks Class : Broswername = chrome
[INFO ] 2024-10-30 16:53:00.208 [TestNG-PoolService-8] LoggerLoad - Valid and Invalid code are validated
[INFO ] 2024-10-30 16:53:00.598 [TestNG-PoolService-1] LoggerLoad - In Hooks Class : Broswername = chrome
[INFO ] 2024-10-30 16:53:00.854 [TestNG-PoolService-4] LoggerLoad - Valid and Invalid code are validated
[INFO ] 2024-10-30 16:53:00.958 [TestNG-PoolService-5] LoggerLoad - Signed In user is in array page
[INFO ] 2024-10-30 16:53:01.548 [TestNG-PoolService-10] LoggerLoad - Valid and Invalid code are validated
[INFO ] 2024-10-30 16:53:02.287 [TestNG-PoolService-1] LoggerLoad - Signed In user is in array page
[INFO ] 2024-10-30 16:53:02.369 [TestNG-PoolService-3] LoggerLoad - Valid and Invalid code are validated
[INFO ] 2024-10-30 16:53:05.712 [TestNG-PoolService-4] LoggerLoad - In Hooks Class : Broswername = chrome
[INFO ] 2024-10-30 16:53:06.101 [TestNG-PoolService-9] LoggerLoad - In Hooks Class : Broswername = chrome
[INFO ] 2024-10-30 16:53:06.158 [TestNG-PoolService-2] LoggerLoad - In Hooks Class : Broswername = chrome
[INFO ] 2024-10-30 16:53:06.191 [TestNG-PoolService-6] LoggerLoad - In Hooks Class : Broswername = chrome
[INFO ] 2024-10-30 16:53:06.858 [TestNG-PoolService-7] LoggerLoad - In Hooks Class : Broswername = chrome
[INFO ] 2024-10-30 16:53:07.013 [TestNG-PoolService-8] LoggerLoad - In Hooks Class : Broswername = chrome
[INFO ] 2024-10-30 16:53:07.533 [TestNG-PoolService-10] LoggerLoad - In Hooks Class : Broswername = chrome
[INFO ] 2024-10-30 16:53:10.205 [TestNG-PoolService-2] LoggerLoad - Signed In user is in array page
[INFO ] 2024-10-30 16:53:10.511 [TestNG-PoolService-4] LoggerLoad - Signed In user is in array page
[INFO ] 2024-10-30 16:53:10.740 [TestNG-PoolService-10] LoggerLoad - Signed In user is in array page
[INFO ] 2024-10-30 16:53:10.783 [TestNG-PoolService-9] LoggerLoad - Signed In user is in array page
[INFO ] 2024-10-30 16:53:10.863 [TestNG-PoolService-8] LoggerLoad - Signed In user is in array page
[INFO ] 2024-10-30 16:53:10.873 [TestNG-PoolService-6] LoggerLoad - Signed In user is in array page
[INFO ] 2024-10-30 16:53:10.950 [TestNG-PoolService-7] LoggerLoad - Signed In user is in array page
[INFO ] 2024-10-30 16:53:13.457 [TestNG-PoolService-3] LoggerLoad - In Hooks Class : Broswername = chrome
[INFO ] 2024-10-30 16:53:14.993 [TestNG-PoolService-3] LoggerLoad - Signed In user is in array page
[INFO ] 2024-10-30 16:53:16.369 [TestNG-PoolService-1] LoggerLoad - Valid and Invalid code are validated
[INFO ] 2024-10-30 16:53:16.586 [TestNG-PoolService-5] LoggerLoad - Valid and Invalid code are validated
[INFO ] 2024-10-30 16:53:21.824 [TestNG-PoolService-1] LoggerLoad - In Hooks Class : Broswername = chrome
[INFO ] 2024-10-30 16:53:22.734 [TestNG-PoolService-2] LoggerLoad - Valid and Invalid code are validated
[INFO ] 2024-10-30 16:53:23.739 [TestNG-PoolService-6] LoggerLoad - Valid and Invalid code are validated
[INFO ] 2024-10-30 16:53:27.690 [TestNG-PoolService-5] LoggerLoad - In Hooks Class : Broswername = chrome
[INFO ] 2024-10-30 16:53:28.128 [TestNG-PoolService-1] LoggerLoad - Signed In user is in array page
[INFO ] 2024-10-30 16:53:31.117 [TestNG-PoolService-8] LoggerLoad - Valid and Invalid code are validated
[INFO ] 2024-10-30 16:53:31.402 [TestNG-PoolService-4] LoggerLoad - Valid and Invalid code are validated
[INFO ] 2024-10-30 16:53:31.681 [TestNG-PoolService-9] LoggerLoad - Valid and Invalid code are validated
[INFO ] 2024-10-30 16:53:31.899 [TestNG-PoolService-10] LoggerLoad - Valid and Invalid code are validated
[INFO ] 2024-10-30 16:53:31.915 [TestNG-PoolService-7] LoggerLoad - Valid and Invalid code are validated
[INFO ] 2024-10-30 16:53:32.767 [TestNG-PoolService-3] LoggerLoad - Valid and Invalid code are validated
[INFO ] 2024-10-30 16:53:33.412 [TestNG-PoolService-5] LoggerLoad - Signed In user is in array page
[INFO ] 2024-10-30 16:53:34.217 [TestNG-PoolService-2] LoggerLoad - In Hooks Class : Broswername = chrome
[INFO ] 2024-10-30 16:53:35.549 [TestNG-PoolService-2] LoggerLoad - Signed In user is in array page
[INFO ] 2024-10-30 16:53:37.328 [TestNG-PoolService-3] LoggerLoad - In Hooks Class : Broswername = chrome
[INFO ] 2024-10-30 16:53:37.427 [TestNG-PoolService-4] LoggerLoad - In Hooks Class : Broswername = chrome
[INFO ] 2024-10-30 16:53:37.933 [TestNG-PoolService-9] LoggerLoad - In Hooks Class : Broswername = chrome
[INFO ] 2024-10-30 16:53:40.406 [TestNG-PoolService-9] LoggerLoad - Signed In user is in array page
[INFO ] 2024-10-30 16:53:40.461 [TestNG-PoolService-3] LoggerLoad - Signed In user is in array page
[INFO ] 2024-10-30 16:53:40.708 [TestNG-PoolService-4] LoggerLoad - Signed In user is in array page
[INFO ] 2024-10-30 16:53:43.200 [TestNG-PoolService-1] LoggerLoad - Valid and Invalid code are validated
[INFO ] 2024-10-30 16:53:45.004 [TestNG-PoolService-5] LoggerLoad - Valid and Invalid code are validated
[INFO ] 2024-10-30 16:53:47.102 [TestNG-PoolService-2] LoggerLoad - Valid and Invalid code are validated
[INFO ] 2024-10-30 16:53:48.780 [TestNG-PoolService-3] LoggerLoad - Valid and Invalid code are validated
[INFO ] 2024-10-30 16:53:49.027 [TestNG-PoolService-9] LoggerLoad - Valid and Invalid code are validated
[INFO ] 2024-10-30 16:53:49.346 [TestNG-PoolService-4] LoggerLoad - Valid and Invalid code are validated
[INFO ] 2024-10-30 16:57:59.170 [TestNG-PoolService-4] LoggerLoad - In Hooks Class : Broswername = chrome
[INFO ] 2024-10-30 16:57:59.170 [TestNG-PoolService-1] LoggerLoad - In Hooks Class : Broswername = chrome
[INFO ] 2024-10-30 16:57:59.170 [TestNG-PoolService-2] LoggerLoad - In Hooks Class : Broswername = chrome
[INFO ] 2024-10-30 16:57:59.170 [TestNG-PoolService-5] LoggerLoad - In Hooks Class : Broswername = chrome
[INFO ] 2024-10-30 16:57:59.170 [TestNG-PoolService-3] LoggerLoad - In Hooks Class : Broswername = chrome
[INFO ] 2024-10-30 17:08:22.049 [TestNG-PoolService-1] LoggerLoad - In Hooks Class : Broswername = chrome
[INFO ] 2024-10-30 17:08:22.049 [TestNG-PoolService-2] LoggerLoad - In Hooks Class : Broswername = chrome
[INFO ] 2024-10-30 17:08:22.049 [TestNG-PoolService-3] LoggerLoad - In Hooks Class : Broswername = chrome
[INFO ] 2024-10-30 17:08:22.049 [TestNG-PoolService-5] LoggerLoad - In Hooks Class : Broswername = chrome
[INFO ] 2024-10-30 17:08:22.049 [TestNG-PoolService-4] LoggerLoad - In Hooks Class : Broswername = chrome
[INFO ] 2024-10-30 17:11:11.098 [TestNG-PoolService-2] LoggerLoad - In Hooks Class : Broswername = chrome
[INFO ] 2024-10-30 17:11:11.098 [TestNG-PoolService-3] LoggerLoad - In Hooks Class : Broswername = chrome
[INFO ] 2024-10-30 17:11:11.098 [TestNG-PoolService-4] LoggerLoad - In Hooks Class : Broswername = chrome
[INFO ] 2024-10-30 17:11:11.098 [TestNG-PoolService-1] LoggerLoad - In Hooks Class : Broswername = chrome
[INFO ] 2024-10-30 17:11:11.098 [TestNG-PoolService-5] LoggerLoad - In Hooks Class : Broswername = chrome
[INFO ] 2024-10-30 17:12:39.423 [TestNG-PoolService-1] LoggerLoad - In Hooks Class : Broswername = chrome
[INFO ] 2024-10-30 17:12:39.423 [TestNG-PoolService-5] LoggerLoad - In Hooks Class : Broswername = chrome
[INFO ] 2024-10-30 17:12:39.423 [TestNG-PoolService-2] LoggerLoad - In Hooks Class : Broswername = chrome
[INFO ] 2024-10-30 17:12:39.423 [TestNG-PoolService-3] LoggerLoad - In Hooks Class : Broswername = chrome
[INFO ] 2024-10-30 17:12:39.423 [TestNG-PoolService-4] LoggerLoad - In Hooks Class : Broswername = chrome
[INFO ] 2024-10-30 17:13:34.718 [TestNG-PoolService-7] LoggerLoad - In Hooks Class : Broswername = chrome
[INFO ] 2024-10-30 17:13:34.718 [TestNG-PoolService-1] LoggerLoad - In Hooks Class : Broswername = chrome
[INFO ] 2024-10-30 17:13:34.718 [TestNG-PoolService-8] LoggerLoad - In Hooks Class : Broswername = chrome
[INFO ] 2024-10-30 17:13:34.718 [TestNG-PoolService-3] LoggerLoad - In Hooks Class : Broswername = chrome
[INFO ] 2024-10-30 17:13:34.718 [TestNG-PoolService-5] LoggerLoad - In Hooks Class : Broswername = chrome
[INFO ] 2024-10-30 17:13:34.718 [TestNG-PoolService-10] LoggerLoad - In Hooks Class : Broswername = chrome
[INFO ] 2024-10-30 17:13:34.718 [TestNG-PoolService-2] LoggerLoad - In Hooks Class : Broswername = chrome
[INFO ] 2024-10-30 17:13:34.718 [TestNG-PoolService-4] LoggerLoad - In Hooks Class : Broswername = chrome
[INFO ] 2024-10-30 17:13:34.718 [TestNG-PoolService-6] LoggerLoad - In Hooks Class : Broswername = chrome
[INFO ] 2024-10-30 17:13:34.718 [TestNG-PoolService-9] LoggerLoad - In Hooks Class : Broswername = chrome
[INFO ] 2024-10-30 17:13:40.436 [TestNG-PoolService-3] LoggerLoad - Signed In user is in array page
[INFO ] 2024-10-30 17:13:42.201 [TestNG-PoolService-9] LoggerLoad - Signed In user is in array page
[INFO ] 2024-10-30 17:13:42.248 [TestNG-PoolService-7] LoggerLoad - Signed In user is in array page
[INFO ] 2024-10-30 17:13:42.303 [TestNG-PoolService-6] LoggerLoad - Signed In user is in array page
[INFO ] 2024-10-30 17:13:43.172 [TestNG-PoolService-1] LoggerLoad - Signed In user is in array page
[INFO ] 2024-10-30 17:13:43.251 [TestNG-PoolService-7] LoggerLoad - Page Title is : Practice Questions
[INFO ] 2024-10-30 17:13:43.261 [TestNG-PoolService-9] LoggerLoad - Page Title is : Practice Questions
[INFO ] 2024-10-30 17:13:43.373 [TestNG-PoolService-6] LoggerLoad - Page Title is : Practice Questions
[INFO ] 2024-10-30 17:13:45.530 [TestNG-PoolService-2] LoggerLoad - Signed In user is in array page
[INFO ] 2024-10-30 17:13:45.955 [TestNG-PoolService-10] LoggerLoad - In Hooks Class : Broswername = chrome
[INFO ] 2024-10-30 17:13:46.503 [TestNG-PoolService-4] LoggerLoad - Signed In user is in array page
[INFO ] 2024-10-30 17:13:49.787 [TestNG-PoolService-8] LoggerLoad - Signed In user is in array page
[INFO ] 2024-10-30 17:13:50.682 [TestNG-PoolService-8] LoggerLoad - Page Title is : Practice Questions
[INFO ] 2024-10-30 17:13:50.733 [TestNG-PoolService-5] LoggerLoad - Signed In user is in array page
[INFO ] 2024-10-30 17:13:55.659 [TestNG-PoolService-3] LoggerLoad - In Array Page Text Editor
[INFO ] 2024-10-30 17:14:01.592 [TestNG-PoolService-3] LoggerLoad - In Array Page Text Editor
[INFO ] 2024-10-30 17:14:05.772 [TestNG-PoolService-6] LoggerLoad - Python code
[INFO ] 2024-10-30 17:14:07.233 [TestNG-PoolService-6] LoggerLoad - Page Title is : Assessment
[INFO ] 2024-10-30 17:14:09.462 [TestNG-PoolService-2] LoggerLoad - In Array Page Text Editor
[INFO ] 2024-10-30 17:14:09.718 [TestNG-PoolService-10] LoggerLoad - In Hooks Class : Broswername = chrome
[INFO ] 2024-10-30 17:14:09.823 [TestNG-PoolService-5] LoggerLoad - In Array Page Text Editor
[INFO ] 2024-10-30 17:14:12.006 [TestNG-PoolService-1] LoggerLoad - In Hooks Class : Broswername = chrome
[INFO ] 2024-10-30 17:14:12.074 [TestNG-PoolService-4] LoggerLoad - In Array Page Text Editor
[INFO ] 2024-10-30 17:14:14.164 [TestNG-PoolService-6] LoggerLoad - In Hooks Class : Broswername = chrome
[INFO ] 2024-10-30 17:14:14.758 [TestNG-PoolService-5] LoggerLoad - In Array Page Text Editor
[INFO ] 2024-10-30 17:14:14.956 [TestNG-PoolService-7] LoggerLoad - Python code
[INFO ] 2024-10-30 17:14:14.979 [TestNG-PoolService-9] LoggerLoad - Python code
[INFO ] 2024-10-30 17:14:15.142 [TestNG-PoolService-2] LoggerLoad - In Array Page Text Editor
[INFO ] 2024-10-30 17:14:15.360 [TestNG-PoolService-7] LoggerLoad - Page Title is : Assessment
[INFO ] 2024-10-30 17:14:15.440 [TestNG-PoolService-9] LoggerLoad - Page Title is : Assessment
[INFO ] 2024-10-30 17:14:16.091 [TestNG-PoolService-8] LoggerLoad - Python code
[INFO ] 2024-10-30 17:14:16.403 [TestNG-PoolService-8] LoggerLoad - Page Title is : Assessment
[INFO ] 2024-10-30 17:14:16.935 [TestNG-PoolService-4] LoggerLoad - In Array Page Text Editor
[INFO ] 2024-10-30 17:14:16.957 [TestNG-PoolService-3] LoggerLoad - In Hooks Class : Broswername = chrome
[INFO ] 2024-10-30 17:14:18.989 [TestNG-PoolService-3] LoggerLoad - Signed In user is in array page
[INFO ] 2024-10-30 17:14:19.435 [TestNG-PoolService-10] LoggerLoad - In Hooks Class : Broswername = chrome
[INFO ] 2024-10-30 17:14:20.441 [TestNG-PoolService-8] LoggerLoad - In Hooks Class : Broswername = chrome
[INFO ] 2024-10-30 17:14:20.504 [TestNG-PoolService-2] LoggerLoad - In Hooks Class : Broswername = chrome
[INFO ] 2024-10-30 17:14:20.737 [TestNG-PoolService-1] LoggerLoad - In Hooks Class : Broswername = chrome
[INFO ] 2024-10-30 17:14:21.908 [TestNG-PoolService-6] LoggerLoad - In Hooks Class : Broswername = chrome
[INFO ] 2024-10-30 17:14:23.230 [TestNG-PoolService-2] LoggerLoad - Signed In user is in array page
[INFO ] 2024-10-30 17:14:23.265 [TestNG-PoolService-10] LoggerLoad - Signed In user is in array page
[INFO ] 2024-10-30 17:14:23.457 [TestNG-PoolService-1] LoggerLoad - Signed In user is in array page
[INFO ] 2024-10-30 17:14:23.720 [TestNG-PoolService-8] LoggerLoad - Signed In user is in array page
[INFO ] 2024-10-30 17:14:24.074 [TestNG-PoolService-6] LoggerLoad - Signed In user is in array page
[INFO ] 2024-10-30 17:14:25.684 [TestNG-PoolService-7] LoggerLoad - In Hooks Class : Broswername = chrome
[INFO ] 2024-10-30 17:14:25.687 [TestNG-PoolService-5] LoggerLoad - In Hooks Class : Broswername = chrome
[INFO ] 2024-10-30 17:14:28.181 [TestNG-PoolService-9] LoggerLoad - In Hooks Class : Broswername = chrome
[INFO ] 2024-10-30 17:14:29.665 [TestNG-PoolService-7] LoggerLoad - Signed In user is in array page
[INFO ] 2024-10-30 17:14:31.842 [TestNG-PoolService-10] LoggerLoad - In Hooks Class : Broswername = chrome
[INFO ] 2024-10-30 17:14:32.339 [TestNG-PoolService-3] LoggerLoad - In Hooks Class : Broswername = chrome
[INFO ] 2024-10-30 17:14:32.428 [TestNG-PoolService-9] LoggerLoad - Signed In user is in array page
[INFO ] 2024-10-30 17:14:33.262 [TestNG-PoolService-5] LoggerLoad - Signed In user is in array page
[INFO ] 2024-10-30 17:14:33.692 [TestNG-PoolService-4] LoggerLoad - In Hooks Class : Broswername = chrome
[INFO ] 2024-10-30 17:14:34.944 [TestNG-PoolService-3] LoggerLoad - Signed In user is in array page
[INFO ] 2024-10-30 17:14:36.163 [TestNG-PoolService-8] LoggerLoad - In Hooks Class : Broswername = chrome
[INFO ] 2024-10-30 17:14:36.743 [TestNG-PoolService-1] LoggerLoad - Valid and Invalid code are validated
[INFO ] 2024-10-30 17:14:36.808 [TestNG-PoolService-4] LoggerLoad - Signed In user is in array page
[INFO ] 2024-10-30 17:14:37.472 [TestNG-PoolService-6] LoggerLoad - Valid and Invalid code are validated
[INFO ] 2024-10-30 17:14:38.687 [TestNG-PoolService-8] LoggerLoad - Signed In user is in array page
[INFO ] 2024-10-30 17:14:41.228 [TestNG-PoolService-10] LoggerLoad - In Hooks Class : Broswername = chrome
[INFO ] 2024-10-30 17:14:41.231 [TestNG-PoolService-7] LoggerLoad - In Hooks Class : Broswername = chrome
[INFO ] 2024-10-30 17:14:41.560 [TestNG-PoolService-2] LoggerLoad - In Hooks Class : Broswername = chrome
[INFO ] 2024-10-30 17:14:43.130 [TestNG-PoolService-9] LoggerLoad - Valid and Invalid code are validated
[INFO ] 2024-10-30 17:14:43.598 [TestNG-PoolService-10] LoggerLoad - Signed In user is in array page
[INFO ] 2024-10-30 17:14:44.014 [TestNG-PoolService-7] LoggerLoad - Signed In user is in array page
[INFO ] 2024-10-30 17:14:44.720 [TestNG-PoolService-4] LoggerLoad - In Hooks Class : Broswername = chrome
[INFO ] 2024-10-30 17:14:44.759 [TestNG-PoolService-8] LoggerLoad - In Hooks Class : Broswername = chrome
[INFO ] 2024-10-30 17:14:45.002 [TestNG-PoolService-2] LoggerLoad - Signed In user is in array page
[INFO ] 2024-10-30 17:14:47.134 [TestNG-PoolService-3] LoggerLoad - Valid and Invalid code are validated
[INFO ] 2024-10-30 17:14:47.529 [TestNG-PoolService-6] LoggerLoad - In Hooks Class : Broswername = chrome
[INFO ] 2024-10-30 17:14:48.514 [TestNG-PoolService-1] LoggerLoad - In Hooks Class : Broswername = chrome
[INFO ] 2024-10-30 17:14:48.663 [TestNG-PoolService-5] LoggerLoad - In Hooks Class : Broswername = chrome
[INFO ] 2024-10-30 17:14:49.063 [TestNG-PoolService-8] LoggerLoad - Signed In user is in array page
[INFO ] 2024-10-30 17:14:50.209 [TestNG-PoolService-6] LoggerLoad - Signed In user is in array page
[INFO ] 2024-10-30 17:14:51.229 [TestNG-PoolService-4] LoggerLoad - Signed In user is in array page
[INFO ] 2024-10-30 17:14:52.662 [TestNG-PoolService-5] LoggerLoad - Signed In user is in array page
[INFO ] 2024-10-30 17:14:53.117 [TestNG-PoolService-1] LoggerLoad - Signed In user is in array page
[INFO ] 2024-10-30 17:15:00.019 [TestNG-PoolService-2] LoggerLoad - Valid and Invalid code are validated
[INFO ] 2024-10-30 17:15:00.160 [TestNG-PoolService-3] LoggerLoad - In Hooks Class : Broswername = chrome
[INFO ] 2024-10-30 17:15:00.163 [TestNG-PoolService-7] LoggerLoad - In Hooks Class : Broswername = chrome
[INFO ] 2024-10-30 17:15:01.175 [TestNG-PoolService-9] LoggerLoad - In Hooks Class : Broswername = chrome
[INFO ] 2024-10-30 17:15:01.324 [TestNG-PoolService-8] LoggerLoad - In Hooks Class : Broswername = chrome
[INFO ] 2024-10-30 17:15:01.491 [TestNG-PoolService-5] LoggerLoad - Valid and Invalid code are validated
[INFO ] 2024-10-30 17:15:01.583 [TestNG-PoolService-10] LoggerLoad - In Hooks Class : Broswername = chrome
[INFO ] 2024-10-30 17:15:04.917 [TestNG-PoolService-7] LoggerLoad - Signed In user is in array page
[INFO ] 2024-10-30 17:15:05.408 [TestNG-PoolService-3] LoggerLoad - Signed In user is in array page
[INFO ] 2024-10-30 17:15:05.425 [TestNG-PoolService-4] LoggerLoad - Valid and Invalid code are validated
[INFO ] 2024-10-30 17:15:05.752 [TestNG-PoolService-9] LoggerLoad - Signed In user is in array page
[INFO ] 2024-10-30 17:15:07.322 [TestNG-PoolService-6] LoggerLoad - In Hooks Class : Broswername = chrome
[INFO ] 2024-10-30 17:15:07.403 [TestNG-PoolService-10] LoggerLoad - Signed In user is in array page
[INFO ] 2024-10-30 17:15:08.801 [TestNG-PoolService-8] LoggerLoad - Signed In user is in array page
[INFO ] 2024-10-30 17:15:10.800 [TestNG-PoolService-1] LoggerLoad - Valid and Invalid code are validated
[INFO ] 2024-10-30 17:15:12.476 [TestNG-PoolService-6] LoggerLoad - Signed In user is in array page
[INFO ] 2024-10-30 17:15:20.757 [TestNG-PoolService-9] LoggerLoad - In Hooks Class : Broswername = chrome
[INFO ] 2024-10-30 17:15:21.784 [TestNG-PoolService-3] LoggerLoad - In Hooks Class : Broswername = chrome
[INFO ] 2024-10-30 17:15:24.283 [TestNG-PoolService-7] LoggerLoad - In Hooks Class : Broswername = chrome
[INFO ] 2024-10-30 17:15:25.654 [TestNG-PoolService-6] LoggerLoad - In Hooks Class : Broswername = chrome
[INFO ] 2024-10-30 17:15:25.788 [TestNG-PoolService-4] LoggerLoad - In Hooks Class : Broswername = chrome
[INFO ] 2024-10-30 17:15:25.977 [TestNG-PoolService-2] LoggerLoad - In Hooks Class : Broswername = chrome
[INFO ] 2024-10-30 17:15:26.059 [TestNG-PoolService-5] LoggerLoad - In Hooks Class : Broswername = chrome
[INFO ] 2024-10-30 17:15:27.053 [TestNG-PoolService-1] LoggerLoad - In Hooks Class : Broswername = chrome
[INFO ] 2024-10-30 17:15:27.252 [TestNG-PoolService-10] LoggerLoad - Valid and Invalid code are validated
[INFO ] 2024-10-30 17:15:27.730 [TestNG-PoolService-8] LoggerLoad - Valid and Invalid code are validated
[INFO ] 2024-10-30 17:15:28.529 [TestNG-PoolService-9] LoggerLoad - Signed In user is in array page
[INFO ] 2024-10-30 17:15:28.826 [TestNG-PoolService-3] LoggerLoad - Signed In user is in array page
[INFO ] 2024-10-30 17:15:28.933 [TestNG-PoolService-7] LoggerLoad - Signed In user is in array page
[INFO ] 2024-10-30 17:15:29.130 [TestNG-PoolService-5] LoggerLoad - Signed In user is in array page
[INFO ] 2024-10-30 17:15:29.187 [TestNG-PoolService-6] LoggerLoad - Signed In user is in array page
[INFO ] 2024-10-30 17:15:29.416 [TestNG-PoolService-1] LoggerLoad - Signed In user is in array page
[INFO ] 2024-10-30 17:15:29.499 [TestNG-PoolService-4] LoggerLoad - Signed In user is in array page
[INFO ] 2024-10-30 17:15:30.381 [TestNG-PoolService-2] LoggerLoad - Signed In user is in array page
[INFO ] 2024-10-30 17:15:36.480 [TestNG-PoolService-10] LoggerLoad - In Hooks Class : Broswername = chrome
[INFO ] 2024-10-30 17:15:36.672 [TestNG-PoolService-8] LoggerLoad - In Hooks Class : Broswername = chrome
[INFO ] 2024-10-30 17:15:41.507 [TestNG-PoolService-8] LoggerLoad - Signed In user is in array page
[INFO ] 2024-10-30 17:15:41.887 [TestNG-PoolService-10] LoggerLoad - Signed In user is in array page
[INFO ] 2024-10-30 17:15:43.058 [TestNG-PoolService-6] LoggerLoad - Valid and Invalid code are validated
[INFO ] 2024-10-30 17:15:43.727 [TestNG-PoolService-9] LoggerLoad - Valid and Invalid code are validated
[INFO ] 2024-10-30 17:15:44.906 [TestNG-PoolService-5] LoggerLoad - Valid and Invalid code are validated
[INFO ] 2024-10-30 17:15:45.644 [TestNG-PoolService-3] LoggerLoad - Valid and Invalid code are validated
[INFO ] 2024-10-30 17:15:46.935 [TestNG-PoolService-7] LoggerLoad - In Hooks Class : Broswername = chrome
[INFO ] 2024-10-30 17:15:47.380 [TestNG-PoolService-4] LoggerLoad - In Hooks Class : Broswername = chrome
[INFO ] 2024-10-30 17:15:49.219 [TestNG-PoolService-7] LoggerLoad - Signed In user is in array page
[INFO ] 2024-10-30 17:15:49.515 [TestNG-PoolService-1] LoggerLoad - In Hooks Class : Broswername = chrome
[INFO ] 2024-10-30 17:15:50.795 [TestNG-PoolService-2] LoggerLoad - In Hooks Class : Broswername = chrome
[INFO ] 2024-10-30 17:16:02.105 [TestNG-PoolService-6] LoggerLoad - In Hooks Class : Broswername = chrome
[INFO ] 2024-10-30 17:16:02.834 [TestNG-PoolService-5] LoggerLoad - In Hooks Class : Broswername = chrome
[INFO ] 2024-10-30 17:16:02.936 [TestNG-PoolService-9] LoggerLoad - In Hooks Class : Broswername = chrome
[INFO ] 2024-10-30 17:16:03.259 [TestNG-PoolService-3] LoggerLoad - In Hooks Class : Broswername = chrome
[INFO ] 2024-10-30 17:16:04.103 [TestNG-PoolService-8] LoggerLoad - Valid and Invalid code are validated
[INFO ] 2024-10-30 17:16:05.851 [TestNG-PoolService-6] LoggerLoad - Signed In user is in array page
[INFO ] 2024-10-30 17:16:05.969 [TestNG-PoolService-10] LoggerLoad - Valid and Invalid code are validated
[INFO ] 2024-10-30 17:16:07.637 [TestNG-PoolService-4] LoggerLoad - Signed In user is in array page
[INFO ] 2024-10-30 17:16:08.155 [TestNG-PoolService-5] LoggerLoad - Signed In user is in array page
[INFO ] 2024-10-30 17:16:08.277 [TestNG-PoolService-1] LoggerLoad - Signed In user is in array page
[INFO ] 2024-10-30 17:16:09.422 [TestNG-PoolService-9] LoggerLoad - Signed In user is in array page
[INFO ] 2024-10-30 17:16:11.605 [TestNG-PoolService-2] LoggerLoad - Signed In user is in array page
[INFO ] 2024-10-30 17:16:14.836 [TestNG-PoolService-3] LoggerLoad - Signed In user is in array page
[INFO ] 2024-10-30 17:16:24.797 [TestNG-PoolService-9] LoggerLoad - In Hooks Class : Broswername = chrome
[INFO ] 2024-10-30 17:16:26.806 [TestNG-PoolService-6] LoggerLoad - In Hooks Class : Broswername = chrome
[INFO ] 2024-10-30 17:16:27.986 [TestNG-PoolService-5] LoggerLoad - In Hooks Class : Broswername = chrome
[INFO ] 2024-10-30 17:16:28.548 [TestNG-PoolService-10] LoggerLoad - In Hooks Class : Broswername = chrome
[INFO ] 2024-10-30 17:16:29.808 [TestNG-PoolService-3] LoggerLoad - In Hooks Class : Broswername = chrome
[INFO ] 2024-10-30 17:16:29.858 [TestNG-PoolService-8] LoggerLoad - In Hooks Class : Broswername = chrome
[INFO ] 2024-10-30 17:16:30.319 [TestNG-PoolService-7] LoggerLoad - In Hooks Class : Broswername = chrome
[INFO ] 2024-10-30 17:16:30.372 [TestNG-PoolService-4] LoggerLoad - In Hooks Class : Broswername = chrome
[INFO ] 2024-10-30 17:16:31.898 [TestNG-PoolService-2] LoggerLoad - Valid and Invalid code are validated
[INFO ] 2024-10-30 17:16:32.377 [TestNG-PoolService-9] LoggerLoad - Signed In user is in array page
[INFO ] 2024-10-30 17:16:32.695 [TestNG-PoolService-1] LoggerLoad - Valid and Invalid code are validated
[INFO ] 2024-10-30 17:16:32.761 [TestNG-PoolService-5] LoggerLoad - Signed In user is in array page
[INFO ] 2024-10-30 17:16:33.078 [TestNG-PoolService-6] LoggerLoad - Signed In user is in array page
[INFO ] 2024-10-30 17:16:33.333 [TestNG-PoolService-10] LoggerLoad - Signed In user is in array page
[INFO ] 2024-10-30 17:16:33.362 [TestNG-PoolService-7] LoggerLoad - Signed In user is in array page
[INFO ] 2024-10-30 17:16:33.372 [TestNG-PoolService-4] LoggerLoad - Signed In user is in array page
[INFO ] 2024-10-30 17:16:33.372 [TestNG-PoolService-8] LoggerLoad - Signed In user is in array page
[INFO ] 2024-10-30 17:16:33.492 [TestNG-PoolService-3] LoggerLoad - Signed In user is in array page
[INFO ] 2024-10-30 17:16:39.536 [TestNG-PoolService-2] LoggerLoad - In Hooks Class : Broswername = chrome
[INFO ] 2024-10-30 17:16:39.941 [TestNG-PoolService-1] LoggerLoad - In Hooks Class : Broswername = chrome
[INFO ] 2024-10-30 17:16:44.462 [TestNG-PoolService-1] LoggerLoad - Signed In user is in array page
[INFO ] 2024-10-30 17:16:44.835 [TestNG-PoolService-2] LoggerLoad - Signed In user is in array page
[INFO ] 2024-10-30 17:16:47.098 [TestNG-PoolService-7] LoggerLoad - Valid and Invalid code are validated
[INFO ] 2024-10-30 17:16:47.756 [TestNG-PoolService-6] LoggerLoad - Valid and Invalid code are validated
[INFO ] 2024-10-30 17:16:47.976 [TestNG-PoolService-4] LoggerLoad - Valid and Invalid code are validated
[INFO ] 2024-10-30 17:16:49.028 [TestNG-PoolService-10] LoggerLoad - Valid and Invalid code are validated
[INFO ] 2024-10-30 17:16:49.864 [TestNG-PoolService-3] LoggerLoad - Valid and Invalid code are validated
[INFO ] 2024-10-30 17:16:52.247 [TestNG-PoolService-5] LoggerLoad - In Hooks Class : Broswername = chrome
[INFO ] 2024-10-30 17:16:52.969 [TestNG-PoolService-6] LoggerLoad - In Hooks Class : Broswername = chrome
[INFO ] 2024-10-30 17:16:54.439 [TestNG-PoolService-9] LoggerLoad - In Hooks Class : Broswername = chrome
[INFO ] 2024-10-30 17:16:55.039 [TestNG-PoolService-7] LoggerLoad - In Hooks Class : Broswername = chrome
[INFO ] 2024-10-30 17:16:56.143 [TestNG-PoolService-4] LoggerLoad - In Hooks Class : Broswername = chrome
[INFO ] 2024-10-30 17:16:57.097 [TestNG-PoolService-3] LoggerLoad - In Hooks Class : Broswername = chrome
[INFO ] 2024-10-30 17:16:57.512 [TestNG-PoolService-10] LoggerLoad - In Hooks Class : Broswername = chrome
[INFO ] 2024-10-30 17:16:57.958 [TestNG-PoolService-8] LoggerLoad - Valid and Invalid code are validated
[INFO ] 2024-10-30 17:16:58.666 [TestNG-PoolService-2] LoggerLoad - Valid and Invalid code are validated
[INFO ] 2024-10-30 17:16:59.036 [TestNG-PoolService-1] LoggerLoad - Valid and Invalid code are validated
[INFO ] 2024-10-30 17:17:03.526 [TestNG-PoolService-2] LoggerLoad - In Hooks Class : Broswername = chrome
[INFO ] 2024-10-30 17:17:03.801 [TestNG-PoolService-5] LoggerLoad - In Hooks Class : Broswername = chrome
[INFO ] 2024-10-30 17:17:04.184 [TestNG-PoolService-1] LoggerLoad - In Hooks Class : Broswername = chrome
[INFO ] 2024-10-30 17:17:05.885 [TestNG-PoolService-8] LoggerLoad - In Hooks Class : Broswername = chrome
[INFO ] 2024-10-30 17:17:10.506 [TestNG-PoolService-4] LoggerLoad - In Hooks Class : Broswername = chrome
[INFO ] 2024-10-30 17:17:10.694 [TestNG-PoolService-7] LoggerLoad - In Hooks Class : Broswername = chrome
[INFO ] 2024-10-30 17:17:12.032 [TestNG-PoolService-6] LoggerLoad - In Hooks Class : Broswername = chrome
[INFO ] 2024-10-30 17:17:12.595 [TestNG-PoolService-9] LoggerLoad - In Hooks Class : Broswername = chrome
[INFO ] 2024-10-30 17:17:12.763 [TestNG-PoolService-2] LoggerLoad - In Hooks Class : Broswername = chrome
[INFO ] 2024-10-30 17:17:13.263 [TestNG-PoolService-1] LoggerLoad - In Hooks Class : Broswername = chrome
[INFO ] 2024-10-30 17:17:13.981 [TestNG-PoolService-3] LoggerLoad - In Hooks Class : Broswername = chrome
[INFO ] 2024-10-30 17:17:14.043 [TestNG-PoolService-4] LoggerLoad - Signed In user is in array page
[INFO ] 2024-10-30 17:17:14.364 [TestNG-PoolService-7] LoggerLoad - Signed In user is in array page
[INFO ] 2024-10-30 17:17:17.021 [TestNG-PoolService-2] LoggerLoad - Signed In user is in array page
[INFO ] 2024-10-30 17:17:17.029 [TestNG-PoolService-3] LoggerLoad - Signed In user is in array page
[INFO ] 2024-10-30 17:17:17.171 [TestNG-PoolService-6] LoggerLoad - Signed In user is in array page
[INFO ] 2024-10-30 17:17:17.175 [TestNG-PoolService-9] LoggerLoad - Signed In user is in array page
[INFO ] 2024-10-30 17:17:17.289 [TestNG-PoolService-1] LoggerLoad - Signed In user is in array page
[INFO ] 2024-10-30 17:17:20.306 [TestNG-PoolService-8] LoggerLoad - In Hooks Class : Broswername = chrome
[INFO ] 2024-10-30 17:17:22.676 [TestNG-PoolService-10] LoggerLoad - In Hooks Class : Broswername = chrome
[INFO ] 2024-10-30 17:17:23.722 [TestNG-PoolService-5] LoggerLoad - In Hooks Class : Broswername = chrome
[INFO ] 2024-10-30 17:17:23.959 [TestNG-PoolService-4] LoggerLoad - In Hooks Class : Broswername = chrome
[INFO ] 2024-10-30 17:17:35.441 [TestNG-PoolService-9] LoggerLoad - In Hooks Class : Broswername = chrome
[INFO ] 2024-10-30 17:17:37.278 [TestNG-PoolService-6] LoggerLoad - In Hooks Class : Broswername = chrome
[INFO ] 2024-10-30 17:17:38.667 [TestNG-PoolService-8] LoggerLoad - Signed In user is in array page
[INFO ] 2024-10-30 17:17:38.923 [TestNG-PoolService-10] LoggerLoad - Signed In user is in array page
[INFO ] 2024-10-30 17:17:39.070 [TestNG-PoolService-4] LoggerLoad - Signed In user is in array page
[INFO ] 2024-10-30 17:17:39.923 [TestNG-PoolService-5] LoggerLoad - Signed In user is in array page
[INFO ] 2024-10-30 17:17:40.372 [TestNG-PoolService-9] LoggerLoad - Signed In user is in array page
[INFO ] 2024-10-30 17:17:40.404 [TestNG-PoolService-6] LoggerLoad - Signed In user is in array page
[INFO ] 2024-10-30 17:17:46.150 [TestNG-PoolService-7] LoggerLoad - In Hooks Class : Broswername = chrome
[INFO ] 2024-10-30 17:17:50.034 [TestNG-PoolService-7] LoggerLoad - Signed In user is in array page
[INFO ] 2024-10-30 17:17:53.082 [TestNG-PoolService-10] LoggerLoad - Valid and Invalid code are validated
[INFO ] 2024-10-30 17:17:54.054 [TestNG-PoolService-4] LoggerLoad - Valid and Invalid code are validated
[INFO ] 2024-10-30 17:17:54.206 [TestNG-PoolService-1] LoggerLoad - In Hooks Class : Broswername = chrome
[INFO ] 2024-10-30 17:17:55.094 [TestNG-PoolService-6] LoggerLoad - Valid and Invalid code are validated
[INFO ] 2024-10-30 17:17:55.745 [TestNG-PoolService-5] LoggerLoad - Valid and Invalid code are validated
[INFO ] 2024-10-30 17:17:56.362 [TestNG-PoolService-3] LoggerLoad - In Hooks Class : Broswername = chrome
[INFO ] 2024-10-30 17:17:56.459 [TestNG-PoolService-9] LoggerLoad - Valid and Invalid code are validated
[INFO ] 2024-10-30 17:17:57.970 [TestNG-PoolService-2] LoggerLoad - In Hooks Class : Broswername = chrome
[INFO ] 2024-10-30 17:18:08.361 [TestNG-PoolService-8] LoggerLoad - Valid and Invalid code are validated
[INFO ] 2024-10-30 17:18:08.364 [TestNG-PoolService-1] LoggerLoad - Signed In user is in array page
[INFO ] 2024-10-30 17:18:08.718 [TestNG-PoolService-10] LoggerLoad - In Hooks Class : Broswername = chrome
[INFO ] 2024-10-30 17:18:09.086 [TestNG-PoolService-7] LoggerLoad - Valid and Invalid code are validated
[INFO ] 2024-10-30 17:18:11.552 [TestNG-PoolService-3] LoggerLoad - Signed In user is in array page
[INFO ] 2024-10-30 17:18:11.803 [TestNG-PoolService-10] LoggerLoad - Signed In user is in array page
[INFO ] 2024-10-30 17:18:12.979 [TestNG-PoolService-2] LoggerLoad - Signed In user is in array page
[INFO ] 2024-10-30 17:18:14.013 [TestNG-PoolService-8] LoggerLoad - In Hooks Class : Broswername = chrome
[INFO ] 2024-10-30 17:18:14.327 [TestNG-PoolService-9] LoggerLoad - In Hooks Class : Broswername = chrome
[INFO ] 2024-10-30 17:18:19.908 [TestNG-PoolService-6] LoggerLoad - In Hooks Class : Broswername = chrome
[INFO ] 2024-10-30 17:18:20.491 [TestNG-PoolService-4] LoggerLoad - In Hooks Class : Broswername = chrome
[INFO ] 2024-10-30 17:18:21.931 [TestNG-PoolService-5] LoggerLoad - In Hooks Class : Broswername = chrome
[INFO ] 2024-10-30 17:18:21.980 [TestNG-PoolService-7] LoggerLoad - In Hooks Class : Broswername = chrome
[INFO ] 2024-10-30 17:18:23.169 [TestNG-PoolService-1] LoggerLoad - Valid and Invalid code are validated
[INFO ] 2024-10-30 17:18:24.257 [TestNG-PoolService-8] LoggerLoad - Signed In user is in array page
[INFO ] 2024-10-30 17:18:24.351 [TestNG-PoolService-6] LoggerLoad - Signed In user is in array page
[INFO ] 2024-10-30 17:18:24.686 [TestNG-PoolService-4] LoggerLoad - Signed In user is in array page
[INFO ] 2024-10-30 17:18:24.721 [TestNG-PoolService-9] LoggerLoad - Signed In user is in array page
[INFO ] 2024-10-30 17:18:26.282 [TestNG-PoolService-5] LoggerLoad - Signed In user is in array page
[INFO ] 2024-10-30 17:18:26.321 [TestNG-PoolService-7] LoggerLoad - Signed In user is in array page
[INFO ] 2024-10-30 17:18:34.451 [TestNG-PoolService-3] LoggerLoad - In Hooks Class : Broswername = chrome
[INFO ] 2024-10-30 17:18:36.192 [TestNG-PoolService-6] LoggerLoad - In Hooks Class : Broswername = chrome
[INFO ] 2024-10-30 17:18:36.193 [TestNG-PoolService-8] LoggerLoad - In Hooks Class : Broswername = chrome
[INFO ] 2024-10-30 17:18:36.196 [TestNG-PoolService-1] LoggerLoad - In Hooks Class : Broswername = chrome
[INFO ] 2024-10-30 17:18:36.226 [TestNG-PoolService-4] LoggerLoad - In Hooks Class : Broswername = chrome
[INFO ] 2024-10-30 17:18:37.868 [TestNG-PoolService-3] LoggerLoad - Signed In user is in array page
[INFO ] 2024-10-30 17:18:38.473 [TestNG-PoolService-2] LoggerLoad - In Hooks Class : Broswername = chrome
[INFO ] 2024-10-30 17:18:40.294 [TestNG-PoolService-10] LoggerLoad - In Hooks Class : Broswername = chrome
[INFO ] 2024-10-30 17:18:40.371 [TestNG-PoolService-5] LoggerLoad - In Hooks Class : Broswername = chrome
[INFO ] 2024-10-30 17:18:40.579 [TestNG-PoolService-7] LoggerLoad - In Hooks Class : Broswername = chrome
[INFO ] 2024-10-30 17:18:41.519 [TestNG-PoolService-1] LoggerLoad - Signed In user is in array page
[INFO ] 2024-10-30 17:18:42.136 [TestNG-PoolService-2] LoggerLoad - Signed In user is in array page
[INFO ] 2024-10-30 17:18:42.760 [TestNG-PoolService-9] LoggerLoad - In Hooks Class : Broswername = chrome
[INFO ] 2024-10-30 17:18:43.472 [TestNG-PoolService-4] LoggerLoad - Signed In user is in array page
[INFO ] 2024-10-30 17:18:44.291 [TestNG-PoolService-8] LoggerLoad - Signed In user is in array page
[INFO ] 2024-10-30 17:18:44.682 [TestNG-PoolService-6] LoggerLoad - Signed In user is in array page
[INFO ] 2024-10-30 17:18:44.835 [TestNG-PoolService-7] LoggerLoad - Signed In user is in array page
[INFO ] 2024-10-30 17:18:44.839 [TestNG-PoolService-10] LoggerLoad - Signed In user is in array page
[INFO ] 2024-10-30 17:18:45.002 [TestNG-PoolService-5] LoggerLoad - Signed In user is in array page
[INFO ] 2024-10-30 17:18:46.228 [TestNG-PoolService-9] LoggerLoad - Signed In user is in array page
[INFO ] 2024-10-30 17:18:57.474 [TestNG-PoolService-2] LoggerLoad - In Hooks Class : Broswername = chrome
[INFO ] 2024-10-30 17:18:58.993 [TestNG-PoolService-1] LoggerLoad - In Hooks Class : Broswername = chrome
[INFO ] 2024-10-30 17:18:59.029 [TestNG-PoolService-6] LoggerLoad - In Hooks Class : Broswername = chrome
[INFO ] 2024-10-30 17:19:00.607 [TestNG-PoolService-5] LoggerLoad - Valid and Invalid code are validated
[INFO ] 2024-10-30 17:19:00.635 [TestNG-PoolService-4] LoggerLoad - In Hooks Class : Broswername = chrome
[INFO ] 2024-10-30 17:19:00.860 [TestNG-PoolService-3] LoggerLoad - In Hooks Class : Broswername = chrome
[INFO ] 2024-10-30 17:19:01.633 [TestNG-PoolService-9] LoggerLoad - Valid and Invalid code are validated
[INFO ] 2024-10-30 17:19:02.063 [TestNG-PoolService-10] LoggerLoad - Valid and Invalid code are validated
[INFO ] 2024-10-30 17:19:03.127 [TestNG-PoolService-7] LoggerLoad - Valid and Invalid code are validated
[INFO ] 2024-10-30 17:19:03.996 [TestNG-PoolService-2] LoggerLoad - Signed In user is in array page
[INFO ] 2024-10-30 17:19:04.217 [TestNG-PoolService-1] LoggerLoad - Signed In user is in array page
[INFO ] 2024-10-30 17:19:04.315 [TestNG-PoolService-6] LoggerLoad - Signed In user is in array page
[INFO ] 2024-10-30 17:19:04.364 [TestNG-PoolService-8] LoggerLoad - In Hooks Class : Broswername = chrome
[INFO ] 2024-10-30 17:19:04.924 [TestNG-PoolService-4] LoggerLoad - Signed In user is in array page
[INFO ] 2024-10-30 17:19:05.225 [TestNG-PoolService-3] LoggerLoad - Signed In user is in array page
[INFO ] 2024-10-30 17:19:06.545 [TestNG-PoolService-8] LoggerLoad - Signed In user is in array page
[INFO ] 2024-10-30 17:19:09.618 [TestNG-PoolService-10] LoggerLoad - In Hooks Class : Broswername = chrome
[INFO ] 2024-10-30 17:19:11.123 [TestNG-PoolService-5] LoggerLoad - In Hooks Class : Broswername = chrome
[INFO ] 2024-10-30 17:19:12.086 [TestNG-PoolService-7] LoggerLoad - In Hooks Class : Broswername = chrome
[INFO ] 2024-10-30 17:19:12.799 [TestNG-PoolService-9] LoggerLoad - In Hooks Class : Broswername = chrome
[INFO ] 2024-10-30 17:19:15.384 [TestNG-PoolService-5] LoggerLoad - Signed In user is in array page
[INFO ] 2024-10-30 17:19:17.371 [TestNG-PoolService-9] LoggerLoad - Signed In user is in array page
[INFO ] 2024-10-30 17:19:17.743 [TestNG-PoolService-10] LoggerLoad - Signed In user is in array page
[INFO ] 2024-10-30 17:19:18.676 [TestNG-PoolService-7] LoggerLoad - Signed In user is in array page
[INFO ] 2024-10-30 17:19:22.155 [TestNG-PoolService-1] LoggerLoad - Valid and Invalid code are validated
[INFO ] 2024-10-30 17:19:22.359 [TestNG-PoolService-6] LoggerLoad - Valid and Invalid code are validated
[INFO ] 2024-10-30 17:19:22.709 [TestNG-PoolService-4] LoggerLoad - Valid and Invalid code are validated
[INFO ] 2024-10-30 17:19:22.876 [TestNG-PoolService-2] LoggerLoad - Valid and Invalid code are validated
[INFO ] 2024-10-30 17:19:23.224 [TestNG-PoolService-3] LoggerLoad - Valid and Invalid code are validated
[INFO ] 2024-10-30 17:19:23.327 [TestNG-PoolService-8] LoggerLoad - Valid and Invalid code are validated
[INFO ] 2024-10-30 17:19:27.219 [TestNG-PoolService-9] LoggerLoad - Valid and Invalid code are validated
[INFO ] 2024-10-30 17:19:28.105 [TestNG-PoolService-5] LoggerLoad - Valid and Invalid code are validated
[INFO ] 2024-10-30 17:19:29.322 [TestNG-PoolService-10] LoggerLoad - Valid and Invalid code are validated
[INFO ] 2024-10-30 17:19:30.889 [TestNG-PoolService-4] LoggerLoad - In Hooks Class : Broswername = chrome
[INFO ] 2024-10-30 17:19:30.920 [TestNG-PoolService-2] LoggerLoad - In Hooks Class : Broswername = chrome
[INFO ] 2024-10-30 17:19:31.897 [TestNG-PoolService-7] LoggerLoad - Valid and Invalid code are validated
[INFO ] 2024-10-30 17:19:32.959 [TestNG-PoolService-9] LoggerLoad - In Hooks Class : Broswername = chrome
[INFO ] 2024-10-30 17:19:33.928 [TestNG-PoolService-3] LoggerLoad - In Hooks Class : Broswername = chrome
[INFO ] 2024-10-30 17:19:35.575 [TestNG-PoolService-2] LoggerLoad - Signed In user is in array page
[INFO ] 2024-10-30 17:19:35.610 [TestNG-PoolService-4] LoggerLoad - Signed In user is in array page
[INFO ] 2024-10-30 17:19:35.875 [TestNG-PoolService-6] LoggerLoad - In Hooks Class : Broswername = chrome
[INFO ] 2024-10-30 17:19:36.089 [TestNG-PoolService-9] LoggerLoad - Signed In user is in array page
[INFO ] 2024-10-30 17:19:37.497 [TestNG-PoolService-6] LoggerLoad - Signed In user is in array page
[INFO ] 2024-10-30 17:19:37.570 [TestNG-PoolService-3] LoggerLoad - Signed In user is in array page
[INFO ] 2024-10-30 17:19:43.703 [TestNG-PoolService-1] LoggerLoad - In Hooks Class : Broswername = chrome
[INFO ] 2024-10-30 17:19:43.852 [TestNG-PoolService-7] LoggerLoad - In Hooks Class : Broswername = chrome
[INFO ] 2024-10-30 17:19:46.611 [TestNG-PoolService-7] LoggerLoad - Signed In user is in array page
[INFO ] 2024-10-30 17:19:46.618 [TestNG-PoolService-10] LoggerLoad - In Hooks Class : Broswername = chrome
[INFO ] 2024-10-30 17:19:47.017 [TestNG-PoolService-9] LoggerLoad - Valid and Invalid code are validated
[INFO ] 2024-10-30 17:19:47.078 [TestNG-PoolService-8] LoggerLoad - In Hooks Class : Broswername = chrome
[INFO ] 2024-10-30 17:19:48.151 [TestNG-PoolService-2] LoggerLoad - Valid and Invalid code are validated
[INFO ] 2024-10-30 17:19:48.657 [TestNG-PoolService-4] LoggerLoad - Valid and Invalid code are validated
[INFO ] 2024-10-30 17:19:49.500 [TestNG-PoolService-5] LoggerLoad - In Hooks Class : Broswername = chrome
[INFO ] 2024-10-30 17:19:50.108 [TestNG-PoolService-10] LoggerLoad - Signed In user is in array page
[INFO ] 2024-10-30 17:19:51.114 [TestNG-PoolService-1] LoggerLoad - Signed In user is in array page
[INFO ] 2024-10-30 17:19:53.661 [TestNG-PoolService-5] LoggerLoad - Signed In user is in array page
[INFO ] 2024-10-30 17:19:54.547 [TestNG-PoolService-3] LoggerLoad - Valid and Invalid code are validated
[INFO ] 2024-10-30 17:19:54.782 [TestNG-PoolService-8] LoggerLoad - Signed In user is in array page
[INFO ] 2024-10-30 17:19:55.112 [TestNG-PoolService-6] LoggerLoad - Valid and Invalid code are validated
[INFO ] 2024-10-30 17:19:57.882 [TestNG-PoolService-7] LoggerLoad - Valid and Invalid code are validated
[INFO ] 2024-10-30 17:20:01.228 [TestNG-PoolService-10] LoggerLoad - Valid and Invalid code are validated
[INFO ] 2024-10-30 17:20:03.535 [TestNG-PoolService-6] LoggerLoad - In Hooks Class : Broswername = chrome
[INFO ] 2024-10-30 17:20:04.429 [TestNG-PoolService-9] LoggerLoad - In Hooks Class : Broswername = chrome
[INFO ] 2024-10-30 17:20:06.012 [TestNG-PoolService-6] LoggerLoad - Signed In user is in array page
[INFO ] 2024-10-30 17:20:06.330 [TestNG-PoolService-1] LoggerLoad - Valid and Invalid code are validated
[INFO ] 2024-10-30 17:20:06.625 [TestNG-PoolService-8] LoggerLoad - Valid and Invalid code are validated
[INFO ] 2024-10-30 17:20:06.721 [TestNG-PoolService-5] LoggerLoad - Valid and Invalid code are validated
[INFO ] 2024-10-30 17:20:06.901 [TestNG-PoolService-9] LoggerLoad - Signed In user is in array page
[INFO ] 2024-10-30 17:20:13.759 [TestNG-PoolService-6] LoggerLoad - Valid and Invalid code are validated
[INFO ] 2024-10-30 17:20:14.269 [TestNG-PoolService-9] LoggerLoad - Valid and Invalid code are validated
